file,line_start,line_end,kind,name,exported,parent
scripts/create-release-manifest.mjs,5,5,VariableDeclaration,root,false,
scripts/create-release-manifest.mjs,6,6,VariableDeclaration,outputRelative,false,
scripts/create-release-manifest.mjs,9,9,VariableDeclaration,outputPath,false,
scripts/create-release-manifest.mjs,12,12,VariableDeclaration,forbiddenPath,false,
scripts/create-release-manifest.mjs,13,40,VariableDeclaration,allowedPath,false,
scripts/create-release-manifest.mjs,42,52,FunctionDeclaration,listFiles,false,
scripts/create-release-manifest.mjs,43,43,VariableDeclaration,files,false,listFiles
scripts/create-release-manifest.mjs,44,44,VariableDeclaration,entry,false,listFiles
scripts/create-release-manifest.mjs,45,45,VariableDeclaration,absolute,false,listFiles
scripts/create-release-manifest.mjs,54,56,FunctionDeclaration,sha256,false,
scripts/create-release-manifest.mjs,59,59,VariableDeclaration,files,false,
scripts/create-release-manifest.mjs,60,64,VariableDeclaration,entries,false,
scripts/create-release-manifest.mjs,61,61,VariableDeclaration,path,false,
scripts/create-release-manifest.mjs,66,66,VariableDeclaration,packageJson,false,
scripts/create-release-manifest.mjs,67,67,VariableDeclaration,packageLockPath,false,
scripts/create-release-manifest.mjs,68,77,VariableDeclaration,manifest,false,
scripts/generate-codebase-export.mjs,15,15,VariableDeclaration,repositoryRoot,false,
scripts/generate-codebase-export.mjs,16,16,VariableDeclaration,outputArgument,false,
scripts/generate-codebase-export.mjs,17,17,VariableDeclaration,outputRoot,false,
scripts/generate-codebase-export.mjs,18,18,VariableDeclaration,MAX_FILE_BYTES,false,
scripts/generate-codebase-export.mjs,19,19,VariableDeclaration,MAX_TOTAL_SNAPSHOT_BYTES,false,
scripts/generate-codebase-export.mjs,20,20,VariableDeclaration,MAX_CALL_ROWS,false,
scripts/generate-codebase-export.mjs,21,21,VariableDeclaration,MAX_SYMBOL_ROWS,false,
scripts/generate-codebase-export.mjs,27,27,VariableDeclaration,sourceRoots,false,
scripts/generate-codebase-export.mjs,28,28,VariableDeclaration,rootFiles,false,
scripts/generate-codebase-export.mjs,29,29,VariableDeclaration,sourceExtensions,false,
scripts/generate-codebase-export.mjs,30,30,VariableDeclaration,forbiddenPathPattern,false,
scripts/generate-codebase-export.mjs,31,36,VariableDeclaration,secretPatterns,false,
scripts/generate-codebase-export.mjs,38,44,FunctionDeclaration,readOption,false,
scripts/generate-codebase-export.mjs,39,39,VariableDeclaration,index,false,readOption
scripts/generate-codebase-export.mjs,41,41,VariableDeclaration,value,false,readOption
scripts/generate-codebase-export.mjs,46,48,FunctionDeclaration,isInside,false,
scripts/generate-codebase-export.mjs,50,54,FunctionDeclaration,relativePath,false,
scripts/generate-codebase-export.mjs,51,51,VariableDeclaration,path,false,relativePath
scripts/generate-codebase-export.mjs,56,60,FunctionDeclaration,ensureOutputPath,false,
scripts/generate-codebase-export.mjs,57,57,VariableDeclaration,absolute,false,ensureOutputPath
scripts/generate-codebase-export.mjs,62,67,FunctionDeclaration,ensureSafeRelativePath,false,
scripts/generate-codebase-export.mjs,63,63,VariableDeclaration,normalized,false,ensureSafeRelativePath
scripts/generate-codebase-export.mjs,69,95,FunctionDeclaration,collectFiles,false,
scripts/generate-codebase-export.mjs,70,70,VariableDeclaration,files,false,collectFiles
scripts/generate-codebase-export.mjs,71,84,VariableDeclaration,visit,false,collectFiles
scripts/generate-codebase-export.mjs,72,72,VariableDeclaration,entry,false,collectFiles
scripts/generate-codebase-export.mjs,76,76,VariableDeclaration,child,false,collectFiles
scripts/generate-codebase-export.mjs,80,80,VariableDeclaration,path,false,collectFiles
scripts/generate-codebase-export.mjs,86,86,VariableDeclaration,root,false,collectFiles
scripts/generate-codebase-export.mjs,87,87,VariableDeclaration,absolutePath,false,collectFiles
scripts/generate-codebase-export.mjs,90,90,VariableDeclaration,file,false,collectFiles
scripts/generate-codebase-export.mjs,91,91,VariableDeclaration,absolutePath,false,collectFiles
scripts/generate-codebase-export.mjs,97,105,FunctionDeclaration,readText,false,
scripts/generate-codebase-export.mjs,98,98,VariableDeclaration,content,false,readText
scripts/generate-codebase-export.mjs,100,100,VariableDeclaration,pattern,false,readText
scripts/generate-codebase-export.mjs,107,111,FunctionDeclaration,redactSensitiveIdentifiers,false,
scripts/generate-codebase-export.mjs,113,116,FunctionDeclaration,csvCell,false,
scripts/generate-codebase-export.mjs,114,114,VariableDeclaration,text,false,csvCell
scripts/generate-codebase-export.mjs,118,121,FunctionDeclaration,writeCsv,false,
scripts/generate-codebase-export.mjs,119,119,VariableDeclaration,lines,false,writeCsv
scripts/generate-codebase-export.mjs,123,127,FunctionDeclaration,writeText,false,
scripts/generate-codebase-export.mjs,124,124,VariableDeclaration,absolute,false,writeText
scripts/generate-codebase-export.mjs,129,131,FunctionDeclaration,writeJson,false,
scripts/generate-codebase-export.mjs,133,137,FunctionDeclaration,lineRange,false,
scripts/generate-codebase-export.mjs,134,134,VariableDeclaration,start,false,lineRange
scripts/generate-codebase-export.mjs,135,135,VariableDeclaration,end,false,lineRange
scripts/generate-codebase-export.mjs,139,143,FunctionDeclaration,nodeName,false,
scripts/generate-codebase-export.mjs,145,147,FunctionDeclaration,nodeKind,false,
scripts/generate-codebase-export.mjs,149,151,FunctionDeclaration,hasExportModifier,false,
scripts/generate-codebase-export.mjs,153,159,FunctionDeclaration,scriptKindFor,false,
scripts/generate-codebase-export.mjs,161,168,FunctionDeclaration,makeSourceFiles,false,
scripts/generate-codebase-export.mjs,170,174,FunctionDeclaration,sourceFilePath,false,
scripts/generate-codebase-export.mjs,171,171,VariableDeclaration,absolute,false,sourceFilePath
scripts/generate-codebase-export.mjs,176,180,FunctionDeclaration,getStringValue,false,
scripts/generate-codebase-export.mjs,182,186,FunctionDeclaration,getNumberValue,false,
scripts/generate-codebase-export.mjs,184,184,VariableDeclaration,value,false,getNumberValue
scripts/generate-codebase-export.mjs,188,195,FunctionDeclaration,getProperty,false,
scripts/generate-codebase-export.mjs,190,192,VariableDeclaration,propertyName,false,getProperty
scripts/generate-codebase-export.mjs,197,200,FunctionDeclaration,getStaticArray,false,
scripts/generate-codebase-export.mjs,202,222,FunctionDeclaration,findImportTarget,false,
scripts/generate-codebase-export.mjs,204,204,VariableDeclaration,absoluteBase,false,findImportTarget
scripts/generate-codebase-export.mjs,205,213,VariableDeclaration,candidates,false,findImportTarget
scripts/generate-codebase-export.mjs,214,214,VariableDeclaration,candidate,false,findImportTarget
scripts/generate-codebase-export.mjs,216,216,VariableDeclaration,path,false,findImportTarget
scripts/generate-codebase-export.mjs,224,235,FunctionDeclaration,importNames,false,
scripts/generate-codebase-export.mjs,225,225,VariableDeclaration,names,false,importNames
scripts/generate-codebase-export.mjs,227,227,VariableDeclaration,bindings,false,importNames
scripts/generate-codebase-export.mjs,230,230,VariableDeclaration,element,false,importNames
scripts/generate-codebase-export.mjs,237,283,FunctionDeclaration,buildSymbols,false,
scripts/generate-codebase-export.mjs,238,238,VariableDeclaration,rows,false,buildSymbols
scripts/generate-codebase-export.mjs,239,250,VariableDeclaration,declarationKinds,false,buildSymbols
scripts/generate-codebase-export.mjs,252,252,VariableDeclaration,{ sourceFile },false,buildSymbols
scripts/generate-codebase-export.mjs,253,253,VariableDeclaration,file,false,buildSymbols
scripts/generate-codebase-export.mjs,255,279,VariableDeclaration,visit,false,buildSymbols
scripts/generate-codebase-export.mjs,257,257,VariableDeclaration,name,false,buildSymbols
scripts/generate-codebase-export.mjs,259,259,VariableDeclaration,range,false,buildSymbols
scripts/generate-codebase-export.mjs,271,271,VariableDeclaration,name,false,buildSymbols
scripts/generate-codebase-export.mjs,272,277,VariableDeclaration,nextParent,false,buildSymbols
scripts/generate-codebase-export.mjs,285,298,FunctionDeclaration,buildImports,false,
scripts/generate-codebase-export.mjs,286,286,VariableDeclaration,rows,false,buildImports
scripts/generate-codebase-export.mjs,287,287,VariableDeclaration,{ sourceFile },false,buildImports
scripts/generate-codebase-export.mjs,288,288,VariableDeclaration,file,false,buildImports
scripts/generate-codebase-export.mjs,290,290,VariableDeclaration,statement,false,buildImports
scripts/generate-codebase-export.mjs,292,292,VariableDeclaration,specifier,false,buildImports
scripts/generate-codebase-export.mjs,293,293,VariableDeclaration,range,false,buildImports
scripts/generate-codebase-export.mjs,300,330,FunctionDeclaration,buildDeclaredSymbolIndex,false,
scripts/generate-codebase-export.mjs,301,301,VariableDeclaration,index,false,buildDeclaredSymbolIndex
scripts/generate-codebase-export.mjs,302,312,VariableDeclaration,declarationKinds,false,buildDeclaredSymbolIndex
scripts/generate-codebase-export.mjs,313,313,VariableDeclaration,{ sourceFile },false,buildDeclaredSymbolIndex
scripts/generate-codebase-export.mjs,314,314,VariableDeclaration,file,false,buildDeclaredSymbolIndex
scripts/generate-codebase-export.mjs,316,326,VariableDeclaration,visit,false,buildDeclaredSymbolIndex
scripts/generate-codebase-export.mjs,318,318,VariableDeclaration,name,false,buildDeclaredSymbolIndex
scripts/generate-codebase-export.mjs,320,320,VariableDeclaration,candidates,false,buildDeclaredSymbolIndex
scripts/generate-codebase-export.mjs,332,341,FunctionDeclaration,resolveStaticCall,false,
scripts/generate-codebase-export.mjs,333,337,VariableDeclaration,name,false,resolveStaticCall
scripts/generate-codebase-export.mjs,339,339,VariableDeclaration,candidates,false,resolveStaticCall
scripts/generate-codebase-export.mjs,343,374,FunctionDeclaration,buildCalls,false,
scripts/generate-codebase-export.mjs,344,344,VariableDeclaration,symbolIndex,false,buildCalls
scripts/generate-codebase-export.mjs,345,345,VariableDeclaration,rows,false,buildCalls
scripts/generate-codebase-export.mjs,346,346,VariableDeclaration,{ sourceFile },false,buildCalls
scripts/generate-codebase-export.mjs,347,347,VariableDeclaration,file,false,buildCalls
scripts/generate-codebase-export.mjs,349,370,VariableDeclaration,visit,false,buildCalls
scripts/generate-codebase-export.mjs,350,350,VariableDeclaration,nextCaller,false,buildCalls
scripts/generate-codebase-export.mjs,355,355,VariableDeclaration,expression,false,buildCalls
scripts/generate-codebase-export.mjs,356,356,VariableDeclaration,target,false,buildCalls
scripts/generate-codebase-export.mjs,357,357,VariableDeclaration,range,false,buildCalls
scripts/generate-codebase-export.mjs,376,402,FunctionDeclaration,buildCommands,false,
scripts/generate-codebase-export.mjs,377,377,VariableDeclaration,rows,false,buildCommands
scripts/generate-codebase-export.mjs,378,378,VariableDeclaration,{ sourceFile },false,buildCommands
scripts/generate-codebase-export.mjs,379,379,VariableDeclaration,file,false,buildCommands
scripts/generate-codebase-export.mjs,381,398,VariableDeclaration,visit,false,buildCommands
scripts/generate-codebase-export.mjs,383,383,VariableDeclaration,argument,false,buildCommands
scripts/generate-codebase-export.mjs,385,385,VariableDeclaration,name,false,buildCommands
scripts/generate-codebase-export.mjs,387,387,VariableDeclaration,aliases,false,buildCommands
scripts/generate-codebase-export.mjs,388,388,VariableDeclaration,description,false,buildCommands
scripts/generate-codebase-export.mjs,389,389,VariableDeclaration,category,false,buildCommands
scripts/generate-codebase-export.mjs,390,390,VariableDeclaration,permission,false,buildCommands
scripts/generate-codebase-export.mjs,391,391,VariableDeclaration,cooldown,false,buildCommands
scripts/generate-codebase-export.mjs,392,392,VariableDeclaration,range,false,buildCommands
scripts/generate-codebase-export.mjs,404,427,FunctionDeclaration,buildServices,false,
scripts/generate-codebase-export.mjs,405,405,VariableDeclaration,rows,false,buildServices
scripts/generate-codebase-export.mjs,406,406,VariableDeclaration,{ sourceFile },false,buildServices
scripts/generate-codebase-export.mjs,407,407,VariableDeclaration,file,false,buildServices
scripts/generate-codebase-export.mjs,409,423,VariableDeclaration,visit,false,buildServices
scripts/generate-codebase-export.mjs,411,411,VariableDeclaration,registration,false,buildServices
scripts/generate-codebase-export.mjs,413,413,VariableDeclaration,argument,false,buildServices
scripts/generate-codebase-export.mjs,414,414,VariableDeclaration,expression,false,buildServices
scripts/generate-codebase-export.mjs,415,417,VariableDeclaration,name,false,buildServices
scripts/generate-codebase-export.mjs,418,418,VariableDeclaration,range,false,buildServices
scripts/generate-codebase-export.mjs,429,448,FunctionDeclaration,buildConfigCatalog,false,
scripts/generate-codebase-export.mjs,430,430,VariableDeclaration,record,false,buildConfigCatalog
scripts/generate-codebase-export.mjs,432,432,VariableDeclaration,rows,false,buildConfigCatalog
scripts/generate-codebase-export.mjs,433,433,VariableDeclaration,lines,false,buildConfigCatalog
scripts/generate-codebase-export.mjs,434,434,VariableDeclaration,"[index, line]",false,buildConfigCatalog
scripts/generate-codebase-export.mjs,435,435,VariableDeclaration,match,false,buildConfigCatalog
scripts/generate-codebase-export.mjs,437,437,VariableDeclaration,"[, name, schema]",false,buildConfigCatalog
scripts/generate-codebase-export.mjs,438,438,VariableDeclaration,defaultMatch,false,buildConfigCatalog
scripts/generate-codebase-export.mjs,450,459,FunctionDeclaration,buildDependencies,false,
scripts/generate-codebase-export.mjs,451,451,VariableDeclaration,record,false,buildDependencies
scripts/generate-codebase-export.mjs,453,453,VariableDeclaration,packageJson,false,buildDependencies
scripts/generate-codebase-export.mjs,454,454,VariableDeclaration,rows,false,buildDependencies
scripts/generate-codebase-export.mjs,455,455,VariableDeclaration,"[scope, dependencies]",false,buildDependencies
scripts/generate-codebase-export.mjs,456,456,VariableDeclaration,"[name, version]",false,buildDependencies
scripts/generate-codebase-export.mjs,461,473,FunctionDeclaration,buildTests,false,
scripts/generate-codebase-export.mjs,462,462,VariableDeclaration,rows,false,buildTests
scripts/generate-codebase-export.mjs,463,463,VariableDeclaration,record,false,buildTests
scripts/generate-codebase-export.mjs,464,464,VariableDeclaration,content,false,buildTests
scripts/generate-codebase-export.mjs,465,465,VariableDeclaration,pattern,false,buildTests
scripts/generate-codebase-export.mjs,466,466,VariableDeclaration,match,false,buildTests
scripts/generate-codebase-export.mjs,468,468,VariableDeclaration,line,false,buildTests
scripts/generate-codebase-export.mjs,475,479,FunctionDeclaration,buildFeatureFlags,false,
scripts/generate-codebase-export.mjs,481,501,FunctionDeclaration,buildDataFlow,false,
scripts/generate-codebase-export.mjs,482,482,VariableDeclaration,files,false,buildDataFlow
scripts/generate-codebase-export.mjs,483,483,VariableDeclaration,rows,false,buildDataFlow
scripts/generate-codebase-export.mjs,484,486,VariableDeclaration,add,false,buildDataFlow
scripts/generate-codebase-export.mjs,495,495,VariableDeclaration,"[from, to]",false,buildDataFlow
scripts/generate-codebase-export.mjs,499,499,VariableDeclaration,"[file, kind, name]",false,buildDataFlow
scripts/generate-codebase-export.mjs,503,509,FunctionDeclaration,gitCommitSha,false,
scripts/generate-codebase-export.mjs,511,517,FunctionDeclaration,gitCommitTimestamp,false,
scripts/generate-codebase-export.mjs,519,531,FunctionDeclaration,listOutputFiles,false,
scripts/generate-codebase-export.mjs,520,520,VariableDeclaration,files,false,listOutputFiles
scripts/generate-codebase-export.mjs,521,528,VariableDeclaration,visit,false,listOutputFiles
scripts/generate-codebase-export.mjs,522,522,VariableDeclaration,entry,false,listOutputFiles
scripts/generate-codebase-export.mjs,524,524,VariableDeclaration,child,false,listOutputFiles
scripts/generate-codebase-export.mjs,533,535,FunctionDeclaration,sha256,false,
scripts/generate-codebase-export.mjs,537,556,FunctionDeclaration,writeManifest,false,
scripts/generate-codebase-export.mjs,538,538,VariableDeclaration,outputFiles,false,writeManifest
scripts/generate-codebase-export.mjs,539,543,VariableDeclaration,files,false,writeManifest
scripts/generate-codebase-export.mjs,554,554,VariableDeclaration,checksumPaths,false,writeManifest
scripts/generate-codebase-export.mjs,558,566,FunctionDeclaration,writeOverview,false,
scripts/generate-codebase-export.mjs,568,568,VariableDeclaration,sourceCommitSha,false,
scripts/generate-codebase-export.mjs,571,571,VariableDeclaration,records,false,
scripts/generate-codebase-export.mjs,572,572,VariableDeclaration,contents,false,
scripts/generate-codebase-export.mjs,573,573,VariableDeclaration,totalSnapshotBytes,false,
scripts/generate-codebase-export.mjs,578,578,VariableDeclaration,record,false,
scripts/generate-codebase-export.mjs,580,580,VariableDeclaration,analysedFiles,false,
scripts/generate-codebase-export.mjs,581,581,VariableDeclaration,fileByPath,false,
scripts/generate-codebase-export.mjs,582,582,VariableDeclaration,importRows,false,
scripts/generate-codebase-export.mjs,583,583,VariableDeclaration,symbolRows,false,
scripts/generate-codebase-export.mjs,584,584,VariableDeclaration,callRows,false,
scripts/generate-codebase-export.mjs,585,585,VariableDeclaration,commandRows,false,
scripts/generate-codebase-export.mjs,586,586,VariableDeclaration,serviceRows,false,
scripts/generate-codebase-export.mjs,587,587,VariableDeclaration,configRows,false,
scripts/generate-codebase-export.mjs,588,588,VariableDeclaration,dependencyRows,false,
scripts/generate-codebase-export.mjs,589,589,VariableDeclaration,testRows,false,
scripts/generate-codebase-export.mjs,590,590,VariableDeclaration,featureFlagRows,false,
scripts/generate-codebase-export.mjs,591,591,VariableDeclaration,dataFlowRows,false,
scripts/generate-codebase-export.mjs,611,623,VariableDeclaration,counts,false,
scripts/generate-codebase-export.mjs,624,624,VariableDeclaration,commitTimestamp,false,
scripts/verify-platform.mjs,6,6,VariableDeclaration,root,false,
scripts/verify-platform.mjs,7,7,VariableDeclaration,sourceDir,false,
scripts/verify-platform.mjs,8,8,VariableDeclaration,distDir,false,
scripts/verify-platform.mjs,10,10,VariableDeclaration,file,false,
scripts/verify-platform.mjs,11,11,VariableDeclaration,distFile,false,
scripts/verify-platform.mjs,15,15,VariableDeclaration,trackedAndUntracked,false,
scripts/verify-platform.mjs,16,16,VariableDeclaration,sensitivePattern,false,
scripts/verify-platform.mjs,17,17,VariableDeclaration,sensitiveFiles,false,
src/ai-handler.ts,3,3,VariableDeclaration,XKIRO_BASE_URL,false,
src/ai-handler.ts,4,4,VariableDeclaration,PRIMARY_MODEL,false,
src/ai-handler.ts,5,5,VariableDeclaration,FALLBACK_MODEL,false,
src/ai-handler.ts,6,6,VariableDeclaration,MAX_AI_INPUT_LENGTH,false,
src/ai-handler.ts,7,7,VariableDeclaration,MAX_AI_OUTPUT_LENGTH,false,
src/ai-handler.ts,8,8,VariableDeclaration,AI_REQUEST_TIMEOUT_MS,false,
src/ai-handler.ts,10,19,VariableDeclaration,AI_SYSTEM_PROMPT,false,
src/ai-handler.ts,21,21,TypeAliasDeclaration,AiAttempt,false,
src/ai-handler.ts,23,26,TypeAliasDeclaration,CompletionRequest,false,
src/ai-handler.ts,28,30,TypeAliasDeclaration,CompletionResponse,false,
src/ai-handler.ts,32,32,TypeAliasDeclaration,AiTransport,true,
src/ai-handler.ts,34,36,InterfaceDeclaration,AiLogger,true,
src/ai-handler.ts,38,43,InterfaceDeclaration,AiHandlerOptions,true,
src/ai-handler.ts,45,45,TypeAliasDeclaration,AiErrorCode,true,
src/ai-handler.ts,47,52,ClassDeclaration,AiHandlerError,true,
src/ai-handler.ts,54,56,FunctionDeclaration,normalizeInput,false,
src/ai-handler.ts,58,62,FunctionDeclaration,boundedOutput,false,
src/ai-handler.ts,59,59,VariableDeclaration,normalized,false,boundedOutput
src/ai-handler.ts,64,66,FunctionDeclaration,safeErrorName,false,
src/ai-handler.ts,68,72,FunctionDeclaration,safeErrorStatus,false,
src/ai-handler.ts,70,70,VariableDeclaration,status,false,safeErrorStatus
src/ai-handler.ts,74,93,FunctionDeclaration,createXkiroTransport,false,
src/ai-handler.ts,75,80,VariableDeclaration,client,false,createXkiroTransport
src/ai-handler.ts,83,90,VariableDeclaration,response,false,createXkiroTransport
src/ai-handler.ts,95,130,FunctionDeclaration,createAiHandler,true,
src/ai-handler.ts,96,96,VariableDeclaration,configuredKey,false,createAiHandler
src/ai-handler.ts,97,97,VariableDeclaration,apiKey,false,createAiHandler
src/ai-handler.ts,98,98,VariableDeclaration,transport,false,createAiHandler
src/ai-handler.ts,99,99,VariableDeclaration,fallbackEnabled,false,createAiHandler
src/ai-handler.ts,102,102,VariableDeclaration,input,false,createAiHandler
src/ai-handler.ts,109,109,VariableDeclaration,primaryError,false,createAiHandler
src/ai-handler.ts,111,111,VariableDeclaration,primary,false,createAiHandler
src/ai-handler.ts,114,114,VariableDeclaration,error,false,createAiHandler
src/ai-handler.ts,122,122,VariableDeclaration,fallback,false,createAiHandler
src/ai-handler.ts,125,125,VariableDeclaration,fallbackError,false,createAiHandler
src/ai-handler.ts,132,132,VariableDeclaration,chatXkiro,false,
src/config.ts,4,7,VariableDeclaration,booleanFromEnv,false,
src/config.ts,9,13,VariableDeclaration,positiveInt,false,
src/config.ts,15,21,FunctionDeclaration,boundedInt,false,
src/config.ts,23,66,VariableDeclaration,envSchema,false,
src/config.ts,68,68,TypeAliasDeclaration,AppConfig,true,
src/config.ts,70,96,FunctionDeclaration,loadConfig,true,
src/config.ts,71,71,VariableDeclaration,parsed,false,loadConfig
src/config.ts,73,75,VariableDeclaration,details,false,loadConfig
src/config.ts,98,127,FunctionDeclaration,publicConfig,true,
src/errors.ts,1,9,TypeAliasDeclaration,ErrorCategory,true,
src/errors.ts,11,27,ClassDeclaration,AllybotError,true,
src/errors.ts,24,26,GetAccessor,retryable,false,AllybotError
src/errors.ts,29,32,FunctionDeclaration,errorMessage,true,
src/errors.ts,34,38,FunctionDeclaration,statusCodeFromError,true,
src/errors.ts,36,36,VariableDeclaration,output,false,statusCodeFromError
src/framework/application.ts,20,24,InterfaceDeclaration,ApplicationOptions,true,
src/framework/application.ts,26,132,ClassDeclaration,ApplicationFramework,true,
src/framework/application.ts,58,60,GetAccessor,state,false,ApplicationFramework
src/framework/application.ts,62,65,MethodDeclaration,registerService,false,ApplicationFramework
src/framework/application.ts,67,70,MethodDeclaration,registerPlugin,false,ApplicationFramework
src/framework/application.ts,72,92,MethodDeclaration,start,false,ApplicationFramework
src/framework/application.ts,84,84,VariableDeclaration,readyAt,false,start
src/framework/application.ts,87,87,VariableDeclaration,error,false,start
src/framework/application.ts,94,102,MethodDeclaration,stop,false,ApplicationFramework
src/framework/application.ts,97,97,VariableDeclaration,unbind,false,stop
src/framework/application.ts,104,125,MethodDeclaration,bindCoreEvents,false,ApplicationFramework
src/framework/application.ts,113,113,VariableDeclaration,gateResult,false,bindCoreEvents
src/framework/application.ts,127,131,MethodDeclaration,cleanupAfterFailedStart,false,ApplicationFramework
src/framework/application.ts,128,128,VariableDeclaration,unbind,false,cleanupAfterFailedStart
src/framework/buttons.ts,11,13,InterfaceDeclaration,ButtonCapabilities,true,
src/framework/buttons.ts,15,18,InterfaceDeclaration,NativeQuickReplyButton,true,
src/framework/buttons.ts,20,25,InterfaceDeclaration,NativeQuickReplyPayload,true,
src/framework/buttons.ts,27,29,InterfaceDeclaration,NativeQuickReplyTransport,true,
src/framework/buttons.ts,31,33,TypeAliasDeclaration,ButtonRenderResult,true,
src/framework/buttons.ts,35,40,InterfaceDeclaration,ButtonInteractionOptions,true,
src/framework/buttons.ts,42,99,ClassDeclaration,CapabilityAwareButtonAdapter,true,
src/framework/buttons.ts,60,77,MethodDeclaration,render,false,CapabilityAwareButtonAdapter
src/framework/buttons.ts,61,61,VariableDeclaration,activeItems,false,render
src/framework/buttons.ts,62,65,VariableDeclaration,nativeSupported,false,render
src/framework/buttons.ts,79,98,MethodDeclaration,parseSelection,false,CapabilityAwareButtonAdapter
src/framework/buttons.ts,80,80,VariableDeclaration,buttonId,false,parseSelection
src/framework/buttons.ts,82,82,VariableDeclaration,item,false,parseSelection
src/framework/buttons.ts,85,85,VariableDeclaration,actorJid,false,parseSelection
src/framework/buttons.ts,86,94,VariableDeclaration,context,false,parseSelection
src/framework/buttons.ts,101,103,FunctionDeclaration,isSafeButtonId,false,
src/framework/command-copy.ts,3,104,VariableDeclaration,COMMAND_COPY,false,
src/framework/command-copy.ts,106,108,FunctionDeclaration,commandDescription,true,
src/framework/command-registry.ts,23,25,FunctionDeclaration,normalizeName,false,
src/framework/command-registry.ts,27,126,ClassDeclaration,CommandRegistry,true,
src/framework/command-registry.ts,49,67,MethodDeclaration,register,false,CommandRegistry
src/framework/command-registry.ts,50,50,VariableDeclaration,name,false,register
src/framework/command-registry.ts,54,54,VariableDeclaration,aliases,false,register
src/framework/command-registry.ts,55,55,VariableDeclaration,names,false,register
src/framework/command-registry.ts,57,57,VariableDeclaration,candidate,false,register
src/framework/command-registry.ts,60,60,VariableDeclaration,normalized,false,register
src/framework/command-registry.ts,61,61,VariableDeclaration,candidate,false,register
src/framework/command-registry.ts,63,63,VariableDeclaration,candidate,false,register
src/framework/command-registry.ts,69,71,MethodDeclaration,get,false,CommandRegistry
src/framework/command-registry.ts,73,75,MethodDeclaration,list,false,CommandRegistry
src/framework/command-registry.ts,77,125,MethodDeclaration,dispatch,false,CommandRegistry
src/framework/command-registry.ts,79,79,VariableDeclaration,text,false,dispatch
src/framework/command-registry.ts,80,80,VariableDeclaration,prefix,false,dispatch
src/framework/command-registry.ts,81,83,VariableDeclaration,inputPrefix,false,dispatch
src/framework/command-registry.ts,85,85,VariableDeclaration,body,false,dispatch
src/framework/command-registry.ts,88,88,VariableDeclaration,"[token, ...args]",false,dispatch
src/framework/command-registry.ts,89,89,VariableDeclaration,command,false,dispatch
src/framework/command-registry.ts,92,92,VariableDeclaration,replyDelivered,false,dispatch
src/framework/command-registry.ts,93,106,VariableDeclaration,context,false,dispatch
src/framework/command-registry.ts,112,112,VariableDeclaration,error,false,dispatch
src/framework/command-registry.ts,117,117,VariableDeclaration,fallbackError,false,dispatch
src/framework/contracts.ts,3,10,TypeAliasDeclaration,CoreConnectionStatus,true,
src/framework/contracts.ts,12,12,TypeAliasDeclaration,CoreMediaKind,true,
src/framework/contracts.ts,13,21,InterfaceDeclaration,CoreMediaDescriptor,true,
src/framework/contracts.ts,22,40,InterfaceDeclaration,CoreMessage,true,
src/framework/contracts.ts,42,46,InterfaceDeclaration,CoreConnectionState,true,
src/framework/contracts.ts,48,48,TypeAliasDeclaration,GroupParticipantAction,true,
src/framework/contracts.ts,49,49,TypeAliasDeclaration,GroupModerationAction,true,
src/framework/contracts.ts,50,50,TypeAliasDeclaration,GroupSettingValue,true,
src/framework/contracts.ts,52,55,InterfaceDeclaration,WhatsAppGroupParticipantActionResult,true,
src/framework/contracts.ts,57,63,InterfaceDeclaration,CoreGroupParticipantUpdate,true,
src/framework/contracts.ts,65,67,InterfaceDeclaration,WhatsAppSendOptions,true,
src/framework/contracts.ts,68,68,TypeAliasDeclaration,WhatsAppMediaSource,true,
src/framework/contracts.ts,69,72,InterfaceDeclaration,WhatsAppMediaLimits,true,
src/framework/contracts.ts,73,82,InterfaceDeclaration,WhatsAppMediaPayload,true,
src/framework/contracts.ts,84,88,InterfaceDeclaration,WhatsAppPollOptions,true,
src/framework/contracts.ts,90,90,TypeAliasDeclaration,GroupParticipantRole,true,
src/framework/contracts.ts,92,95,InterfaceDeclaration,WhatsAppGroupParticipant,true,
src/framework/contracts.ts,97,100,InterfaceDeclaration,WhatsAppGroupSummary,true,
src/framework/contracts.ts,102,108,InterfaceDeclaration,WhatsAppGroupMetadata,true,
src/framework/contracts.ts,110,114,InterfaceDeclaration,RuntimeCacheClearResult,true,
src/framework/contracts.ts,116,161,InterfaceDeclaration,WhatsAppPort,true,
src/framework/contracts.ts,163,175,InterfaceDeclaration,FrameworkConfig,true,
src/framework/contracts.ts,177,187,InterfaceDeclaration,CommandContext,true,
src/framework/contracts.ts,189,200,InterfaceDeclaration,CommandDefinition,true,
src/framework/contracts.ts,202,205,InterfaceDeclaration,MiddlewareContext,true,
src/framework/contracts.ts,207,210,TypeAliasDeclaration,CommandMiddleware,true,
src/framework/contracts.ts,212,217,InterfaceDeclaration,CommandRegistryLike,true,
src/framework/contracts.ts,219,230,InterfaceDeclaration,EventMap,true,
src/framework/contracts.ts,232,232,TypeAliasDeclaration,EventName,true,
src/framework/contracts.ts,233,235,TypeAliasDeclaration,EventListener,true,
src/framework/contracts.ts,237,240,InterfaceDeclaration,EventBusLike,true,
src/framework/contracts.ts,242,246,InterfaceDeclaration,ServiceContext,true,
src/framework/contracts.ts,248,253,InterfaceDeclaration,Service,true,
src/framework/contracts.ts,255,262,InterfaceDeclaration,ServiceRegistryLike,true,
src/framework/contracts.ts,264,268,TypeAliasDeclaration,CommandPrefixResolver,true,
src/framework/contracts.ts,270,273,InterfaceDeclaration,MessageGateResult,true,
src/framework/contracts.ts,275,275,TypeAliasDeclaration,MessageGate,true,
src/framework/contracts.ts,277,281,InterfaceDeclaration,MessageGateRegistryLike,true,
src/framework/contracts.ts,283,290,InterfaceDeclaration,PluginContext,true,
src/framework/contracts.ts,292,300,InterfaceDeclaration,Plugin,true,
src/framework/contracts.ts,302,307,InterfaceDeclaration,FrameworkState,true,
src/framework/contracts.ts,309,309,TypeAliasDeclaration,FeatureScope,true,
src/framework/contracts.ts,311,313,InterfaceDeclaration,PlatformClock,true,
src/framework/contracts.ts,315,320,InterfaceDeclaration,PermissionRequest,true,
src/framework/contracts.ts,322,326,InterfaceDeclaration,PermissionDecision,true,
src/framework/contracts.ts,328,330,InterfaceDeclaration,PermissionPort,true,
src/framework/contracts.ts,332,344,TypeAliasDeclaration,PlatformEventName,true,
src/framework/contracts.ts,346,350,InterfaceDeclaration,PlatformEvent,true,
src/framework/contracts.ts,352,354,InterfaceDeclaration,PlatformEventSink,true,
src/framework/contracts.ts,356,356,TypeAliasDeclaration,InteractionKind,true,
src/framework/contracts.ts,357,357,TypeAliasDeclaration,InteractionItemAvailability,true,
src/framework/contracts.ts,359,364,InterfaceDeclaration,InteractionItem,true,
src/framework/contracts.ts,366,375,InterfaceDeclaration,InteractionMenu,true,
src/framework/contracts.ts,377,385,InterfaceDeclaration,InteractionContext,true,
src/framework/contracts.ts,387,391,InterfaceDeclaration,InteractionSelection,true,
src/framework/contracts.ts,393,400,InterfaceDeclaration,InteractionMessage,true,
src/framework/contracts.ts,402,405,InterfaceDeclaration,InteractionPort,true,
src/framework/event-bus.ts,4,31,ClassDeclaration,EventBus,true,
src/framework/event-bus.ts,9,14,MethodDeclaration,on,false,EventBus
src/framework/event-bus.ts,10,10,VariableDeclaration,bucket,false,on
src/framework/event-bus.ts,16,30,MethodDeclaration,emit,false,EventBus
src/framework/event-bus.ts,17,17,VariableDeclaration,bucket,false,emit
src/framework/event-bus.ts,20,22,VariableDeclaration,results,false,emit
src/framework/event-bus.ts,23,23,VariableDeclaration,result,false,emit
src/framework/group-setup.ts,7,7,VariableDeclaration,GROUP_SETUP_MISSION_ID,false,
src/framework/group-setup.ts,9,18,InterfaceDeclaration,GroupSetupDraft,true,
src/framework/group-setup.ts,20,22,InterfaceDeclaration,GroupSetupGateway,true,
src/framework/group-setup.ts,24,97,FunctionDeclaration,createGroupSetupMissionDefinition,true,
src/framework/group-setup.ts,25,30,VariableDeclaration,next,false,createGroupSetupMissionDefinition
src/framework/group-setup.ts,39,39,VariableDeclaration,value,false,createGroupSetupMissionDefinition
src/framework/group-setup.ts,46,46,VariableDeclaration,value,false,createGroupSetupMissionDefinition
src/framework/group-setup.ts,53,53,VariableDeclaration,value,false,createGroupSetupMissionDefinition
src/framework/group-setup.ts,60,60,VariableDeclaration,normalized,false,createGroupSetupMissionDefinition
src/framework/group-setup.ts,68,68,VariableDeclaration,normalized,false,createGroupSetupMissionDefinition
src/framework/group-setup.ts,76,76,VariableDeclaration,normalized,false,createGroupSetupMissionDefinition
src/framework/group-setup.ts,84,84,VariableDeclaration,normalized,false,createGroupSetupMissionDefinition
src/framework/group-setup.ts,99,105,FunctionDeclaration,optionalValue,false,
src/framework/group-setup.ts,100,100,VariableDeclaration,normalized,false,optionalValue
src/framework/group-setup.ts,107,109,FunctionDeclaration,textResponse,false,
src/framework/group-setup.ts,111,113,FunctionDeclaration,stay,false,
src/framework/group-setup.ts,115,128,FunctionDeclaration,renderReview,false,
src/framework/group-setup.ts,116,126,VariableDeclaration,rows,false,renderReview
src/framework/group-setup.ts,130,138,FunctionDeclaration,isValidTimezone,false,
src/framework/guardrails.ts,4,4,TypeAliasDeclaration,GuardrailScope,true,
src/framework/guardrails.ts,5,5,TypeAliasDeclaration,GuardrailOutcome,true,
src/framework/guardrails.ts,6,6,TypeAliasDeclaration,ProviderCircuitState,true,
src/framework/guardrails.ts,8,8,VariableDeclaration,MAX_IDENTIFIER_LENGTH,false,
src/framework/guardrails.ts,9,9,VariableDeclaration,MAX_DESCRIPTION_LENGTH,false,
src/framework/guardrails.ts,10,10,VariableDeclaration,MAX_AUDIT_METADATA_KEYS,false,
src/framework/guardrails.ts,11,11,VariableDeclaration,MAX_AUDIT_STRING_LENGTH,false,
src/framework/guardrails.ts,12,12,VariableDeclaration,MAX_CORRELATION_ID_LENGTH,false,
src/framework/guardrails.ts,13,13,VariableDeclaration,FORBIDDEN_AUDIT_KEY,false,
src/framework/guardrails.ts,14,14,VariableDeclaration,SECRET_LIKE_VALUE,false,
src/framework/guardrails.ts,16,25,InterfaceDeclaration,GuardrailPolicyDefinition,true,
src/framework/guardrails.ts,27,31,InterfaceDeclaration,GuardrailPolicyRequest,true,
src/framework/guardrails.ts,33,40,InterfaceDeclaration,GuardrailDecision,true,
src/framework/guardrails.ts,42,79,ClassDeclaration,GuardrailPolicyRegistry,true,
src/framework/guardrails.ts,45,53,MethodDeclaration,register,false,GuardrailPolicyRegistry
src/framework/guardrails.ts,48,48,VariableDeclaration,normalized,false,register
src/framework/guardrails.ts,55,57,MethodDeclaration,get,false,GuardrailPolicyRegistry
src/framework/guardrails.ts,59,61,MethodDeclaration,list,false,GuardrailPolicyRegistry
src/framework/guardrails.ts,63,78,MethodDeclaration,evaluate,false,GuardrailPolicyRegistry
src/framework/guardrails.ts,65,65,VariableDeclaration,policy,false,evaluate
src/framework/guardrails.ts,81,90,FunctionDeclaration,deniedPolicy,false,
src/framework/guardrails.ts,92,101,InterfaceDeclaration,SafeActionDefinition,true,
src/framework/guardrails.ts,103,124,ClassDeclaration,SafeActionRegistry,true,
src/framework/guardrails.ts,106,114,MethodDeclaration,register,false,SafeActionRegistry
src/framework/guardrails.ts,109,109,VariableDeclaration,normalized,false,register
src/framework/guardrails.ts,116,119,MethodDeclaration,get,false,SafeActionRegistry
src/framework/guardrails.ts,117,117,VariableDeclaration,action,false,get
src/framework/guardrails.ts,121,123,MethodDeclaration,list,false,SafeActionRegistry
src/framework/guardrails.ts,126,130,InterfaceDeclaration,RateLimitProfile,true,
src/framework/guardrails.ts,132,140,InterfaceDeclaration,RateLimitDecision,true,
src/framework/guardrails.ts,142,145,InterfaceDeclaration,RateWindow,false,
src/framework/guardrails.ts,147,150,InterfaceDeclaration,FixedWindowRateLimiterOptions,true,
src/framework/guardrails.ts,152,214,ClassDeclaration,FixedWindowRateLimiter,true,
src/framework/guardrails.ts,164,171,MethodDeclaration,registerProfile,false,FixedWindowRateLimiter
src/framework/guardrails.ts,173,175,MethodDeclaration,getProfile,false,FixedWindowRateLimiter
src/framework/guardrails.ts,177,201,MethodDeclaration,consume,false,FixedWindowRateLimiter
src/framework/guardrails.ts,178,178,VariableDeclaration,profile,false,consume
src/framework/guardrails.ts,184,184,VariableDeclaration,windowStart,false,consume
src/framework/guardrails.ts,185,185,VariableDeclaration,stateKey,false,consume
src/framework/guardrails.ts,186,186,VariableDeclaration,current,false,consume
src/framework/guardrails.ts,203,205,MethodDeclaration,clear,false,FixedWindowRateLimiter
src/framework/guardrails.ts,207,213,MethodDeclaration,pruneExpired,false,FixedWindowRateLimiter
src/framework/guardrails.ts,208,208,VariableDeclaration,"[key, state]",false,pruneExpired
src/framework/guardrails.ts,209,209,VariableDeclaration,profileId,false,pruneExpired
src/framework/guardrails.ts,210,210,VariableDeclaration,profile,false,pruneExpired
src/framework/guardrails.ts,216,221,InterfaceDeclaration,ProviderCircuitBreakerOptions,true,
src/framework/guardrails.ts,223,228,InterfaceDeclaration,ProviderCircuitDecision,true,
src/framework/guardrails.ts,230,291,ClassDeclaration,ProviderCircuitBreaker,true,
src/framework/guardrails.ts,250,252,GetAccessor,state,false,ProviderCircuitBreaker
src/framework/guardrails.ts,254,266,MethodDeclaration,allow,false,ProviderCircuitBreaker
src/framework/guardrails.ts,258,258,VariableDeclaration,retryAt,false,allow
src/framework/guardrails.ts,268,274,MethodDeclaration,recordSuccess,false,ProviderCircuitBreaker
src/framework/guardrails.ts,276,284,MethodDeclaration,recordFailure,false,ProviderCircuitBreaker
src/framework/guardrails.ts,286,290,MethodDeclaration,open,false,ProviderCircuitBreaker
src/framework/guardrails.ts,293,304,InterfaceDeclaration,AuditRecordInput,true,
src/framework/guardrails.ts,306,317,InterfaceDeclaration,GuardrailAuditRecord,true,
src/framework/guardrails.ts,319,333,FunctionDeclaration,createGuardrailAuditRecord,true,
src/framework/guardrails.ts,335,338,FunctionDeclaration,hashIdentifier,true,
src/framework/guardrails.ts,340,357,FunctionDeclaration,sanitizeAuditMetadata,false,
src/framework/guardrails.ts,342,342,VariableDeclaration,entries,false,sanitizeAuditMetadata
src/framework/guardrails.ts,344,344,VariableDeclaration,safe,false,sanitizeAuditMetadata
src/framework/guardrails.ts,345,345,VariableDeclaration,"[key, value]",false,sanitizeAuditMetadata
src/framework/guardrails.ts,359,368,FunctionDeclaration,validatePolicy,false,
src/framework/guardrails.ts,370,374,FunctionDeclaration,validatePolicyRequest,false,
src/framework/guardrails.ts,376,385,FunctionDeclaration,validateAction,false,
src/framework/guardrails.ts,387,391,FunctionDeclaration,validateRateProfile,false,
src/framework/guardrails.ts,393,403,FunctionDeclaration,validateAuditInput,false,
src/framework/guardrails.ts,405,409,FunctionDeclaration,validateEventType,false,
src/framework/guardrails.ts,411,415,FunctionDeclaration,validateMetadataKey,false,
src/framework/guardrails.ts,417,419,FunctionDeclaration,validateNamespacedIdentifier,false,
src/framework/guardrails.ts,421,423,FunctionDeclaration,validateScope,false,
src/framework/guardrails.ts,425,427,FunctionDeclaration,validateVersion,false,
src/framework/guardrails.ts,429,431,FunctionDeclaration,validateDescription,false,
src/framework/guardrails.ts,433,435,FunctionDeclaration,validateBoundedIdentifier,false,
src/framework/guardrails.ts,437,439,FunctionDeclaration,validateClock,false,
src/framework/interaction.ts,11,15,InterfaceDeclaration,TextInteractionOptions,true,
src/framework/interaction.ts,17,69,ClassDeclaration,TextInteractionAdapter,true,
src/framework/interaction.ts,28,36,MethodDeclaration,render,false,TextInteractionAdapter
src/framework/interaction.ts,29,29,VariableDeclaration,lines,false,render
src/framework/interaction.ts,31,31,VariableDeclaration,suffix,false,render
src/framework/interaction.ts,38,68,MethodDeclaration,parseSelection,false,TextInteractionAdapter
src/framework/interaction.ts,39,39,VariableDeclaration,actorJid,false,parseSelection
src/framework/interaction.ts,40,40,VariableDeclaration,input,false,parseSelection
src/framework/interaction.ts,41,41,VariableDeclaration,quotedInput,false,parseSelection
src/framework/interaction.ts,45,45,VariableDeclaration,candidate,false,parseSelection
src/framework/interaction.ts,48,48,VariableDeclaration,index,false,parseSelection
src/framework/interaction.ts,53,61,VariableDeclaration,context,false,parseSelection
src/framework/interaction.ts,71,74,FunctionDeclaration,normalizeInput,false,
src/framework/interaction.ts,72,72,VariableDeclaration,normalized,false,normalizeInput
src/framework/interaction.ts,76,82,FunctionDeclaration,parseMenuIndex,false,
src/framework/interaction.ts,77,77,VariableDeclaration,match,false,parseMenuIndex
src/framework/interaction.ts,79,79,VariableDeclaration,number,false,parseMenuIndex
src/framework/message-gate.ts,3,29,ClassDeclaration,MessageGateRegistry,true,
src/framework/message-gate.ts,6,12,MethodDeclaration,register,false,MessageGateRegistry
src/framework/message-gate.ts,7,7,VariableDeclaration,normalized,false,register
src/framework/message-gate.ts,14,24,MethodDeclaration,evaluate,false,MessageGateRegistry
src/framework/message-gate.ts,15,15,VariableDeclaration,gate,false,evaluate
src/framework/message-gate.ts,17,17,VariableDeclaration,result,false,evaluate
src/framework/message-gate.ts,26,28,MethodDeclaration,list,false,MessageGateRegistry
src/framework/middleware.ts,8,11,TypeAliasDeclaration,PermissionResolver,true,
src/framework/middleware.ts,13,27,FunctionDeclaration,composeMiddleware,true,
src/framework/middleware.ts,17,17,VariableDeclaration,cursor,false,composeMiddleware
src/framework/middleware.ts,18,24,VariableDeclaration,dispatch,false,composeMiddleware
src/framework/middleware.ts,21,21,VariableDeclaration,current,false,composeMiddleware
src/framework/middleware.ts,29,50,FunctionDeclaration,permissionDenialMessage,true,
src/framework/middleware.ts,52,66,FunctionDeclaration,createPermissionMiddleware,true,
src/framework/middleware.ts,57,57,VariableDeclaration,allowed,false,createPermissionMiddleware
src/framework/middleware.ts,59,59,VariableDeclaration,permission,false,createPermissionMiddleware
src/framework/middleware.ts,68,88,FunctionDeclaration,createCooldownMiddleware,true,
src/framework/middleware.ts,71,71,VariableDeclaration,lastRun,false,createCooldownMiddleware
src/framework/middleware.ts,73,73,VariableDeclaration,cooldown,false,createCooldownMiddleware
src/framework/middleware.ts,75,75,VariableDeclaration,key,false,createCooldownMiddleware
src/framework/middleware.ts,76,76,VariableDeclaration,current,false,createCooldownMiddleware
src/framework/middleware.ts,77,77,VariableDeclaration,previous,false,createCooldownMiddleware
src/framework/middleware.ts,83,83,VariableDeclaration,"[oldKey, timestamp]",false,createCooldownMiddleware
src/framework/middleware.ts,90,98,VariableDeclaration,validationMiddleware,false,
src/framework/middleware.ts,91,91,VariableDeclaration,error,false,
src/framework/mission.ts,4,4,TypeAliasDeclaration,MissionStatus,true,
src/framework/mission.ts,6,9,InterfaceDeclaration,MissionResponse,true,
src/framework/mission.ts,11,27,InterfaceDeclaration,MissionRecord,true,
src/framework/mission.ts,29,32,InterfaceDeclaration,MissionContext,true,
src/framework/mission.ts,34,39,TypeAliasDeclaration,MissionTransition,true,
src/framework/mission.ts,41,43,InterfaceDeclaration,MissionStateDefinition,true,
src/framework/mission.ts,45,50,InterfaceDeclaration,MissionDefinition,true,
src/framework/mission.ts,52,59,InterfaceDeclaration,StartMissionInput,true,
src/framework/mission.ts,61,66,InterfaceDeclaration,MissionInput,true,
src/framework/mission.ts,68,73,InterfaceDeclaration,FindActiveMissionInput,true,
src/framework/mission.ts,75,79,InterfaceDeclaration,MissionExecutionResult,true,
src/framework/mission.ts,81,88,InterfaceDeclaration,MissionStore,true,
src/framework/mission.ts,90,136,ClassDeclaration,InMemoryMissionStore,true,
src/framework/mission.ts,93,97,MethodDeclaration,create,false,InMemoryMissionStore
src/framework/mission.ts,99,101,MethodDeclaration,get,false,InMemoryMissionStore
src/framework/mission.ts,103,110,MethodDeclaration,findActive,false,InMemoryMissionStore
src/framework/mission.ts,112,117,MethodDeclaration,update,false,InMemoryMissionStore
src/framework/mission.ts,113,113,VariableDeclaration,current,false,update
src/framework/mission.ts,119,125,MethodDeclaration,cancel,false,InMemoryMissionStore
src/framework/mission.ts,120,120,VariableDeclaration,current,false,cancel
src/framework/mission.ts,122,122,VariableDeclaration,updated,false,cancel
src/framework/mission.ts,127,135,MethodDeclaration,expire,false,InMemoryMissionStore
src/framework/mission.ts,128,128,VariableDeclaration,count,false,expire
src/framework/mission.ts,129,129,VariableDeclaration,current,false,expire
src/framework/mission.ts,138,219,ClassDeclaration,SqliteMissionStore,true,
src/framework/mission.ts,143,150,MethodDeclaration,create,false,SqliteMissionStore
src/framework/mission.ts,152,155,MethodDeclaration,get,false,SqliteMissionStore
src/framework/mission.ts,153,153,VariableDeclaration,row,false,get
src/framework/mission.ts,157,166,MethodDeclaration,findActive,false,SqliteMissionStore
src/framework/mission.ts,159,164,VariableDeclaration,row,false,findActive
src/framework/mission.ts,168,176,MethodDeclaration,update,false,SqliteMissionStore
src/framework/mission.ts,169,174,VariableDeclaration,result,false,update
src/framework/mission.ts,178,184,MethodDeclaration,cancel,false,SqliteMissionStore
src/framework/mission.ts,179,182,VariableDeclaration,result,false,cancel
src/framework/mission.ts,186,192,MethodDeclaration,expire,false,SqliteMissionStore
src/framework/mission.ts,187,190,VariableDeclaration,result,false,expire
src/framework/mission.ts,194,218,MethodDeclaration,migrate,false,SqliteMissionStore
src/framework/mission.ts,221,224,InterfaceDeclaration,MissionEngineOptions,true,
src/framework/mission.ts,226,320,ClassDeclaration,MissionEngine,true,
src/framework/mission.ts,237,242,MethodDeclaration,register,false,MissionEngine
src/framework/mission.ts,244,262,MethodDeclaration,start,false,MissionEngine
src/framework/mission.ts,245,245,VariableDeclaration,definition,false,start
src/framework/mission.ts,247,260,VariableDeclaration,record,false,start
src/framework/mission.ts,264,297,MethodDeclaration,handleInput,false,MissionEngine
src/framework/mission.ts,265,265,VariableDeclaration,current,false,handleInput
src/framework/mission.ts,275,275,VariableDeclaration,definition,false,handleInput
src/framework/mission.ts,277,277,VariableDeclaration,state,false,handleInput
src/framework/mission.ts,279,279,VariableDeclaration,transition,false,handleInput
src/framework/mission.ts,280,280,VariableDeclaration,nextStatus,false,handleInput
src/framework/mission.ts,281,281,VariableDeclaration,nextState,false,handleInput
src/framework/mission.ts,283,293,VariableDeclaration,updated,false,handleInput
src/framework/mission.ts,294,294,VariableDeclaration,saved,false,handleInput
src/framework/mission.ts,299,301,MethodDeclaration,cancel,false,MissionEngine
src/framework/mission.ts,303,305,MethodDeclaration,expire,false,MissionEngine
src/framework/mission.ts,307,309,MethodDeclaration,get,false,MissionEngine
src/framework/mission.ts,311,313,MethodDeclaration,findActive,false,MissionEngine
src/framework/mission.ts,315,319,MethodDeclaration,getDefinition,false,MissionEngine
src/framework/mission.ts,316,316,VariableDeclaration,definition,false,getDefinition
src/framework/mission.ts,322,339,TypeAliasDeclaration,MissionRow,false,
src/framework/mission.ts,341,360,FunctionDeclaration,toRow,false,
src/framework/mission.ts,362,380,FunctionDeclaration,fromRow,false,
src/framework/mission.ts,382,389,FunctionDeclaration,validateDefinition,false,
src/framework/mission.ts,386,386,VariableDeclaration,"[state, definitionForState]",false,validateDefinition
src/framework/mission.ts,391,394,FunctionDeclaration,serializedSize,false,
src/framework/mission.ts,392,392,VariableDeclaration,serialized,false,serializedSize
src/framework/msg-builder.test.ts,11,31,VariableDeclaration,md,false,
src/framework/msg-builder.test.ts,32,32,VariableDeclaration,parts,false,
src/framework/msg-builder.test.ts,35,35,VariableDeclaration,codePart,false,
src/framework/msg-builder.test.ts,40,40,VariableDeclaration,tipPart,false,
src/framework/msg-builder.test.ts,44,44,VariableDeclaration,tablePart,false,
src/framework/msg-builder.test.ts,48,48,VariableDeclaration,suggestPart,false,
src/framework/msg-builder.test.ts,54,56,VariableDeclaration,built,false,
src/framework/msg-builder.test.ts,66,71,VariableDeclaration,md,false,
src/framework/msg-builder.test.ts,72,74,VariableDeclaration,built,false,
src/framework/msg-builder.test.ts,78,78,VariableDeclaration,invoke,false,
src/framework/msg-builder.test.ts,80,80,VariableDeclaration,submsgs,false,
src/framework/msg-builder.test.ts,88,95,VariableDeclaration,built,false,
src/framework/msg-builder.test.ts,99,99,VariableDeclaration,im,false,
src/framework/msg-builder.test.ts,105,105,VariableDeclaration,buttons,false,
src/framework/msg-builder.test.ts,112,112,VariableDeclaration,fallback,false,
src/framework/msg-builder.test.ts,123,137,VariableDeclaration,built,false,
src/framework/msg-builder.test.ts,141,141,VariableDeclaration,buttons,false,
src/framework/msg-builder.test.ts,145,145,VariableDeclaration,parsedParams,false,
src/framework/msg-builder.test.ts,150,150,VariableDeclaration,fallback,false,
src/framework/msg-builder.test.ts,158,172,VariableDeclaration,built,false,
src/framework/msg-builder.test.ts,176,176,VariableDeclaration,carousel,false,
src/framework/msg-builder.test.ts,186,186,VariableDeclaration,privateNodes,false,
src/framework/msg-builder.test.ts,191,191,VariableDeclaration,groupNodes,false,
src/framework/msg-builder.test.ts,197,197,VariableDeclaration,withMixed,false,
src/framework/msg-builder.test.ts,200,200,VariableDeclaration,mixedChildren,false,
src/framework/msg-builder.test.ts,205,205,VariableDeclaration,withoutMixed,false,
src/framework/msg-builder.test.ts,213,213,VariableDeclaration,mb,false,
src/framework/msg-builder.test.ts,214,214,VariableDeclaration,i,false,
src/framework/msg-builder.test.ts,237,237,VariableDeclaration,sentText,false,
src/framework/msg-builder.test.ts,238,238,VariableDeclaration,sentJid,false,
src/framework/msg-builder.test.ts,240,260,VariableDeclaration,fakeTransport,false,
src/framework/msg-builder.test.ts,243,243,MethodDeclaration,onMessage,false,
src/framework/msg-builder.test.ts,244,244,MethodDeclaration,onGroupParticipantUpdate,false,
src/framework/msg-builder.test.ts,245,245,MethodDeclaration,onConnectionState,false,
src/framework/msg-builder.test.ts,246,249,MethodDeclaration,sendText,false,
src/framework/msg-builder.test.ts,250,256,MethodDeclaration,getGroupMetadata,false,
src/framework/msg-builder.test.ts,257,257,MethodDeclaration,getGroupInviteLink,false,
src/framework/msg-builder.test.ts,258,258,MethodDeclaration,start,false,
src/framework/msg-builder.test.ts,259,259,MethodDeclaration,close,false,
src/framework/msg-builder.test.ts,275,275,TypeAliasDeclaration,SendTransport,false,
src/framework/msg-builder.test.ts,277,281,InterfaceDeclaration,RelayCall,false,
src/framework/msg-builder.test.ts,283,318,FunctionDeclaration,stubTransport,false,
src/framework/msg-builder.test.ts,284,284,VariableDeclaration,relayCalls,false,stubTransport
src/framework/msg-builder.test.ts,285,285,VariableDeclaration,warnings,false,stubTransport
src/framework/msg-builder.test.ts,286,286,VariableDeclaration,sentTexts,false,stubTransport
src/framework/msg-builder.test.ts,288,307,VariableDeclaration,socket,false,stubTransport
src/framework/msg-builder.test.ts,291,293,MethodDeclaration,warn,false,stubTransport
src/framework/msg-builder.test.ts,295,306,MethodDeclaration,relayMessage,false,stubTransport
src/framework/msg-builder.test.ts,309,315,VariableDeclaration,transport,false,stubTransport
src/framework/msg-builder.test.ts,312,314,MethodDeclaration,sendText,false,stubTransport
src/framework/msg-builder.test.ts,322,330,VariableDeclaration,builder,false,
src/framework/msg-builder.test.ts,332,332,VariableDeclaration,fallback,false,
src/framework/msg-builder.test.ts,353,366,VariableDeclaration,built,false,
src/framework/msg-builder.test.ts,370,370,VariableDeclaration,cardButtons,false,
src/framework/msg-builder.test.ts,379,379,VariableDeclaration,group,false,
src/framework/msg-builder.test.ts,385,385,VariableDeclaration,direct,false,
src/framework/msg-builder.test.ts,391,391,VariableDeclaration,failing,false,
src/framework/msg-builder.test.ts,420,420,VariableDeclaration,built,false,
src/framework/msg-builder.ts,11,15,InterfaceDeclaration,InteractiveReplyButton,true,
src/framework/msg-builder.ts,17,22,InterfaceDeclaration,InteractiveUrlButton,true,
src/framework/msg-builder.ts,24,28,InterfaceDeclaration,InteractiveCopyButton,true,
src/framework/msg-builder.ts,30,34,InterfaceDeclaration,InteractiveCallButton,true,
src/framework/msg-builder.ts,36,40,InterfaceDeclaration,InteractiveReminderButton,true,
src/framework/msg-builder.ts,42,46,InterfaceDeclaration,InteractiveCancelReminderButton,true,
src/framework/msg-builder.ts,48,51,InterfaceDeclaration,InteractiveLocationButton,true,
src/framework/msg-builder.ts,53,57,InterfaceDeclaration,InteractiveAddressButton,true,
src/framework/msg-builder.ts,59,67,TypeAliasDeclaration,InteractiveButtonDef,true,
src/framework/msg-builder.ts,69,73,InterfaceDeclaration,ListRowDef,true,
src/framework/msg-builder.ts,75,78,InterfaceDeclaration,ListSectionDef,true,
src/framework/msg-builder.ts,80,86,InterfaceDeclaration,ListOptions,true,
src/framework/msg-builder.ts,88,94,InterfaceDeclaration,CarouselCardDef,true,
src/framework/msg-builder.ts,96,101,InterfaceDeclaration,AIRichPart,true,
src/framework/msg-builder.ts,103,114,TypeAliasDeclaration,BuiltMessagePayload,true,
src/framework/msg-builder.ts,116,136,FunctionDeclaration,nativeFlowAdditionalNodes,true,
src/framework/msg-builder.ts,117,129,VariableDeclaration,nodes,false,nativeFlowAdditionalNodes
src/framework/msg-builder.ts,138,138,TypeAliasDeclaration,NativeFlowButton,false,
src/framework/msg-builder.ts,140,142,FunctionDeclaration,unsupportedButton,false,
src/framework/msg-builder.ts,144,166,FunctionDeclaration,toNativeFlowButton,false,
src/framework/msg-builder.ts,168,187,FunctionDeclaration,renderFallbackButton,false,
src/framework/msg-builder.ts,189,285,FunctionDeclaration,parseRichMarkdown,true,
src/framework/msg-builder.ts,190,190,VariableDeclaration,trimmed,false,parseRichMarkdown
src/framework/msg-builder.ts,193,193,VariableDeclaration,lines,false,parseRichMarkdown
src/framework/msg-builder.ts,194,194,VariableDeclaration,parts,false,parseRichMarkdown
src/framework/msg-builder.ts,195,195,VariableDeclaration,currentTextLines,false,parseRichMarkdown
src/framework/msg-builder.ts,197,203,VariableDeclaration,flushText,false,parseRichMarkdown
src/framework/msg-builder.ts,199,199,VariableDeclaration,content,false,parseRichMarkdown
src/framework/msg-builder.ts,205,205,VariableDeclaration,i,false,parseRichMarkdown
src/framework/msg-builder.ts,207,207,VariableDeclaration,rawLine,false,parseRichMarkdown
src/framework/msg-builder.ts,208,208,VariableDeclaration,line,false,parseRichMarkdown
src/framework/msg-builder.ts,212,212,VariableDeclaration,lang,false,parseRichMarkdown
src/framework/msg-builder.ts,213,213,VariableDeclaration,codeLines,false,parseRichMarkdown
src/framework/msg-builder.ts,230,230,VariableDeclaration,directive,false,parseRichMarkdown
src/framework/msg-builder.ts,231,231,VariableDeclaration,directiveLines,false,parseRichMarkdown
src/framework/msg-builder.ts,234,234,VariableDeclaration,dLine,false,parseRichMarkdown
src/framework/msg-builder.ts,239,242,VariableDeclaration,suggestions,false,parseRichMarkdown
src/framework/msg-builder.ts,247,247,VariableDeclaration,tipContent,false,parseRichMarkdown
src/framework/msg-builder.ts,255,255,VariableDeclaration,nextLine,false,parseRichMarkdown
src/framework/msg-builder.ts,258,258,VariableDeclaration,tableLines,false,parseRichMarkdown
src/framework/msg-builder.ts,264,269,VariableDeclaration,parsedRows,false,parseRichMarkdown
src/framework/msg-builder.ts,287,593,ClassDeclaration,MsgBuilder,true,
src/framework/msg-builder.ts,303,305,MethodDeclaration,to,false,MsgBuilder
src/framework/msg-builder.ts,307,318,MethodDeclaration,text,false,MsgBuilder
src/framework/msg-builder.ts,320,324,MethodDeclaration,header,false,MsgBuilder
src/framework/msg-builder.ts,326,329,MethodDeclaration,footer,false,MsgBuilder
src/framework/msg-builder.ts,331,335,MethodDeclaration,button,false,MsgBuilder
src/framework/msg-builder.ts,337,343,MethodDeclaration,buttons,false,MsgBuilder
src/framework/msg-builder.ts,345,361,MethodDeclaration,list,false,MsgBuilder
src/framework/msg-builder.ts,348,348,VariableDeclaration,totalRows,false,list
src/framework/msg-builder.ts,350,350,VariableDeclaration,ids,false,list
src/framework/msg-builder.ts,351,351,VariableDeclaration,sec,false,list
src/framework/msg-builder.ts,352,352,VariableDeclaration,row,false,list
src/framework/msg-builder.ts,353,353,VariableDeclaration,rowId,false,list
src/framework/msg-builder.ts,363,369,MethodDeclaration,carousel,false,MsgBuilder
src/framework/msg-builder.ts,371,404,MethodDeclaration,buildFallbackText,false,MsgBuilder
src/framework/msg-builder.ts,372,372,VariableDeclaration,parts,false,buildFallbackText
src/framework/msg-builder.ts,379,379,VariableDeclaration,section,false,buildFallbackText
src/framework/msg-builder.ts,381,381,VariableDeclaration,row,false,buildFallbackText
src/framework/msg-builder.ts,388,388,VariableDeclaration,"[index, card]",false,buildFallbackText
src/framework/msg-builder.ts,389,389,VariableDeclaration,cardLines,false,buildFallbackText
src/framework/msg-builder.ts,392,392,VariableDeclaration,cardButton,false,buildFallbackText
src/framework/msg-builder.ts,406,553,MethodDeclaration,build,false,MsgBuilder
src/framework/msg-builder.ts,407,407,VariableDeclaration,hasButtons,false,build
src/framework/msg-builder.ts,408,408,VariableDeclaration,hasList,false,build
src/framework/msg-builder.ts,409,409,VariableDeclaration,hasCarousel,false,build
src/framework/msg-builder.ts,415,415,VariableDeclaration,parts,false,build
src/framework/msg-builder.ts,420,452,VariableDeclaration,submessages,false,build
src/framework/msg-builder.ts,454,457,VariableDeclaration,richMsg,false,build
src/framework/msg-builder.ts,459,459,VariableDeclaration,fallbackText,false,build
src/framework/msg-builder.ts,474,474,VariableDeclaration,nativeButtons,false,build
src/framework/msg-builder.ts,475,475,VariableDeclaration,replyIds,false,build
src/framework/msg-builder.ts,477,477,VariableDeclaration,btn,false,build
src/framework/msg-builder.ts,502,516,VariableDeclaration,interactive,false,build
src/framework/msg-builder.ts,555,592,MethodDeclaration,send,false,MsgBuilder
src/framework/msg-builder.ts,556,556,VariableDeclaration,built,false,send
src/framework/msg-builder.ts,557,557,VariableDeclaration,jid,false,send
src/framework/msg-builder.ts,564,564,VariableDeclaration,socket,false,send
src/framework/msg-builder.ts,572,574,VariableDeclaration,msg,false,send
src/framework/msg-builder.ts,580,582,VariableDeclaration,msg,false,send
src/framework/msg-builder.ts,588,588,VariableDeclaration,error,false,send
src/framework/operations.ts,8,13,InterfaceDeclaration,OperationRetryPolicy,true,
src/framework/operations.ts,15,24,InterfaceDeclaration,OperationOptions,true,
src/framework/operations.ts,26,28,TypeAliasDeclaration,OperationResult,true,
src/framework/operations.ts,30,65,FunctionDeclaration,runPlatformOperation,true,
src/framework/operations.ts,31,31,VariableDeclaration,clock,false,runPlatformOperation
src/framework/operations.ts,32,32,VariableDeclaration,maxAttempts,false,runPlatformOperation
src/framework/operations.ts,33,33,VariableDeclaration,baseDelayMs,false,runPlatformOperation
src/framework/operations.ts,34,34,VariableDeclaration,maxDelayMs,false,runPlatformOperation
src/framework/operations.ts,35,35,VariableDeclaration,startedAt,false,runPlatformOperation
src/framework/operations.ts,38,38,VariableDeclaration,decision,false,runPlatformOperation
src/framework/operations.ts,46,46,VariableDeclaration,attempt,false,runPlatformOperation
src/framework/operations.ts,50,50,VariableDeclaration,value,false,runPlatformOperation
src/framework/operations.ts,53,53,VariableDeclaration,error,false,runPlatformOperation
src/framework/operations.ts,54,54,VariableDeclaration,retry,false,runPlatformOperation
src/framework/operations.ts,59,59,VariableDeclaration,delay,false,runPlatformOperation
src/framework/operations.ts,67,71,FunctionDeclaration,isRetryableError,false,
src/framework/operations.ts,69,69,VariableDeclaration,candidate,false,isRetryableError
src/framework/operations.ts,73,76,FunctionDeclaration,safeErrorName,false,
src/framework/operations.ts,78,92,FunctionDeclaration,withTimeout,false,
src/framework/operations.ts,81,81,VariableDeclaration,timer,false,withTimeout
src/framework/operations.ts,94,97,FunctionDeclaration,sleep,false,
src/framework/plugin-manager.ts,12,16,InterfaceDeclaration,PluginRecord,false,
src/framework/plugin-manager.ts,18,159,ClassDeclaration,PluginManager,true,
src/framework/plugin-manager.ts,30,35,MethodDeclaration,register,false,PluginManager
src/framework/plugin-manager.ts,31,31,VariableDeclaration,name,false,register
src/framework/plugin-manager.ts,37,39,MethodDeclaration,list,false,PluginManager
src/framework/plugin-manager.ts,41,59,MethodDeclaration,loadAndInitialize,false,PluginManager
src/framework/plugin-manager.ts,42,42,VariableDeclaration,name,false,loadAndInitialize
src/framework/plugin-manager.ts,43,43,VariableDeclaration,record,false,loadAndInitialize
src/framework/plugin-manager.ts,46,46,VariableDeclaration,context,false,loadAndInitialize
src/framework/plugin-manager.ts,52,52,VariableDeclaration,error,false,loadAndInitialize
src/framework/plugin-manager.ts,61,75,MethodDeclaration,ready,false,PluginManager
src/framework/plugin-manager.ts,62,62,VariableDeclaration,name,false,ready
src/framework/plugin-manager.ts,63,63,VariableDeclaration,record,false,ready
src/framework/plugin-manager.ts,68,68,VariableDeclaration,error,false,ready
src/framework/plugin-manager.ts,77,91,MethodDeclaration,unload,false,PluginManager
src/framework/plugin-manager.ts,78,78,VariableDeclaration,order,false,unload
src/framework/plugin-manager.ts,79,79,VariableDeclaration,name,false,unload
src/framework/plugin-manager.ts,80,80,VariableDeclaration,record,false,unload
src/framework/plugin-manager.ts,84,84,VariableDeclaration,error,false,unload
src/framework/plugin-manager.ts,93,116,MethodDeclaration,context,false,PluginManager
src/framework/plugin-manager.ts,94,97,VariableDeclaration,events,false,context
src/framework/plugin-manager.ts,98,103,VariableDeclaration,commands,false,context
src/framework/plugin-manager.ts,118,127,MethodDeclaration,trackCleanup,false,PluginManager
src/framework/plugin-manager.ts,119,119,VariableDeclaration,active,false,trackCleanup
src/framework/plugin-manager.ts,120,124,VariableDeclaration,disposer,false,trackCleanup
src/framework/plugin-manager.ts,129,137,MethodDeclaration,cleanup,false,PluginManager
src/framework/plugin-manager.ts,130,130,VariableDeclaration,cleanup,false,cleanup
src/framework/plugin-manager.ts,133,133,VariableDeclaration,error,false,cleanup
src/framework/plugin-manager.ts,139,158,MethodDeclaration,resolveOrder,false,PluginManager
src/framework/plugin-manager.ts,140,140,VariableDeclaration,visited,false,resolveOrder
src/framework/plugin-manager.ts,141,141,VariableDeclaration,visiting,false,resolveOrder
src/framework/plugin-manager.ts,142,142,VariableDeclaration,order,false,resolveOrder
src/framework/plugin-manager.ts,144,154,VariableDeclaration,visit,false,resolveOrder
src/framework/plugin-manager.ts,147,147,VariableDeclaration,record,false,resolveOrder
src/framework/plugin-manager.ts,150,150,VariableDeclaration,dependency,false,resolveOrder
src/framework/plugin-manager.ts,156,156,VariableDeclaration,name,false,resolveOrder
src/framework/plugins/afk.ts,13,13,VariableDeclaration,DEFAULT_REASON,false,
src/framework/plugins/afk.ts,15,18,FunctionDeclaration,userLabel,false,
src/framework/plugins/afk.ts,16,16,VariableDeclaration,user,false,userLabel
src/framework/plugins/afk.ts,20,31,FunctionDeclaration,durationText,false,
src/framework/plugins/afk.ts,21,21,VariableDeclaration,totalSeconds,false,durationText
src/framework/plugins/afk.ts,22,22,VariableDeclaration,days,false,durationText
src/framework/plugins/afk.ts,23,23,VariableDeclaration,hours,false,durationText
src/framework/plugins/afk.ts,24,24,VariableDeclaration,minutes,false,durationText
src/framework/plugins/afk.ts,25,25,VariableDeclaration,seconds,false,durationText
src/framework/plugins/afk.ts,26,26,VariableDeclaration,parts,false,durationText
src/framework/plugins/afk.ts,33,36,FunctionDeclaration,mentionOptions,false,
src/framework/plugins/afk.ts,34,34,VariableDeclaration,mentions,false,mentionOptions
src/framework/plugins/afk.ts,38,45,FunctionDeclaration,relativeTime,false,
src/framework/plugins/afk.ts,39,39,VariableDeclaration,minutes,false,relativeTime
src/framework/plugins/afk.ts,42,42,VariableDeclaration,hours,false,relativeTime
src/framework/plugins/afk.ts,47,53,FunctionDeclaration,formatDateTime,false,
src/framework/plugins/afk.ts,55,61,FunctionDeclaration,mentionSourceLines,false,
src/framework/plugins/afk.ts,63,73,FunctionDeclaration,statusBlock,false,
src/framework/plugins/afk.ts,75,85,FunctionDeclaration,formatAfkEnabled,false,
src/framework/plugins/afk.ts,87,97,FunctionDeclaration,formatMentionNotice,false,
src/framework/plugins/afk.ts,99,110,FunctionDeclaration,formatMentionForward,false,
src/framework/plugins/afk.ts,112,117,FunctionDeclaration,formatWelcomeBack,false,
src/framework/plugins/afk.ts,119,137,FunctionDeclaration,formatLeaderboard,false,
src/framework/plugins/afk.ts,120,120,VariableDeclaration,medals,false,formatLeaderboard
src/framework/plugins/afk.ts,121,125,VariableDeclaration,lines,false,formatLeaderboard
src/framework/plugins/afk.ts,130,130,VariableDeclaration,"[index, entry]",false,formatLeaderboard
src/framework/plugins/afk.ts,139,156,FunctionDeclaration,formatActiveList,false,
src/framework/plugins/afk.ts,140,144,VariableDeclaration,lines,false,formatActiveList
src/framework/plugins/afk.ts,149,149,VariableDeclaration,"[index, record]",false,formatActiveList
src/framework/plugins/afk.ts,158,172,FunctionDeclaration,formatPrivateStatus,false,
src/framework/plugins/afk.ts,159,159,VariableDeclaration,lines,false,formatPrivateStatus
src/framework/plugins/afk.ts,165,165,VariableDeclaration,"[index, mention]",false,formatPrivateStatus
src/framework/plugins/afk.ts,174,178,FunctionDeclaration,isAfkCommand,false,
src/framework/plugins/afk.ts,175,175,VariableDeclaration,text,false,isAfkCommand
src/framework/plugins/afk.ts,180,306,FunctionDeclaration,createAfkPlugin,true,
src/framework/plugins/afk.ts,185,304,MethodDeclaration,load,false,createAfkPlugin
src/framework/plugins/afk.ts,186,186,VariableDeclaration,afk,false,load
src/framework/plugins/afk.ts,187,187,VariableDeclaration,groupConfiguration,false,load
src/framework/plugins/afk.ts,197,197,VariableDeclaration,userJid,false,load
src/framework/plugins/afk.ts,200,200,VariableDeclaration,mode,false,load
src/framework/plugins/afk.ts,202,202,VariableDeclaration,now,false,load
src/framework/plugins/afk.ts,203,203,VariableDeclaration,activeRecords,false,load
src/framework/plugins/afk.ts,204,204,VariableDeclaration,leaderboard,false,load
src/framework/plugins/afk.ts,219,219,VariableDeclaration,leaderboard,false,load
src/framework/plugins/afk.ts,229,229,VariableDeclaration,record,false,load
src/framework/plugins/afk.ts,234,234,VariableDeclaration,mentions,false,load
src/framework/plugins/afk.ts,243,243,VariableDeclaration,reason,false,load
src/framework/plugins/afk.ts,244,244,VariableDeclaration,record,false,load
src/framework/plugins/afk.ts,251,251,VariableDeclaration,senderJid,false,load
src/framework/plugins/afk.ts,252,252,VariableDeclaration,now,false,load
src/framework/plugins/afk.ts,253,253,VariableDeclaration,ownAfk,false,load
src/framework/plugins/afk.ts,255,257,VariableDeclaration,prefix,false,load
src/framework/plugins/afk.ts,260,260,VariableDeclaration,summary,false,load
src/framework/plugins/afk.ts,272,275,VariableDeclaration,referencedJids,false,load
src/framework/plugins/afk.ts,276,279,VariableDeclaration,targets,false,load
src/framework/plugins/afk.ts,282,288,VariableDeclaration,mention,false,load
src/framework/plugins/ai.ts,9,9,VariableDeclaration,AI_COMMAND_COOLDOWN_MS,false,
src/framework/plugins/ai.ts,11,13,FunctionDeclaration,usage,false,
src/framework/plugins/ai.ts,15,21,FunctionDeclaration,pipeInput,false,
src/framework/plugins/ai.ts,16,16,VariableDeclaration,separator,false,pipeInput
src/framework/plugins/ai.ts,18,18,VariableDeclaration,target,false,pipeInput
src/framework/plugins/ai.ts,19,19,VariableDeclaration,text,false,pipeInput
src/framework/plugins/ai.ts,23,27,FunctionDeclaration,safeFailureMessage,false,
src/framework/plugins/ai.ts,29,32,InterfaceDeclaration,AiPluginOptions,true,
src/framework/plugins/ai.ts,34,147,FunctionDeclaration,createAiPlugin,true,
src/framework/plugins/ai.ts,38,145,MethodDeclaration,load,false,createAiPlugin
src/framework/plugins/ai.ts,39,43,VariableDeclaration,handler,false,load
src/framework/plugins/ai.ts,53,53,VariableDeclaration,input,false,load
src/framework/plugins/ai.ts,59,59,VariableDeclaration,response,false,load
src/framework/plugins/ai.ts,61,61,VariableDeclaration,error,false,load
src/framework/plugins/ai.ts,76,76,VariableDeclaration,text,false,load
src/framework/plugins/ai.ts,82,82,VariableDeclaration,response,false,load
src/framework/plugins/ai.ts,84,84,VariableDeclaration,error,false,load
src/framework/plugins/ai.ts,99,99,VariableDeclaration,prompt,false,load
src/framework/plugins/ai.ts,110,110,VariableDeclaration,response,false,load
src/framework/plugins/ai.ts,112,112,VariableDeclaration,error,false,load
src/framework/plugins/ai.ts,127,127,VariableDeclaration,text,false,load
src/framework/plugins/ai.ts,137,137,VariableDeclaration,response,false,load
src/framework/plugins/ai.ts,139,139,VariableDeclaration,error,false,load
src/framework/plugins/ai.ts,149,149,VariableDeclaration,aiPlugin,false,
src/framework/plugins/character-guide.ts,29,29,VariableDeclaration,CHARACTER_GUIDE_BACKEND_PENDING_TEXT,false,
src/framework/plugins/character-guide.ts,31,40,VariableDeclaration,CHARACTER_GUIDE_COMMAND_NAMES,false,
src/framework/plugins/character-guide.ts,42,55,FunctionDeclaration,registerCharacterGuideRefusalSurface,false,
src/framework/plugins/character-guide.ts,43,43,VariableDeclaration,"{ name, aliases }",false,registerCharacterGuideRefusalSurface
src/framework/plugins/character-guide.ts,57,57,VariableDeclaration,DEFAULT_SESSION_TTL_SECONDS,false,
src/framework/plugins/character-guide.ts,58,58,VariableDeclaration,GUIDE_CONFIRM_TTL_MS,false,
src/framework/plugins/character-guide.ts,59,59,VariableDeclaration,CHARACTER_ID_PATTERN,false,
src/framework/plugins/character-guide.ts,61,68,InterfaceDeclaration,PendingOnboarding,false,
src/framework/plugins/character-guide.ts,70,72,FunctionDeclaration,characterService,false,
src/framework/plugins/character-guide.ts,74,76,FunctionDeclaration,groupContextService,false,
src/framework/plugins/character-guide.ts,78,80,FunctionDeclaration,groupJid,false,
src/framework/plugins/character-guide.ts,82,84,FunctionDeclaration,actorJid,false,
src/framework/plugins/character-guide.ts,86,88,FunctionDeclaration,canonicalJid,false,
src/framework/plugins/character-guide.ts,90,92,FunctionDeclaration,onboardingKey,false,
src/framework/plugins/character-guide.ts,94,97,FunctionDeclaration,sameJid,false,
src/framework/plugins/character-guide.ts,99,101,FunctionDeclaration,cardCode,false,
src/framework/plugins/character-guide.ts,103,123,FunctionDeclaration,renderIdCard,false,
src/framework/plugins/character-guide.ts,125,146,FunctionDeclaration,renderGuideInstructions,false,
src/framework/plugins/character-guide.ts,148,159,FunctionDeclaration,renderPrivateCharacterGuide,false,
src/framework/plugins/character-guide.ts,161,174,FunctionDeclaration,renderSimpleGuide,false,
src/framework/plugins/character-guide.ts,176,182,FunctionDeclaration,renderSaveUsage,false,
src/framework/plugins/character-guide.ts,184,192,FunctionDeclaration,renderParseIssues,false,
src/framework/plugins/character-guide.ts,194,216,FunctionDeclaration,renderCharacter,false,
src/framework/plugins/character-guide.ts,218,221,FunctionDeclaration,parseCardCode,false,
src/framework/plugins/character-guide.ts,219,219,VariableDeclaration,match,false,parseCardCode
src/framework/plugins/character-guide.ts,223,225,FunctionDeclaration,isCommand,false,
src/framework/plugins/character-guide.ts,227,237,FunctionDeclaration,choiceFromMessage,false,
src/framework/plugins/character-guide.ts,228,228,VariableDeclaration,button,false,choiceFromMessage
src/framework/plugins/character-guide.ts,230,230,VariableDeclaration,text,false,choiceFromMessage
src/framework/plugins/character-guide.ts,239,255,FunctionDeclaration,sendQuickReplies,false,
src/framework/plugins/character-guide.ts,257,260,FunctionDeclaration,guideRequirement,false,
src/framework/plugins/character-guide.ts,262,682,FunctionDeclaration,createCharacterGuidePlugin,true,
src/framework/plugins/character-guide.ts,263,263,VariableDeclaration,onboarding,false,createCharacterGuidePlugin
src/framework/plugins/character-guide.ts,264,264,VariableDeclaration,deleteConfirmations,false,createCharacterGuidePlugin
src/framework/plugins/character-guide.ts,270,680,MethodDeclaration,load,false,createCharacterGuidePlugin
src/framework/plugins/character-guide.ts,271,271,VariableDeclaration,service,false,load
src/framework/plugins/character-guide.ts,272,272,VariableDeclaration,groupContext,false,load
src/framework/plugins/character-guide.ts,285,285,VariableDeclaration,onboardingTtlMs,false,load
src/framework/plugins/character-guide.ts,286,286,VariableDeclaration,cardLocks,false,load
src/framework/plugins/character-guide.ts,287,287,VariableDeclaration,cardMessageLocks,false,load
src/framework/plugins/character-guide.ts,289,293,VariableDeclaration,pruneTransientState,false,load
src/framework/plugins/character-guide.ts,290,290,VariableDeclaration,now,false,load
src/framework/plugins/character-guide.ts,291,291,VariableDeclaration,"[key, pending]",false,load
src/framework/plugins/character-guide.ts,292,292,VariableDeclaration,"[key, expiresAt]",false,load
src/framework/plugins/character-guide.ts,295,320,VariableDeclaration,issueCard,false,load
src/framework/plugins/character-guide.ts,296,296,VariableDeclaration,key,false,load
src/framework/plugins/character-guide.ts,298,298,VariableDeclaration,existingLock,false,load
src/framework/plugins/character-guide.ts,300,313,VariableDeclaration,work,false,load
src/framework/plugins/character-guide.ts,301,301,VariableDeclaration,current,false,load
src/framework/plugins/character-guide.ts,303,303,VariableDeclaration,referenceKey,false,load
src/framework/plugins/character-guide.ts,304,304,VariableDeclaration,ttl,false,load
src/framework/plugins/character-guide.ts,305,305,VariableDeclaration,session,false,load
src/framework/plugins/character-guide.ts,310,310,VariableDeclaration,next,false,load
src/framework/plugins/character-guide.ts,322,367,VariableDeclaration,sendCardInstructions,false,load
src/framework/plugins/character-guide.ts,323,323,VariableDeclaration,key,false,load
src/framework/plugins/character-guide.ts,325,325,VariableDeclaration,existingLock,false,load
src/framework/plugins/character-guide.ts,327,360,VariableDeclaration,work,false,load
src/framework/plugins/character-guide.ts,328,328,VariableDeclaration,ready,false,load
src/framework/plugins/character-guide.ts,372,372,VariableDeclaration,selection,false,load
src/framework/plugins/character-guide.ts,374,374,VariableDeclaration,key,false,load
src/framework/plugins/character-guide.ts,375,375,VariableDeclaration,pending,false,load
src/framework/plugins/character-guide.ts,407,407,VariableDeclaration,current,false,load
src/framework/plugins/character-guide.ts,409,409,VariableDeclaration,botJid,false,load
src/framework/plugins/character-guide.ts,410,412,VariableDeclaration,participants,false,load
src/framework/plugins/character-guide.ts,413,413,VariableDeclaration,participant,false,load
src/framework/plugins/character-guide.ts,414,414,VariableDeclaration,key,false,load
src/framework/plugins/character-guide.ts,416,416,VariableDeclaration,codeSeed,false,load
src/framework/plugins/character-guide.ts,442,442,VariableDeclaration,group,false,load
src/framework/plugins/character-guide.ts,443,443,VariableDeclaration,actor,false,load
src/framework/plugins/character-guide.ts,452,452,VariableDeclaration,currentContext,false,load
src/framework/plugins/character-guide.ts,453,453,VariableDeclaration,modeError,false,load
src/framework/plugins/character-guide.ts,458,458,VariableDeclaration,active,false,load
src/framework/plugins/character-guide.ts,463,463,VariableDeclaration,existing,false,load
src/framework/plugins/character-guide.ts,468,468,VariableDeclaration,code,false,load
src/framework/plugins/character-guide.ts,488,488,VariableDeclaration,group,false,load
src/framework/plugins/character-guide.ts,489,489,VariableDeclaration,actor,false,load
src/framework/plugins/character-guide.ts,498,498,VariableDeclaration,currentContext,false,load
src/framework/plugins/character-guide.ts,499,499,VariableDeclaration,modeError,false,load
src/framework/plugins/character-guide.ts,508,508,VariableDeclaration,code,false,load
src/framework/plugins/character-guide.ts,513,513,VariableDeclaration,registration,false,load
src/framework/plugins/character-guide.ts,518,518,VariableDeclaration,rawBody,false,load
src/framework/plugins/character-guide.ts,523,523,VariableDeclaration,parsed,false,load
src/framework/plugins/character-guide.ts,529,529,VariableDeclaration,saved,false,load
src/framework/plugins/character-guide.ts,541,541,VariableDeclaration,error,false,load
src/framework/plugins/character-guide.ts,557,557,VariableDeclaration,group,false,load
src/framework/plugins/character-guide.ts,558,558,VariableDeclaration,actor,false,load
src/framework/plugins/character-guide.ts,561,561,VariableDeclaration,currentContext,false,load
src/framework/plugins/character-guide.ts,562,562,VariableDeclaration,modeError,false,load
src/framework/plugins/character-guide.ts,564,564,VariableDeclaration,registration,false,load
src/framework/plugins/character-guide.ts,580,580,VariableDeclaration,group,false,load
src/framework/plugins/character-guide.ts,581,581,VariableDeclaration,actor,false,load
src/framework/plugins/character-guide.ts,584,584,VariableDeclaration,registration,false,load
src/framework/plugins/character-guide.ts,601,601,VariableDeclaration,group,false,load
src/framework/plugins/character-guide.ts,602,602,VariableDeclaration,actor,false,load
src/framework/plugins/character-guide.ts,605,605,VariableDeclaration,record,false,load
src/framework/plugins/character-guide.ts,607,607,VariableDeclaration,pendingDelivery,false,load
src/framework/plugins/character-guide.ts,629,629,VariableDeclaration,result,false,load
src/framework/plugins/character-guide.ts,643,643,VariableDeclaration,group,false,load
src/framework/plugins/character-guide.ts,644,644,VariableDeclaration,actor,false,load
src/framework/plugins/character-guide.ts,647,647,VariableDeclaration,active,false,load
src/framework/plugins/character-guide.ts,649,649,VariableDeclaration,key,false,load
src/framework/plugins/character-guide.ts,650,650,VariableDeclaration,confirmation,false,load
src/framework/plugins/character-guide.ts,656,656,VariableDeclaration,expiresAt,false,load
src/framework/plugins/character-guide.ts,670,670,VariableDeclaration,group,false,load
src/framework/plugins/character-guide.ts,672,672,VariableDeclaration,metadata,false,load
src/framework/plugins/character-guide.ts,673,673,VariableDeclaration,guides,false,load
src/framework/plugins/codebase.ts,6,6,VariableDeclaration,DEFAULT_EXPORT_PATH,false,
src/framework/plugins/codebase.ts,7,7,VariableDeclaration,DEFAULT_MAX_BYTES,false,
src/framework/plugins/codebase.ts,8,8,VariableDeclaration,ZIP_SIGNATURE,false,
src/framework/plugins/codebase.ts,10,12,FunctionDeclaration,safeError,false,
src/framework/plugins/codebase.ts,14,21,FunctionDeclaration,exportPath,false,
src/framework/plugins/codebase.ts,15,15,VariableDeclaration,configured,false,exportPath
src/framework/plugins/codebase.ts,17,17,VariableDeclaration,absolute,false,exportPath
src/framework/plugins/codebase.ts,18,18,VariableDeclaration,root,false,exportPath
src/framework/plugins/codebase.ts,23,27,FunctionDeclaration,maxBytes,false,
src/framework/plugins/codebase.ts,24,24,VariableDeclaration,configured,false,maxBytes
src/framework/plugins/codebase.ts,29,55,FunctionDeclaration,sendCodebaseExport,false,
src/framework/plugins/codebase.ts,34,34,VariableDeclaration,sendMedia,false,sendCodebaseExport
src/framework/plugins/codebase.ts,40,40,VariableDeclaration,path,false,sendCodebaseExport
src/framework/plugins/codebase.ts,41,41,VariableDeclaration,entry,false,sendCodebaseExport
src/framework/plugins/codebase.ts,42,42,VariableDeclaration,data,false,sendCodebaseExport
src/framework/plugins/codebase.ts,43,43,VariableDeclaration,limit,false,sendCodebaseExport
src/framework/plugins/codebase.ts,57,78,VariableDeclaration,codebasePlugin,false,
src/framework/plugins/codebase.ts,60,77,MethodDeclaration,load,false,
src/framework/plugins/codebase.ts,71,71,VariableDeclaration,error,false,load
src/framework/plugins/developer-mode.ts,9,21,FunctionDeclaration,formatUptime,false,
src/framework/plugins/developer-mode.ts,10,10,VariableDeclaration,totalSeconds,false,formatUptime
src/framework/plugins/developer-mode.ts,11,11,VariableDeclaration,days,false,formatUptime
src/framework/plugins/developer-mode.ts,12,12,VariableDeclaration,hours,false,formatUptime
src/framework/plugins/developer-mode.ts,13,13,VariableDeclaration,minutes,false,formatUptime
src/framework/plugins/developer-mode.ts,14,14,VariableDeclaration,remainingSeconds,false,formatUptime
src/framework/plugins/developer-mode.ts,15,15,VariableDeclaration,parts,false,formatUptime
src/framework/plugins/developer-mode.ts,23,25,FunctionDeclaration,connectionStatus,false,
src/framework/plugins/developer-mode.ts,27,29,FunctionDeclaration,bareJid,false,
src/framework/plugins/developer-mode.ts,31,38,FunctionDeclaration,isOwner,false,
src/framework/plugins/developer-mode.ts,40,42,FunctionDeclaration,service,false,
src/framework/plugins/developer-mode.ts,44,53,FunctionDeclaration,formatActivation,false,
src/framework/plugins/developer-mode.ts,45,45,VariableDeclaration,target,false,formatActivation
src/framework/plugins/developer-mode.ts,55,76,FunctionDeclaration,helpText,false,
src/framework/plugins/developer-mode.ts,78,85,FunctionDeclaration,parseMinutes,false,
src/framework/plugins/developer-mode.ts,80,80,VariableDeclaration,minutes,false,parseMinutes
src/framework/plugins/developer-mode.ts,87,90,FunctionDeclaration,safeError,false,
src/framework/plugins/developer-mode.ts,92,236,VariableDeclaration,developerModePlugin,false,
src/framework/plugins/developer-mode.ts,95,235,MethodDeclaration,load,false,
src/framework/plugins/developer-mode.ts,105,105,VariableDeclaration,developerMode,false,load
src/framework/plugins/developer-mode.ts,106,106,VariableDeclaration,"[subcommand = 'help', ...args]",false,load
src/framework/plugins/developer-mode.ts,107,107,VariableDeclaration,owner,false,load
src/framework/plugins/developer-mode.ts,119,119,VariableDeclaration,"[target, scope, minutes, ...reasonParts]",false,load
src/framework/plugins/developer-mode.ts,125,131,VariableDeclaration,activation,false,load
src/framework/plugins/developer-mode.ts,138,138,VariableDeclaration,error,false,load
src/framework/plugins/developer-mode.ts,149,149,VariableDeclaration,activationId,false,load
src/framework/plugins/developer-mode.ts,154,154,VariableDeclaration,revoked,false,load
src/framework/plugins/developer-mode.ts,172,172,VariableDeclaration,activations,false,load
src/framework/plugins/developer-mode.ts,173,173,VariableDeclaration,global,false,load
src/framework/plugins/developer-mode.ts,185,185,VariableDeclaration,memory,false,load
src/framework/plugins/developer-mode.ts,213,216,VariableDeclaration,commands,false,load
src/framework/plugins/diagnostics.ts,4,16,FunctionDeclaration,formatUptime,false,
src/framework/plugins/diagnostics.ts,5,5,VariableDeclaration,totalSeconds,false,formatUptime
src/framework/plugins/diagnostics.ts,6,6,VariableDeclaration,days,false,formatUptime
src/framework/plugins/diagnostics.ts,7,7,VariableDeclaration,hours,false,formatUptime
src/framework/plugins/diagnostics.ts,8,8,VariableDeclaration,minutes,false,formatUptime
src/framework/plugins/diagnostics.ts,9,9,VariableDeclaration,remainingSeconds,false,formatUptime
src/framework/plugins/diagnostics.ts,10,10,VariableDeclaration,parts,false,formatUptime
src/framework/plugins/diagnostics.ts,18,24,FunctionDeclaration,formatBytes,false,
src/framework/plugins/diagnostics.ts,26,28,FunctionDeclaration,status,false,
src/framework/plugins/diagnostics.ts,30,40,FunctionDeclaration,commonHealth,false,
src/framework/plugins/diagnostics.ts,31,31,VariableDeclaration,services,false,commonHealth
src/framework/plugins/diagnostics.ts,42,50,FunctionDeclaration,detailedDiagnostics,false,
src/framework/plugins/diagnostics.ts,52,79,VariableDeclaration,diagnosticsPlugin,false,
src/framework/plugins/diagnostics.ts,55,78,MethodDeclaration,load,false,
src/framework/plugins/economy.ts,20,20,VariableDeclaration,ECONOMY_BACKEND_PENDING_TEXT,false,
src/framework/plugins/economy.ts,22,30,VariableDeclaration,ECONOMY_COMMAND_NAMES,false,
src/framework/plugins/economy.ts,32,45,FunctionDeclaration,registerEconomyRefusalSurface,false,
src/framework/plugins/economy.ts,33,33,VariableDeclaration,"{ name, aliases }",false,registerEconomyRefusalSurface
src/framework/plugins/economy.ts,47,49,FunctionDeclaration,economyService,false,
src/framework/plugins/economy.ts,51,53,FunctionDeclaration,actorJid,false,
src/framework/plugins/economy.ts,55,57,FunctionDeclaration,formatVela,false,
src/framework/plugins/economy.ts,59,61,FunctionDeclaration,safeTier,false,
src/framework/plugins/economy.ts,63,70,FunctionDeclaration,safeStatus,false,
src/framework/plugins/economy.ts,72,97,FunctionDeclaration,renderSnapshot,false,
src/framework/plugins/economy.ts,81,81,VariableDeclaration,walletAvailable,false,renderSnapshot
src/framework/plugins/economy.ts,82,82,VariableDeclaration,safeLimit,false,renderSnapshot
src/framework/plugins/economy.ts,99,117,FunctionDeclaration,bankHelp,false,
src/framework/plugins/economy.ts,119,124,FunctionDeclaration,bankRewardUsage,false,
src/framework/plugins/economy.ts,126,135,FunctionDeclaration,adminHelp,false,
src/framework/plugins/economy.ts,137,139,FunctionDeclaration,unavailableText,false,
src/framework/plugins/economy.ts,141,143,FunctionDeclaration,groupOnlyText,false,
src/framework/plugins/economy.ts,145,149,FunctionDeclaration,parseAmount,false,
src/framework/plugins/economy.ts,147,147,VariableDeclaration,amount,false,parseAmount
src/framework/plugins/economy.ts,151,157,FunctionDeclaration,amountFromArgs,false,
src/framework/plugins/economy.ts,152,152,VariableDeclaration,raw,false,amountFromArgs
src/framework/plugins/economy.ts,153,153,VariableDeclaration,amount,false,amountFromArgs
src/framework/plugins/economy.ts,159,165,FunctionDeclaration,targetFromMessage,false,
src/framework/plugins/economy.ts,160,160,VariableDeclaration,mentioned,false,targetFromMessage
src/framework/plugins/economy.ts,167,173,FunctionDeclaration,requireGroup,false,
src/framework/plugins/economy.ts,175,182,FunctionDeclaration,requireActor,false,
src/framework/plugins/economy.ts,176,176,VariableDeclaration,actor,false,requireActor
src/framework/plugins/economy.ts,184,195,FunctionDeclaration,runEconomyAction,false,
src/framework/plugins/economy.ts,187,187,VariableDeclaration,error,false,runEconomyAction
src/framework/plugins/economy.ts,197,199,FunctionDeclaration,mutationStatus,false,
src/framework/plugins/economy.ts,201,206,FunctionDeclaration,resultAmount,false,
src/framework/plugins/economy.ts,202,202,VariableDeclaration,value,false,resultAmount
src/framework/plugins/economy.ts,208,217,FunctionDeclaration,renderMutation,false,
src/framework/plugins/economy.ts,209,209,VariableDeclaration,amount,false,renderMutation
src/framework/plugins/economy.ts,210,210,VariableDeclaration,transferId,false,renderMutation
src/framework/plugins/economy.ts,211,211,VariableDeclaration,expiresAt,false,renderMutation
src/framework/plugins/economy.ts,212,212,VariableDeclaration,lines,false,renderMutation
src/framework/plugins/economy.ts,219,245,FunctionDeclaration,renderHistory,false,
src/framework/plugins/economy.ts,221,234,VariableDeclaration,labels,false,renderHistory
src/framework/plugins/economy.ts,239,239,VariableDeclaration,wallet,false,renderHistory
src/framework/plugins/economy.ts,240,240,VariableDeclaration,safe,false,renderHistory
src/framework/plugins/economy.ts,241,241,VariableDeclaration,reserved,false,renderHistory
src/framework/plugins/economy.ts,247,249,FunctionDeclaration,membershipTier,false,
src/framework/plugins/economy.ts,251,253,FunctionDeclaration,operationKey,false,
src/framework/plugins/economy.ts,255,353,FunctionDeclaration,handleBank,false,
src/framework/plugins/economy.ts,256,256,VariableDeclaration,groupJid,false,handleBank
src/framework/plugins/economy.ts,258,258,VariableDeclaration,actor,false,handleBank
src/framework/plugins/economy.ts,260,260,VariableDeclaration,service,false,handleBank
src/framework/plugins/economy.ts,261,261,VariableDeclaration,action,false,handleBank
src/framework/plugins/economy.ts,269,269,VariableDeclaration,{ snapshot },false,handleBank
src/framework/plugins/economy.ts,291,291,VariableDeclaration,{ amount },false,handleBank
src/framework/plugins/economy.ts,300,300,VariableDeclaration,{ amount },false,handleBank
src/framework/plugins/economy.ts,309,309,VariableDeclaration,target,false,handleBank
src/framework/plugins/economy.ts,310,310,VariableDeclaration,"{ amount, raw }",false,handleBank
src/framework/plugins/economy.ts,315,315,VariableDeclaration,note,false,handleBank
src/framework/plugins/economy.ts,320,320,VariableDeclaration,transferId,false,handleBank
src/framework/plugins/economy.ts,329,329,VariableDeclaration,transferId,false,handleBank
src/framework/plugins/economy.ts,338,338,VariableDeclaration,tier,false,handleBank
src/framework/plugins/economy.ts,347,347,VariableDeclaration,requested,false,handleBank
src/framework/plugins/economy.ts,348,348,VariableDeclaration,limit,false,handleBank
src/framework/plugins/economy.ts,355,525,VariableDeclaration,economyPlugin,false,
src/framework/plugins/economy.ts,358,524,MethodDeclaration,load,false,
src/framework/plugins/economy.ts,359,359,VariableDeclaration,service,false,load
src/framework/plugins/economy.ts,380,380,VariableDeclaration,groupJid,false,load
src/framework/plugins/economy.ts,382,382,VariableDeclaration,actor,false,load
src/framework/plugins/economy.ts,385,385,VariableDeclaration,result,false,load
src/framework/plugins/economy.ts,409,409,VariableDeclaration,groupJid,false,load
src/framework/plugins/economy.ts,411,411,VariableDeclaration,actor,false,load
src/framework/plugins/economy.ts,413,413,VariableDeclaration,enabled,false,load
src/framework/plugins/economy.ts,430,430,VariableDeclaration,groupJid,false,load
src/framework/plugins/economy.ts,432,432,VariableDeclaration,actor,false,load
src/framework/plugins/economy.ts,434,434,VariableDeclaration,target,false,load
src/framework/plugins/economy.ts,435,435,VariableDeclaration,{ amount },false,load
src/framework/plugins/economy.ts,456,456,VariableDeclaration,groupJid,false,load
src/framework/plugins/economy.ts,458,458,VariableDeclaration,actor,false,load
src/framework/plugins/economy.ts,460,460,VariableDeclaration,target,false,load
src/framework/plugins/economy.ts,476,476,VariableDeclaration,groupJid,false,load
src/framework/plugins/economy.ts,478,478,VariableDeclaration,actor,false,load
src/framework/plugins/economy.ts,481,481,VariableDeclaration,summary,false,load
src/framework/plugins/economy.ts,483,498,VariableDeclaration,lines,false,load
src/framework/plugins/economy.ts,512,512,VariableDeclaration,groupJid,false,load
src/framework/plugins/economy.ts,514,514,VariableDeclaration,actor,false,load
src/framework/plugins/economy.ts,517,517,VariableDeclaration,summary,false,load
src/framework/plugins/group-context.ts,20,20,VariableDeclaration,GROUP_CONTEXT_BACKEND_PENDING_TEXT,false,
src/framework/plugins/group-context.ts,22,26,VariableDeclaration,GROUP_CONTEXT_COMMAND_NAMES,false,
src/framework/plugins/group-context.ts,28,41,FunctionDeclaration,registerGroupContextRefusalSurface,false,
src/framework/plugins/group-context.ts,29,29,VariableDeclaration,"{ name, aliases }",false,registerGroupContextRefusalSurface
src/framework/plugins/group-context.ts,43,43,VariableDeclaration,GUIDE_CONFIRM_TTL_MS,false,
src/framework/plugins/group-context.ts,44,44,VariableDeclaration,DEFAULT_OOC_COOLDOWN_MS,false,
src/framework/plugins/group-context.ts,45,45,VariableDeclaration,DEFAULT_OOC_WINDOW_MS,false,
src/framework/plugins/group-context.ts,46,46,VariableDeclaration,DEFAULT_OOC_MAX_PER_WINDOW,false,
src/framework/plugins/group-context.ts,47,47,VariableDeclaration,CUT_WARNING_COOLDOWN_MS,false,
src/framework/plugins/group-context.ts,49,51,FunctionDeclaration,contextService,false,
src/framework/plugins/group-context.ts,53,55,FunctionDeclaration,groupJid,false,
src/framework/plugins/group-context.ts,57,59,FunctionDeclaration,actorJid,false,
src/framework/plugins/group-context.ts,61,63,FunctionDeclaration,userLabel,false,
src/framework/plugins/group-context.ts,65,69,FunctionDeclaration,subtypeLabel,false,
src/framework/plugins/group-context.ts,71,73,FunctionDeclaration,modeLabel,false,
src/framework/plugins/group-context.ts,75,82,FunctionDeclaration,renderGroupContextStatus,true,
src/framework/plugins/group-context.ts,84,91,FunctionDeclaration,usage,false,
src/framework/plugins/group-context.ts,93,99,FunctionDeclaration,whitelistUsage,false,
src/framework/plugins/group-context.ts,101,104,FunctionDeclaration,targetFromMessage,false,
src/framework/plugins/group-context.ts,102,102,VariableDeclaration,mentioned,false,targetFromMessage
src/framework/plugins/group-context.ts,106,109,FunctionDeclaration,isManualOocMarker,false,
src/framework/plugins/group-context.ts,111,116,FunctionDeclaration,commandNameFromMessage,false,
src/framework/plugins/group-context.ts,112,112,VariableDeclaration,trimmed,false,commandNameFromMessage
src/framework/plugins/group-context.ts,114,114,VariableDeclaration,token,false,commandNameFromMessage
src/framework/plugins/group-context.ts,118,120,FunctionDeclaration,formatOocCooldown,false,
src/framework/plugins/group-context.ts,122,124,InterfaceDeclaration,PendingGuideConfirmation,false,
src/framework/plugins/group-context.ts,126,129,InterfaceDeclaration,OocUsage,false,
src/framework/plugins/group-context.ts,131,382,FunctionDeclaration,createGroupContextPlugin,true,
src/framework/plugins/group-context.ts,132,132,VariableDeclaration,pendingGuide,false,createGroupContextPlugin
src/framework/plugins/group-context.ts,133,133,VariableDeclaration,oocUsage,false,createGroupContextPlugin
src/framework/plugins/group-context.ts,134,134,VariableDeclaration,cutWarnings,false,createGroupContextPlugin
src/framework/plugins/group-context.ts,140,380,MethodDeclaration,load,false,createGroupContextPlugin
src/framework/plugins/group-context.ts,141,141,VariableDeclaration,service,false,load
src/framework/plugins/group-context.ts,154,154,VariableDeclaration,oocCooldownMs,false,load
src/framework/plugins/group-context.ts,155,155,VariableDeclaration,oocWindowMs,false,load
src/framework/plugins/group-context.ts,156,156,VariableDeclaration,oocMaxPerWindow,false,load
src/framework/plugins/group-context.ts,160,160,VariableDeclaration,commandName,false,load
src/framework/plugins/group-context.ts,163,163,VariableDeclaration,groupContext,false,load
src/framework/plugins/group-context.ts,166,166,VariableDeclaration,sender,false,load
src/framework/plugins/group-context.ts,169,169,VariableDeclaration,text,false,load
src/framework/plugins/group-context.ts,170,170,VariableDeclaration,isSticker,false,load
src/framework/plugins/group-context.ts,171,171,VariableDeclaration,hasAnyMedia,false,load
src/framework/plugins/group-context.ts,172,172,VariableDeclaration,isNarrative,false,load
src/framework/plugins/group-context.ts,175,175,VariableDeclaration,warningKey,false,load
src/framework/plugins/group-context.ts,176,176,VariableDeclaration,now,false,load
src/framework/plugins/group-context.ts,177,177,VariableDeclaration,lastWarning,false,load
src/framework/plugins/group-context.ts,186,186,VariableDeclaration,"[key, timestamp]",false,load
src/framework/plugins/group-context.ts,198,198,VariableDeclaration,group,false,load
src/framework/plugins/group-context.ts,199,199,VariableDeclaration,actor,false,load
src/framework/plugins/group-context.ts,204,204,VariableDeclaration,requestedMode,false,load
src/framework/plugins/group-context.ts,205,205,VariableDeclaration,aliases,false,load
src/framework/plugins/group-context.ts,207,207,VariableDeclaration,current,false,load
src/framework/plugins/group-context.ts,211,211,VariableDeclaration,first,false,load
src/framework/plugins/group-context.ts,216,216,VariableDeclaration,mode,false,load
src/framework/plugins/group-context.ts,217,217,VariableDeclaration,isGuideConfirm,false,load
src/framework/plugins/group-context.ts,218,218,VariableDeclaration,subtype,false,load
src/framework/plugins/group-context.ts,220,220,VariableDeclaration,candidate,false,load
src/framework/plugins/group-context.ts,231,231,VariableDeclaration,confirmationKey,false,load
src/framework/plugins/group-context.ts,241,241,VariableDeclaration,pending,false,load
src/framework/plugins/group-context.ts,250,250,VariableDeclaration,updated,false,load
src/framework/plugins/group-context.ts,252,252,VariableDeclaration,error,false,load
src/framework/plugins/group-context.ts,265,265,VariableDeclaration,group,false,load
src/framework/plugins/group-context.ts,266,266,VariableDeclaration,actor,false,load
src/framework/plugins/group-context.ts,271,271,VariableDeclaration,current,false,load
src/framework/plugins/group-context.ts,272,272,VariableDeclaration,content,false,load
src/framework/plugins/group-context.ts,281,281,VariableDeclaration,now,false,load
src/framework/plugins/group-context.ts,282,282,VariableDeclaration,key,false,load
src/framework/plugins/group-context.ts,283,283,VariableDeclaration,redis,false,load
src/framework/plugins/group-context.ts,284,284,VariableDeclaration,rateDecision,false,load
src/framework/plugins/group-context.ts,286,289,VariableDeclaration,"[cooldown, window]",false,load
src/framework/plugins/group-context.ts,297,297,VariableDeclaration,previous,false,load
src/framework/plugins/group-context.ts,298,298,VariableDeclaration,timestamps,false,load
src/framework/plugins/group-context.ts,302,302,VariableDeclaration,firstAt,false,load
src/framework/plugins/group-context.ts,315,315,VariableDeclaration,"[usageKey, usage]",false,load
src/framework/plugins/group-context.ts,327,327,VariableDeclaration,group,false,load
src/framework/plugins/group-context.ts,328,328,VariableDeclaration,actor,false,load
src/framework/plugins/group-context.ts,333,333,VariableDeclaration,action,false,load
src/framework/plugins/group-context.ts,336,336,VariableDeclaration,entries,false,load
src/framework/plugins/group-context.ts,337,337,VariableDeclaration,metadata,false,load
src/framework/plugins/group-context.ts,338,341,VariableDeclaration,lines,false,load
src/framework/plugins/group-context.ts,339,339,VariableDeclaration,participant,false,load
src/framework/plugins/group-context.ts,350,350,VariableDeclaration,target,false,load
src/framework/plugins/group-context.ts,355,355,VariableDeclaration,metadata,false,load
src/framework/plugins/group-context.ts,375,375,VariableDeclaration,error,false,load
src/framework/plugins/group-governance.ts,6,8,FunctionDeclaration,groupJid,false,
src/framework/plugins/group-governance.ts,10,12,FunctionDeclaration,actorJid,false,
src/framework/plugins/group-governance.ts,14,16,FunctionDeclaration,governanceService,false,
src/framework/plugins/group-governance.ts,18,20,FunctionDeclaration,groupOnlyReply,false,
src/framework/plugins/group-governance.ts,22,25,FunctionDeclaration,correlationId,false,
src/framework/plugins/group-governance.ts,23,23,VariableDeclaration,safeMessageId,false,correlationId
src/framework/plugins/group-governance.ts,27,29,FunctionDeclaration,shortId,false,
src/framework/plugins/group-governance.ts,31,33,FunctionDeclaration,fields,false,
src/framework/plugins/group-governance.ts,35,51,FunctionDeclaration,help,false,
src/framework/plugins/group-governance.ts,53,72,FunctionDeclaration,renderDenied,false,
src/framework/plugins/group-governance.ts,74,275,FunctionDeclaration,createGroupGovernancePlugin,true,
src/framework/plugins/group-governance.ts,78,273,MethodDeclaration,load,false,createGroupGovernancePlugin
src/framework/plugins/group-governance.ts,86,86,VariableDeclaration,group,false,load
src/framework/plugins/group-governance.ts,88,88,VariableDeclaration,actor,false,load
src/framework/plugins/group-governance.ts,90,90,VariableDeclaration,service,false,load
src/framework/plugins/group-governance.ts,91,91,VariableDeclaration,action,false,load
src/framework/plugins/group-governance.ts,93,93,VariableDeclaration,settings,false,load
src/framework/plugins/group-governance.ts,99,99,VariableDeclaration,values,false,load
src/framework/plugins/group-governance.ts,105,105,VariableDeclaration,values,false,load
src/framework/plugins/group-governance.ts,107,107,VariableDeclaration,record,false,load
src/framework/plugins/group-governance.ts,113,113,VariableDeclaration,id,false,load
src/framework/plugins/group-governance.ts,115,115,VariableDeclaration,record,false,load
src/framework/plugins/group-governance.ts,120,120,VariableDeclaration,id,false,load
src/framework/plugins/group-governance.ts,121,121,VariableDeclaration,expectedRevision,false,load
src/framework/plugins/group-governance.ts,123,123,VariableDeclaration,target,false,load
src/framework/plugins/group-governance.ts,124,124,VariableDeclaration,record,false,load
src/framework/plugins/group-governance.ts,129,129,VariableDeclaration,id,false,load
src/framework/plugins/group-governance.ts,131,131,VariableDeclaration,history,false,load
src/framework/plugins/group-governance.ts,135,135,VariableDeclaration,status,false,load
src/framework/plugins/group-governance.ts,137,137,VariableDeclaration,records,false,load
src/framework/plugins/group-governance.ts,150,150,VariableDeclaration,group,false,load
src/framework/plugins/group-governance.ts,152,152,VariableDeclaration,actor,false,load
src/framework/plugins/group-governance.ts,154,154,VariableDeclaration,service,false,load
src/framework/plugins/group-governance.ts,156,156,VariableDeclaration,action,false,load
src/framework/plugins/group-governance.ts,159,159,VariableDeclaration,scope,false,load
src/framework/plugins/group-governance.ts,160,160,VariableDeclaration,last,false,load
src/framework/plugins/group-governance.ts,161,161,VariableDeclaration,evidenceCount,false,load
src/framework/plugins/group-governance.ts,162,162,VariableDeclaration,record,false,load
src/framework/plugins/group-governance.ts,167,167,VariableDeclaration,id,false,load
src/framework/plugins/group-governance.ts,168,168,VariableDeclaration,expectedRevision,false,load
src/framework/plugins/group-governance.ts,170,170,VariableDeclaration,target,false,load
src/framework/plugins/group-governance.ts,171,171,VariableDeclaration,record,false,load
src/framework/plugins/group-governance.ts,175,175,VariableDeclaration,records,false,load
src/framework/plugins/group-governance.ts,188,188,VariableDeclaration,group,false,load
src/framework/plugins/group-governance.ts,192,192,VariableDeclaration,result,false,load
src/framework/plugins/group-governance.ts,205,205,VariableDeclaration,group,false,load
src/framework/plugins/group-governance.ts,207,207,VariableDeclaration,service,false,load
src/framework/plugins/group-governance.ts,209,209,VariableDeclaration,requestedStatus,false,load
src/framework/plugins/group-governance.ts,211,211,VariableDeclaration,status,false,load
src/framework/plugins/group-governance.ts,212,212,VariableDeclaration,records,false,load
src/framework/plugins/group-governance.ts,224,224,VariableDeclaration,group,false,load
src/framework/plugins/group-governance.ts,226,226,VariableDeclaration,actor,false,load
src/framework/plugins/group-governance.ts,227,227,VariableDeclaration,bot,false,load
src/framework/plugins/group-governance.ts,228,228,VariableDeclaration,action,false,load
src/framework/plugins/group-governance.ts,229,229,VariableDeclaration,id,false,load
src/framework/plugins/group-governance.ts,230,230,VariableDeclaration,expectedRevision,false,load
src/framework/plugins/group-governance.ts,232,232,VariableDeclaration,service,false,load
src/framework/plugins/group-governance.ts,233,235,VariableDeclaration,result,false,load
src/framework/plugins/group-governance.ts,247,247,VariableDeclaration,group,false,load
src/framework/plugins/group-governance.ts,249,249,VariableDeclaration,actor,false,load
src/framework/plugins/group-governance.ts,250,250,VariableDeclaration,bot,false,load
src/framework/plugins/group-governance.ts,252,252,VariableDeclaration,service,false,load
src/framework/plugins/group-governance.ts,254,254,VariableDeclaration,action,false,load
src/framework/plugins/group-governance.ts,256,256,VariableDeclaration,link,false,load
src/framework/plugins/group-governance.ts,261,261,VariableDeclaration,preview,false,load
src/framework/plugins/group-governance.ts,266,266,VariableDeclaration,result,false,load
src/framework/plugins/group-moderation.ts,13,13,VariableDeclaration,ACTIONS,false,
src/framework/plugins/group-moderation.ts,14,14,VariableDeclaration,SETTINGS,false,
src/framework/plugins/group-moderation.ts,16,18,FunctionDeclaration,groupJid,false,
src/framework/plugins/group-moderation.ts,20,22,FunctionDeclaration,actorJid,false,
src/framework/plugins/group-moderation.ts,24,26,FunctionDeclaration,moderationService,false,
src/framework/plugins/group-moderation.ts,28,31,FunctionDeclaration,correlationId,false,
src/framework/plugins/group-moderation.ts,29,29,VariableDeclaration,safeMessageId,false,correlationId
src/framework/plugins/group-moderation.ts,33,35,FunctionDeclaration,groupOnlyReply,false,
src/framework/plugins/group-moderation.ts,37,53,FunctionDeclaration,renderDenied,false,
src/framework/plugins/group-moderation.ts,55,61,FunctionDeclaration,help,false,
src/framework/plugins/group-moderation.ts,63,190,FunctionDeclaration,createGroupModerationPlugin,true,
src/framework/plugins/group-moderation.ts,67,188,MethodDeclaration,load,false,createGroupModerationPlugin
src/framework/plugins/group-moderation.ts,76,76,VariableDeclaration,group,false,load
src/framework/plugins/group-moderation.ts,78,78,VariableDeclaration,action,false,load
src/framework/plugins/group-moderation.ts,79,79,VariableDeclaration,target,false,load
src/framework/plugins/group-moderation.ts,80,80,VariableDeclaration,actor,false,load
src/framework/plugins/group-moderation.ts,81,81,VariableDeclaration,bot,false,load
src/framework/plugins/group-moderation.ts,86,86,VariableDeclaration,service,false,load
src/framework/plugins/group-moderation.ts,87,87,VariableDeclaration,configuredMode,false,load
src/framework/plugins/group-moderation.ts,92,100,VariableDeclaration,planned,false,load
src/framework/plugins/group-moderation.ts,109,109,VariableDeclaration,result,false,load
src/framework/plugins/group-moderation.ts,114,114,VariableDeclaration,statuses,false,load
src/framework/plugins/group-moderation.ts,115,115,VariableDeclaration,okCount,false,load
src/framework/plugins/group-moderation.ts,131,131,VariableDeclaration,group,false,load
src/framework/plugins/group-moderation.ts,133,133,VariableDeclaration,setting,false,load
src/framework/plugins/group-moderation.ts,134,134,VariableDeclaration,actor,false,load
src/framework/plugins/group-moderation.ts,135,135,VariableDeclaration,bot,false,load
src/framework/plugins/group-moderation.ts,140,140,VariableDeclaration,service,false,load
src/framework/plugins/group-moderation.ts,141,141,VariableDeclaration,configuredMode,false,load
src/framework/plugins/group-moderation.ts,146,153,VariableDeclaration,planned,false,load
src/framework/plugins/group-moderation.ts,162,162,VariableDeclaration,result,false,load
src/framework/plugins/group-moderation.ts,176,176,VariableDeclaration,group,false,load
src/framework/plugins/group-moderation.ts,178,178,VariableDeclaration,service,false,load
src/framework/plugins/group-moderation.ts,179,179,VariableDeclaration,mode,false,load
src/framework/plugins/group-moderation.ts,180,180,VariableDeclaration,recent,false,load
src/framework/plugins/group-safety.ts,6,6,VariableDeclaration,LINK_PATTERN,false,
src/framework/plugins/group-safety.ts,7,7,VariableDeclaration,MAX_RENDERED_REASON,false,
src/framework/plugins/group-safety.ts,9,11,FunctionDeclaration,groupJid,false,
src/framework/plugins/group-safety.ts,13,15,FunctionDeclaration,actorJid,false,
src/framework/plugins/group-safety.ts,17,19,FunctionDeclaration,targetJid,false,
src/framework/plugins/group-safety.ts,21,23,FunctionDeclaration,requireGroup,false,
src/framework/plugins/group-safety.ts,25,27,FunctionDeclaration,normalizeReason,false,
src/framework/plugins/group-safety.ts,29,31,FunctionDeclaration,shorten,false,
src/framework/plugins/group-safety.ts,33,35,FunctionDeclaration,formatWarning,false,
src/framework/plugins/group-safety.ts,37,39,FunctionDeclaration,formatCase,false,
src/framework/plugins/group-safety.ts,41,48,FunctionDeclaration,isAdmin,false,
src/framework/plugins/group-safety.ts,43,43,VariableDeclaration,bare,false,isAdmin
src/framework/plugins/group-safety.ts,45,45,VariableDeclaration,participantBare,false,isAdmin
src/framework/plugins/group-safety.ts,50,52,FunctionDeclaration,safetyService,false,
src/framework/plugins/group-safety.ts,54,56,FunctionDeclaration,findCaseByPrefix,false,
src/framework/plugins/group-safety.ts,58,60,FunctionDeclaration,modeHelp,false,
src/framework/plugins/group-safety.ts,62,325,FunctionDeclaration,createGroupSafetyPlugin,true,
src/framework/plugins/group-safety.ts,66,323,MethodDeclaration,load,false,createGroupSafetyPlugin
src/framework/plugins/group-safety.ts,73,73,VariableDeclaration,group,false,load
src/framework/plugins/group-safety.ts,78,78,VariableDeclaration,settings,false,load
src/framework/plugins/group-safety.ts,90,90,VariableDeclaration,group,false,load
src/framework/plugins/group-safety.ts,95,95,VariableDeclaration,mode,false,load
src/framework/plugins/group-safety.ts,100,100,VariableDeclaration,actor,false,load
src/framework/plugins/group-safety.ts,105,105,VariableDeclaration,record,false,load
src/framework/plugins/group-safety.ts,117,117,VariableDeclaration,group,false,load
src/framework/plugins/group-safety.ts,122,122,VariableDeclaration,target,false,load
src/framework/plugins/group-safety.ts,123,123,VariableDeclaration,actor,false,load
src/framework/plugins/group-safety.ts,124,124,VariableDeclaration,reason,false,load
src/framework/plugins/group-safety.ts,129,129,VariableDeclaration,warning,false,load
src/framework/plugins/group-safety.ts,142,142,VariableDeclaration,group,false,load
src/framework/plugins/group-safety.ts,147,147,VariableDeclaration,target,false,load
src/framework/plugins/group-safety.ts,148,148,VariableDeclaration,warnings,false,load
src/framework/plugins/group-safety.ts,160,160,VariableDeclaration,group,false,load
src/framework/plugins/group-safety.ts,165,165,VariableDeclaration,idPrefix,false,load
src/framework/plugins/group-safety.ts,166,166,VariableDeclaration,actor,false,load
src/framework/plugins/group-safety.ts,171,171,VariableDeclaration,warning,false,load
src/framework/plugins/group-safety.ts,172,172,VariableDeclaration,warningId,false,load
src/framework/plugins/group-safety.ts,173,173,VariableDeclaration,revoked,false,load
src/framework/plugins/group-safety.ts,184,184,VariableDeclaration,group,false,load
src/framework/plugins/group-safety.ts,189,189,VariableDeclaration,reporter,false,load
src/framework/plugins/group-safety.ts,190,190,VariableDeclaration,target,false,load
src/framework/plugins/group-safety.ts,191,191,VariableDeclaration,reason,false,load
src/framework/plugins/group-safety.ts,196,196,VariableDeclaration,result,false,load
src/framework/plugins/group-safety.ts,208,208,VariableDeclaration,group,false,load
src/framework/plugins/group-safety.ts,213,213,VariableDeclaration,cases,false,load
src/framework/plugins/group-safety.ts,225,225,VariableDeclaration,group,false,load
src/framework/plugins/group-safety.ts,230,230,VariableDeclaration,id,false,load
src/framework/plugins/group-safety.ts,235,235,VariableDeclaration,record,false,load
src/framework/plugins/group-safety.ts,248,248,VariableDeclaration,group,false,load
src/framework/plugins/group-safety.ts,253,253,VariableDeclaration,id,false,load
src/framework/plugins/group-safety.ts,254,254,VariableDeclaration,expectedRevision,false,load
src/framework/plugins/group-safety.ts,255,255,VariableDeclaration,actor,false,load
src/framework/plugins/group-safety.ts,260,260,VariableDeclaration,targetCase,false,load
src/framework/plugins/group-safety.ts,261,261,VariableDeclaration,record,false,load
src/framework/plugins/group-safety.ts,266,266,VariableDeclaration,"[name, status, label]",false,load
src/framework/plugins/group-safety.ts,274,274,VariableDeclaration,group,false,load
src/framework/plugins/group-safety.ts,279,279,VariableDeclaration,id,false,load
src/framework/plugins/group-safety.ts,280,280,VariableDeclaration,expectedRevision,false,load
src/framework/plugins/group-safety.ts,281,281,VariableDeclaration,note,false,load
src/framework/plugins/group-safety.ts,282,282,VariableDeclaration,actor,false,load
src/framework/plugins/group-safety.ts,287,287,VariableDeclaration,targetCase,false,load
src/framework/plugins/group-safety.ts,288,290,VariableDeclaration,record,false,load
src/framework/plugins/group-safety.ts,302,302,VariableDeclaration,group,false,load
src/framework/plugins/group-safety.ts,307,307,VariableDeclaration,id,false,load
src/framework/plugins/group-safety.ts,308,308,VariableDeclaration,reason,false,load
src/framework/plugins/group-safety.ts,309,309,VariableDeclaration,actor,false,load
src/framework/plugins/group-safety.ts,314,314,VariableDeclaration,targetCase,false,load
src/framework/plugins/group-safety.ts,315,315,VariableDeclaration,result,false,load
src/framework/plugins/group-safety.ts,327,357,FunctionDeclaration,inspectMessage,false,
src/framework/plugins/group-safety.ts,328,328,VariableDeclaration,group,false,inspectMessage
src/framework/plugins/group-safety.ts,329,329,VariableDeclaration,text,false,inspectMessage
src/framework/plugins/group-safety.ts,330,330,VariableDeclaration,sender,false,inspectMessage
src/framework/plugins/group-safety.ts,332,332,VariableDeclaration,safety,false,inspectMessage
src/framework/plugins/group-safety.ts,335,335,VariableDeclaration,linkDetected,false,inspectMessage
src/framework/plugins/group-safety.ts,336,336,VariableDeclaration,spamAllowed,false,inspectMessage
src/framework/plugins/group-safety.ts,339,339,VariableDeclaration,metadata,false,inspectMessage
src/framework/plugins/group-safety.ts,342,342,VariableDeclaration,error,false,inspectMessage
src/framework/plugins/group-safety.ts,348,348,VariableDeclaration,detectionNow,false,inspectMessage
src/framework/plugins/group-safety.ts,350,350,VariableDeclaration,result,false,inspectMessage
src/framework/plugins/group-safety.ts,354,354,VariableDeclaration,result,false,inspectMessage
src/framework/plugins/group-setup-mission.ts,18,18,VariableDeclaration,INITIAL_PROMPT,false,
src/framework/plugins/group-setup-mission.ts,20,147,FunctionDeclaration,createGroupSetupMissionPlugin,true,
src/framework/plugins/group-setup-mission.ts,21,21,VariableDeclaration,database,false,createGroupSetupMissionPlugin
src/framework/plugins/group-setup-mission.ts,22,22,VariableDeclaration,engine,false,createGroupSetupMissionPlugin
src/framework/plugins/group-setup-mission.ts,23,23,VariableDeclaration,unbindMessageListener,false,createGroupSetupMissionPlugin
src/framework/plugins/group-setup-mission.ts,24,24,VariableDeclaration,unregisterCommand,false,createGroupSetupMissionPlugin
src/framework/plugins/group-setup-mission.ts,30,102,MethodDeclaration,load,false,createGroupSetupMissionPlugin
src/framework/plugins/group-setup-mission.ts,36,36,VariableDeclaration,databasePath,false,load
src/framework/plugins/group-setup-mission.ts,42,42,VariableDeclaration,store,false,load
src/framework/plugins/group-setup-mission.ts,44,44,VariableDeclaration,configuration,false,load
src/framework/plugins/group-setup-mission.ts,58,58,VariableDeclaration,groupJid,false,load
src/framework/plugins/group-setup-mission.ts,63,63,VariableDeclaration,actorJid,false,load
src/framework/plugins/group-setup-mission.ts,68,68,VariableDeclaration,current,false,load
src/framework/plugins/group-setup-mission.ts,69,69,VariableDeclaration,requestedCancel,false,load
src/framework/plugins/group-setup-mission.ts,76,76,VariableDeclaration,cancelled,false,load
src/framework/plugins/group-setup-mission.ts,83,90,VariableDeclaration,mission,false,load
src/framework/plugins/group-setup-mission.ts,103,111,MethodDeclaration,unload,false,createGroupSetupMissionPlugin
src/framework/plugins/group-setup-mission.ts,114,146,FunctionDeclaration,handleMissionMessage,false,createGroupSetupMissionPlugin
src/framework/plugins/group-setup-mission.ts,115,115,VariableDeclaration,currentEngine,false,handleMissionMessage
src/framework/plugins/group-setup-mission.ts,117,117,VariableDeclaration,current,false,handleMissionMessage
src/framework/plugins/group-setup-mission.ts,120,120,VariableDeclaration,text,false,handleMissionMessage
src/framework/plugins/group-setup-mission.ts,122,122,VariableDeclaration,value,false,handleMissionMessage
src/framework/plugins/group-setup-mission.ts,126,126,VariableDeclaration,metadata,false,handleMissionMessage
src/framework/plugins/group-setup-mission.ts,127,127,VariableDeclaration,participant,false,handleMissionMessage
src/framework/plugins/group-setup-mission.ts,133,133,VariableDeclaration,error,false,handleMissionMessage
src/framework/plugins/group-setup-mission.ts,138,143,VariableDeclaration,result,false,handleMissionMessage
src/framework/plugins/group.ts,18,18,VariableDeclaration,PAGE_SIZE,false,
src/framework/plugins/group.ts,20,23,FunctionDeclaration,userLabel,false,
src/framework/plugins/group.ts,21,21,VariableDeclaration,user,false,userLabel
src/framework/plugins/group.ts,25,28,FunctionDeclaration,mentionOptions,false,
src/framework/plugins/group.ts,26,26,VariableDeclaration,mentions,false,mentionOptions
src/framework/plugins/group.ts,30,32,FunctionDeclaration,isGroup,false,
src/framework/plugins/group.ts,34,38,FunctionDeclaration,requireGroup,false,
src/framework/plugins/group.ts,40,44,FunctionDeclaration,participantRoleLabel,false,
src/framework/plugins/group.ts,46,48,FunctionDeclaration,bareJid,false,
src/framework/plugins/group.ts,50,53,FunctionDeclaration,isBotOwner,false,
src/framework/plugins/group.ts,55,57,FunctionDeclaration,roleLabel,false,
src/framework/plugins/group.ts,59,63,FunctionDeclaration,findParticipant,false,
src/framework/plugins/group.ts,61,61,VariableDeclaration,normalized,false,findParticipant
src/framework/plugins/group.ts,65,67,FunctionDeclaration,groupConfiguration,false,
src/framework/plugins/group.ts,69,73,FunctionDeclaration,groupContext,false,
src/framework/plugins/group.ts,75,88,FunctionDeclaration,renderContextStatus,false,
src/framework/plugins/group.ts,76,80,VariableDeclaration,subtype,false,renderContextStatus
src/framework/plugins/group.ts,90,98,FunctionDeclaration,requireOocContext,false,
src/framework/plugins/group.ts,92,92,VariableDeclaration,service,false,requireOocContext
src/framework/plugins/group.ts,94,94,VariableDeclaration,current,false,requireOocContext
src/framework/plugins/group.ts,100,102,FunctionDeclaration,updateActor,false,
src/framework/plugins/group.ts,104,110,FunctionDeclaration,renderHeader,false,
src/framework/plugins/group.ts,112,114,FunctionDeclaration,renderFooter,false,
src/framework/plugins/group.ts,116,119,FunctionDeclaration,parseHistoryLimit,false,
src/framework/plugins/group.ts,121,123,FunctionDeclaration,historyPreview,false,
src/framework/plugins/group.ts,125,131,FunctionDeclaration,formatHistoryTime,false,
src/framework/plugins/group.ts,133,151,FunctionDeclaration,renderGroupInfo,false,
src/framework/plugins/group.ts,134,134,VariableDeclaration,adminCount,false,renderGroupInfo
src/framework/plugins/group.ts,135,135,VariableDeclaration,bot,false,renderGroupInfo
src/framework/plugins/group.ts,153,181,FunctionDeclaration,renderParticipantList,false,
src/framework/plugins/group.ts,161,161,VariableDeclaration,totalPages,false,renderParticipantList
src/framework/plugins/group.ts,162,162,VariableDeclaration,currentPage,false,renderParticipantList
src/framework/plugins/group.ts,163,163,VariableDeclaration,start,false,renderParticipantList
src/framework/plugins/group.ts,164,164,VariableDeclaration,visible,false,renderParticipantList
src/framework/plugins/group.ts,165,171,VariableDeclaration,lines,false,renderParticipantList
src/framework/plugins/group.ts,174,174,VariableDeclaration,"[index, participant]",false,renderParticipantList
src/framework/plugins/group.ts,183,185,FunctionDeclaration,parsePage,false,
src/framework/plugins/group.ts,187,189,FunctionDeclaration,memberTargetJid,false,
src/framework/plugins/group.ts,191,193,FunctionDeclaration,targetJid,false,
src/framework/plugins/group.ts,195,575,VariableDeclaration,groupPlugin,false,
src/framework/plugins/group.ts,198,574,MethodDeclaration,load,false,
src/framework/plugins/group.ts,207,207,VariableDeclaration,metadata,false,load
src/framework/plugins/group.ts,208,208,VariableDeclaration,contextService,false,load
src/framework/plugins/group.ts,209,209,VariableDeclaration,contextStatus,false,load
src/framework/plugins/group.ts,210,212,VariableDeclaration,whitelistCount,false,load
src/framework/plugins/group.ts,224,224,VariableDeclaration,metadata,false,load
src/framework/plugins/group.ts,225,225,VariableDeclaration,adminCount,false,load
src/framework/plugins/group.ts,238,238,VariableDeclaration,metadata,false,load
src/framework/plugins/group.ts,239,239,VariableDeclaration,admins,false,load
src/framework/plugins/group.ts,240,240,VariableDeclaration,result,false,load
src/framework/plugins/group.ts,253,253,VariableDeclaration,metadata,false,load
src/framework/plugins/group.ts,254,254,VariableDeclaration,result,false,load
src/framework/plugins/group.ts,266,266,VariableDeclaration,target,false,load
src/framework/plugins/group.ts,271,271,VariableDeclaration,metadata,false,load
src/framework/plugins/group.ts,272,272,VariableDeclaration,participant,false,load
src/framework/plugins/group.ts,292,292,VariableDeclaration,link,false,load
src/framework/plugins/group.ts,306,306,VariableDeclaration,metadata,false,load
src/framework/plugins/group.ts,307,307,VariableDeclaration,record,false,load
src/framework/plugins/group.ts,331,331,VariableDeclaration,rules,false,load
src/framework/plugins/group.ts,340,344,VariableDeclaration,record,false,load
src/framework/plugins/group.ts,361,364,VariableDeclaration,removed,false,load
src/framework/plugins/group.ts,382,382,VariableDeclaration,text,false,load
src/framework/plugins/group.ts,409,409,VariableDeclaration,removed,false,load
src/framework/plugins/group.ts,427,427,VariableDeclaration,text,false,load
src/framework/plugins/group.ts,454,454,VariableDeclaration,removed,false,load
src/framework/plugins/group.ts,472,472,VariableDeclaration,configuration,false,load
src/framework/plugins/group.ts,473,473,VariableDeclaration,settings,false,load
src/framework/plugins/group.ts,474,474,VariableDeclaration,override,false,load
src/framework/plugins/group.ts,498,498,VariableDeclaration,prefix,false,load
src/framework/plugins/group.ts,504,504,VariableDeclaration,removed,false,load
src/framework/plugins/group.ts,540,540,VariableDeclaration,metadata,false,load
src/framework/plugins/group.ts,541,541,VariableDeclaration,target,false,load
src/framework/plugins/group.ts,542,542,VariableDeclaration,participant,false,load
src/framework/plugins/group.ts,558,558,VariableDeclaration,metadata,false,load
src/framework/plugins/group.ts,559,559,VariableDeclaration,participant,false,load
src/framework/plugins/group.ts,560,560,VariableDeclaration,role,false,load
src/framework/plugins/group.ts,561,561,VariableDeclaration,botOwner,false,load
src/framework/plugins/group.ts,562,566,VariableDeclaration,permissions,false,load
src/framework/plugins/knowledge.ts,6,8,FunctionDeclaration,groupJid,false,
src/framework/plugins/knowledge.ts,10,12,FunctionDeclaration,actorJid,false,
src/framework/plugins/knowledge.ts,14,16,FunctionDeclaration,knowledge,false,
src/framework/plugins/knowledge.ts,18,22,FunctionDeclaration,requireGroup,false,
src/framework/plugins/knowledge.ts,19,19,VariableDeclaration,group,false,requireGroup
src/framework/plugins/knowledge.ts,24,28,FunctionDeclaration,requireEnabled,false,
src/framework/plugins/knowledge.ts,30,32,FunctionDeclaration,shortId,false,
src/framework/plugins/knowledge.ts,34,44,FunctionDeclaration,normalizeTitle,false,
src/framework/plugins/knowledge.ts,35,35,VariableDeclaration,values,false,normalizeTitle
src/framework/plugins/knowledge.ts,36,36,VariableDeclaration,visibility,false,normalizeTitle
src/framework/plugins/knowledge.ts,37,37,VariableDeclaration,privateIndex,false,normalizeTitle
src/framework/plugins/knowledge.ts,42,42,VariableDeclaration,title,false,normalizeTitle
src/framework/plugins/knowledge.ts,46,57,FunctionDeclaration,renderRecord,false,
src/framework/plugins/knowledge.ts,59,63,FunctionDeclaration,renderList,false,
src/framework/plugins/knowledge.ts,65,74,FunctionDeclaration,renderSearch,false,
src/framework/plugins/knowledge.ts,76,80,FunctionDeclaration,exportText,false,
src/framework/plugins/knowledge.ts,82,273,FunctionDeclaration,createKnowledgePlugin,true,
src/framework/plugins/knowledge.ts,86,271,MethodDeclaration,load,false,createKnowledgePlugin
src/framework/plugins/knowledge.ts,94,94,VariableDeclaration,group,false,load
src/framework/plugins/knowledge.ts,96,96,VariableDeclaration,enabled,false,load
src/framework/plugins/knowledge.ts,109,109,VariableDeclaration,group,false,load
src/framework/plugins/knowledge.ts,111,111,VariableDeclaration,actor,false,load
src/framework/plugins/knowledge.ts,112,112,VariableDeclaration,mode,false,load
src/framework/plugins/knowledge.ts,128,128,VariableDeclaration,group,false,load
src/framework/plugins/knowledge.ts,130,130,VariableDeclaration,quoted,false,load
src/framework/plugins/knowledge.ts,135,135,VariableDeclaration,excerpt,false,load
src/framework/plugins/knowledge.ts,146,146,VariableDeclaration,group,false,load
src/framework/plugins/knowledge.ts,148,148,VariableDeclaration,actor,false,load
src/framework/plugins/knowledge.ts,149,149,VariableDeclaration,quoted,false,load
src/framework/plugins/knowledge.ts,154,154,VariableDeclaration,metadata,false,load
src/framework/plugins/knowledge.ts,156,163,VariableDeclaration,record,false,load
src/framework/plugins/knowledge.ts,165,165,VariableDeclaration,error,false,load
src/framework/plugins/knowledge.ts,178,178,VariableDeclaration,group,false,load
src/framework/plugins/knowledge.ts,180,180,VariableDeclaration,actor,false,load
src/framework/plugins/knowledge.ts,196,196,VariableDeclaration,group,false,load
src/framework/plugins/knowledge.ts,198,198,VariableDeclaration,actor,false,load
src/framework/plugins/knowledge.ts,199,199,VariableDeclaration,id,false,load
src/framework/plugins/knowledge.ts,204,204,VariableDeclaration,record,false,load
src/framework/plugins/knowledge.ts,216,216,VariableDeclaration,group,false,load
src/framework/plugins/knowledge.ts,218,218,VariableDeclaration,actor,false,load
src/framework/plugins/knowledge.ts,219,219,VariableDeclaration,id,false,load
src/framework/plugins/knowledge.ts,224,224,VariableDeclaration,deleted,false,load
src/framework/plugins/knowledge.ts,236,236,VariableDeclaration,group,false,load
src/framework/plugins/knowledge.ts,238,238,VariableDeclaration,actor,false,load
src/framework/plugins/knowledge.ts,239,239,VariableDeclaration,query,false,load
src/framework/plugins/knowledge.ts,245,245,VariableDeclaration,records,false,load
src/framework/plugins/knowledge.ts,247,247,VariableDeclaration,error,false,load
src/framework/plugins/knowledge.ts,260,260,VariableDeclaration,group,false,load
src/framework/plugins/knowledge.ts,262,262,VariableDeclaration,actor,false,load
src/framework/plugins/knowledge.ts,267,267,VariableDeclaration,records,false,load
src/framework/plugins/media.ts,5,5,VariableDeclaration,MEDIA_INPUT_MAX_BYTES,false,
src/framework/plugins/media.ts,6,6,VariableDeclaration,MEDIA_DOWNLOAD_TIMEOUT_MS,false,
src/framework/plugins/media.ts,7,7,VariableDeclaration,MEDIA_COMMAND_COOLDOWN_MS,false,
src/framework/plugins/media.ts,9,11,InterfaceDeclaration,MediaPluginOptions,true,
src/framework/plugins/media.ts,13,17,FunctionDeclaration,sourceFor,false,
src/framework/plugins/media.ts,19,24,FunctionDeclaration,safeMediaFailure,false,
src/framework/plugins/media.ts,26,100,FunctionDeclaration,transformAndSend,false,
src/framework/plugins/media.ts,31,31,VariableDeclaration,selected,false,transformAndSend
src/framework/plugins/media.ts,33,39,VariableDeclaration,usage,false,transformAndSend
src/framework/plugins/media.ts,61,64,VariableDeclaration,downloaded,false,transformAndSend
src/framework/plugins/media.ts,65,71,VariableDeclaration,allowed,false,transformAndSend
src/framework/plugins/media.ts,73,79,VariableDeclaration,message,false,transformAndSend
src/framework/plugins/media.ts,84,84,VariableDeclaration,data,false,transformAndSend
src/framework/plugins/media.ts,85,85,VariableDeclaration,outputLimit,false,transformAndSend
src/framework/plugins/media.ts,96,96,VariableDeclaration,error,false,transformAndSend
src/framework/plugins/media.ts,102,255,FunctionDeclaration,createMediaPlugin,true,
src/framework/plugins/media.ts,106,253,MethodDeclaration,load,false,createMediaPlugin
src/framework/plugins/media.ts,107,107,VariableDeclaration,transformer,false,load
src/framework/plugins/media.ts,154,154,VariableDeclaration,selected,false,load
src/framework/plugins/media.ts,168,168,VariableDeclaration,args,false,load
src/framework/plugins/media.ts,169,169,VariableDeclaration,topText,false,load
src/framework/plugins/media.ts,170,170,VariableDeclaration,bottomText,false,load
src/framework/plugins/media.ts,173,176,VariableDeclaration,downloaded,false,load
src/framework/plugins/media.ts,178,178,VariableDeclaration,data,false,load
src/framework/plugins/media.ts,179,179,VariableDeclaration,outputLimit,false,load
src/framework/plugins/media.ts,192,192,VariableDeclaration,error,false,load
src/framework/plugins/media.ts,207,207,VariableDeclaration,text,false,load
src/framework/plugins/media.ts,223,230,VariableDeclaration,bratArgs,false,load
src/framework/plugins/media.ts,232,232,VariableDeclaration,{ runFfmpeg },false,load
src/framework/plugins/media.ts,233,233,VariableDeclaration,data,false,load
src/framework/plugins/media.ts,247,247,VariableDeclaration,error,false,load
src/framework/plugins/media.ts,257,257,VariableDeclaration,mediaPlugin,false,
src/framework/plugins/menu.ts,6,9,TypeAliasDeclaration,MenuCategory,false,
src/framework/plugins/menu.ts,11,14,TypeAliasDeclaration,CategoryPresentation,false,
src/framework/plugins/menu.ts,16,16,VariableDeclaration,BOT_NAME,false,
src/framework/plugins/menu.ts,17,17,VariableDeclaration,BOT_VERSION,false,
src/framework/plugins/menu.ts,18,18,VariableDeclaration,MENU_THUMBNAIL_MIME_TYPE,false,
src/framework/plugins/menu.ts,19,19,VariableDeclaration,MENU_THUMBNAIL_CAPTION,false,
src/framework/plugins/menu.ts,20,32,VariableDeclaration,ROADMAP_CATEGORY_NAMES,false,
src/framework/plugins/menu.ts,34,46,VariableDeclaration,categoryPresentation,false,
src/framework/plugins/menu.ts,48,60,VariableDeclaration,CATEGORY_ALIASES,false,
src/framework/plugins/menu.ts,62,62,VariableDeclaration,menuThumbnailPromise,false,
src/framework/plugins/menu.ts,64,69,FunctionDeclaration,loadMenuThumbnail,false,
src/framework/plugins/menu.ts,71,75,FunctionDeclaration,normalizeCategory,false,
src/framework/plugins/menu.ts,72,72,VariableDeclaration,category,false,normalizeCategory
src/framework/plugins/menu.ts,77,82,FunctionDeclaration,sortCommands,false,
src/framework/plugins/menu.ts,79,79,VariableDeclaration,orderDifference,false,sortCommands
src/framework/plugins/menu.ts,84,99,FunctionDeclaration,collectCategories,false,
src/framework/plugins/menu.ts,85,85,VariableDeclaration,grouped,false,collectCategories
src/framework/plugins/menu.ts,86,86,VariableDeclaration,command,false,collectCategories
src/framework/plugins/menu.ts,87,87,VariableDeclaration,name,false,collectCategories
src/framework/plugins/menu.ts,94,94,VariableDeclaration,leftOrder,false,collectCategories
src/framework/plugins/menu.ts,95,95,VariableDeclaration,rightOrder,false,collectCategories
src/framework/plugins/menu.ts,101,103,FunctionDeclaration,presentationFor,false,
src/framework/plugins/menu.ts,105,107,FunctionDeclaration,categoryLabel,false,
src/framework/plugins/menu.ts,109,121,FunctionDeclaration,formatUptime,false,
src/framework/plugins/menu.ts,110,110,VariableDeclaration,totalSeconds,false,formatUptime
src/framework/plugins/menu.ts,111,111,VariableDeclaration,days,false,formatUptime
src/framework/plugins/menu.ts,112,112,VariableDeclaration,hours,false,formatUptime
src/framework/plugins/menu.ts,113,113,VariableDeclaration,minutes,false,formatUptime
src/framework/plugins/menu.ts,114,114,VariableDeclaration,remainingSeconds,false,formatUptime
src/framework/plugins/menu.ts,115,115,VariableDeclaration,parts,false,formatUptime
src/framework/plugins/menu.ts,123,128,FunctionDeclaration,formatOwner,false,
src/framework/plugins/menu.ts,125,125,VariableDeclaration,phone,false,formatOwner
src/framework/plugins/menu.ts,130,133,FunctionDeclaration,isSameJid,false,
src/framework/plugins/menu.ts,135,137,FunctionDeclaration,isBotOwner,false,
src/framework/plugins/menu.ts,139,153,FunctionDeclaration,canSeePrivilegedCategory,false,
src/framework/plugins/menu.ts,146,146,VariableDeclaration,sender,false,canSeePrivilegedCategory
src/framework/plugins/menu.ts,155,161,FunctionDeclaration,formatCommand,false,
src/framework/plugins/menu.ts,156,158,VariableDeclaration,aliases,false,formatCommand
src/framework/plugins/menu.ts,159,159,VariableDeclaration,accessMarker,false,formatCommand
src/framework/plugins/menu.ts,163,172,FunctionDeclaration,renderBotProfile,false,
src/framework/plugins/menu.ts,174,206,FunctionDeclaration,renderMainMenu,false,
src/framework/plugins/menu.ts,179,188,VariableDeclaration,lines,false,renderMainMenu
src/framework/plugins/menu.ts,194,194,VariableDeclaration,{ icon },false,renderMainMenu
src/framework/plugins/menu.ts,208,211,FunctionDeclaration,resolveCategory,false,
src/framework/plugins/menu.ts,213,224,FunctionDeclaration,renderCategoryMenu,false,
src/framework/plugins/menu.ts,214,214,VariableDeclaration,{ icon },false,renderCategoryMenu
src/framework/plugins/menu.ts,215,220,VariableDeclaration,lines,false,renderCategoryMenu
src/framework/plugins/menu.ts,226,244,FunctionDeclaration,sendMenu,false,
src/framework/plugins/menu.ts,227,227,VariableDeclaration,sendMedia,false,sendMenu
src/framework/plugins/menu.ts,228,228,VariableDeclaration,thumbnail,false,sendMenu
src/framework/plugins/menu.ts,239,239,VariableDeclaration,error,false,sendMenu
src/framework/plugins/menu.ts,246,273,VariableDeclaration,menuPlugin,false,
src/framework/plugins/menu.ts,249,272,MethodDeclaration,load,false,
src/framework/plugins/menu.ts,250,260,VariableDeclaration,handleMenu,false,load
src/framework/plugins/menu.ts,251,251,VariableDeclaration,visibleCommands,false,load
src/framework/plugins/menu.ts,252,252,VariableDeclaration,categories,false,load
src/framework/plugins/menu.ts,253,253,VariableDeclaration,category,false,load
src/framework/plugins/menu.ts,254,258,VariableDeclaration,body,false,load
src/framework/plugins/scene.ts,13,15,FunctionDeclaration,groupJid,false,
src/framework/plugins/scene.ts,17,19,FunctionDeclaration,actorJid,false,
src/framework/plugins/scene.ts,21,23,FunctionDeclaration,scene,false,
src/framework/plugins/scene.ts,25,29,FunctionDeclaration,requireGroup,false,
src/framework/plugins/scene.ts,26,26,VariableDeclaration,group,false,requireGroup
src/framework/plugins/scene.ts,31,35,FunctionDeclaration,requireEnabled,false,
src/framework/plugins/scene.ts,37,39,FunctionDeclaration,shortId,false,
src/framework/plugins/scene.ts,41,51,FunctionDeclaration,renderScene,false,
src/framework/plugins/scene.ts,53,56,FunctionDeclaration,renderList,false,
src/framework/plugins/scene.ts,58,71,FunctionDeclaration,parseOpenArgs,false,
src/framework/plugins/scene.ts,59,59,VariableDeclaration,values,false,parseOpenArgs
src/framework/plugins/scene.ts,60,60,VariableDeclaration,visibility,false,parseOpenArgs
src/framework/plugins/scene.ts,61,61,VariableDeclaration,visibilityIndex,false,parseOpenArgs
src/framework/plugins/scene.ts,63,63,VariableDeclaration,ttlMinutes,false,parseOpenArgs
src/framework/plugins/scene.ts,64,64,VariableDeclaration,ttlIndex,false,parseOpenArgs
src/framework/plugins/scene.ts,66,66,VariableDeclaration,raw,false,parseOpenArgs
src/framework/plugins/scene.ts,73,79,FunctionDeclaration,parseConsent,false,
src/framework/plugins/scene.ts,74,74,VariableDeclaration,"[sceneId, action, mode, ttlValue]",false,parseConsent
src/framework/plugins/scene.ts,76,76,VariableDeclaration,ttlMinutes,false,parseConsent
src/framework/plugins/scene.ts,81,93,FunctionDeclaration,sceneHelp,false,
src/framework/plugins/scene.ts,95,222,FunctionDeclaration,createScenePlugin,true,
src/framework/plugins/scene.ts,99,220,MethodDeclaration,load,false,createScenePlugin
src/framework/plugins/scene.ts,106,106,VariableDeclaration,group,false,load
src/framework/plugins/scene.ts,108,108,VariableDeclaration,actor,false,load
src/framework/plugins/scene.ts,113,113,VariableDeclaration,action,false,load
src/framework/plugins/scene.ts,119,119,VariableDeclaration,service,false,load
src/framework/plugins/scene.ts,121,121,VariableDeclaration,parsed,false,load
src/framework/plugins/scene.ts,122,122,VariableDeclaration,created,false,load
src/framework/plugins/scene.ts,125,125,VariableDeclaration,participant,false,load
src/framework/plugins/scene.ts,128,128,VariableDeclaration,left,false,load
src/framework/plugins/scene.ts,131,131,VariableDeclaration,view,false,load
src/framework/plugins/scene.ts,134,134,VariableDeclaration,reference,false,load
src/framework/plugins/scene.ts,135,139,VariableDeclaration,updated,false,load
src/framework/plugins/scene.ts,144,144,VariableDeclaration,error,false,load
src/framework/plugins/scene.ts,158,158,VariableDeclaration,group,false,load
src/framework/plugins/scene.ts,160,160,VariableDeclaration,actor,false,load
src/framework/plugins/scene.ts,161,161,VariableDeclaration,mode,false,load
src/framework/plugins/scene.ts,176,176,VariableDeclaration,mode,false,load
src/framework/plugins/scene.ts,204,204,VariableDeclaration,group,false,load
src/framework/plugins/scene.ts,206,206,VariableDeclaration,actor,false,load
src/framework/plugins/scene.ts,212,212,VariableDeclaration,parsed,false,load
src/framework/plugins/scene.ts,213,213,VariableDeclaration,consent,false,load
src/framework/plugins/scene.ts,215,215,VariableDeclaration,error,false,load
src/framework/plugins/scene.ts,224,238,FunctionDeclaration,updateMode,false,
src/framework/plugins/scene.ts,225,225,VariableDeclaration,group,false,updateMode
src/framework/plugins/scene.ts,227,227,VariableDeclaration,actor,false,updateMode
src/framework/plugins/scene.ts,233,233,VariableDeclaration,participant,false,updateMode
src/framework/plugins/scene.ts,235,235,VariableDeclaration,error,false,updateMode
src/framework/plugins/scene.ts,240,254,FunctionDeclaration,transitionShortcut,false,
src/framework/plugins/scene.ts,241,241,VariableDeclaration,group,false,transitionShortcut
src/framework/plugins/scene.ts,243,243,VariableDeclaration,actor,false,transitionShortcut
src/framework/plugins/scene.ts,249,249,VariableDeclaration,updated,false,transitionShortcut
src/framework/plugins/scene.ts,251,251,VariableDeclaration,error,false,transitionShortcut
src/framework/plugins/sentry.ts,4,24,FunctionDeclaration,createSentryPlugin,true,
src/framework/plugins/sentry.ts,8,22,MethodDeclaration,initialize,false,createSentryPlugin
src/framework/plugins/suggestion-relay.ts,5,7,FunctionDeclaration,groupJid,false,
src/framework/plugins/suggestion-relay.ts,9,11,FunctionDeclaration,actorJid,false,
src/framework/plugins/suggestion-relay.ts,13,15,FunctionDeclaration,service,false,
src/framework/plugins/suggestion-relay.ts,17,20,FunctionDeclaration,correlationId,false,
src/framework/plugins/suggestion-relay.ts,18,18,VariableDeclaration,id,false,correlationId
src/framework/plugins/suggestion-relay.ts,22,24,FunctionDeclaration,shortId,false,
src/framework/plugins/suggestion-relay.ts,26,32,FunctionDeclaration,usage,false,
src/framework/plugins/suggestion-relay.ts,34,49,FunctionDeclaration,renderCode,false,
src/framework/plugins/suggestion-relay.ts,51,59,FunctionDeclaration,renderRecord,false,
src/framework/plugins/suggestion-relay.ts,61,114,VariableDeclaration,suggestionRelayPlugin,false,
src/framework/plugins/suggestion-relay.ts,64,113,MethodDeclaration,load,false,
src/framework/plugins/suggestion-relay.ts,65,65,VariableDeclaration,suggestions,false,load
src/framework/plugins/suggestion-relay.ts,73,73,VariableDeclaration,group,false,load
src/framework/plugins/suggestion-relay.ts,78,78,VariableDeclaration,actor,false,load
src/framework/plugins/suggestion-relay.ts,83,83,VariableDeclaration,action,false,load
src/framework/plugins/suggestion-relay.ts,85,85,VariableDeclaration,result,false,load
src/framework/plugins/suggestion-relay.ts,97,97,VariableDeclaration,sceneReference,false,load
src/framework/plugins/suggestion-relay.ts,98,98,VariableDeclaration,sourceArgument,false,load
src/framework/plugins/suggestion-relay.ts,99,99,VariableDeclaration,requestText,false,load
src/framework/plugins/suggestion-relay.ts,104,104,VariableDeclaration,sourceReferences,false,load
src/framework/plugins/suggestion-relay.ts,105,105,VariableDeclaration,result,false,load
src/framework/plugins/technical.ts,5,17,FunctionDeclaration,formatUptime,false,
src/framework/plugins/technical.ts,6,6,VariableDeclaration,totalSeconds,false,formatUptime
src/framework/plugins/technical.ts,7,7,VariableDeclaration,days,false,formatUptime
src/framework/plugins/technical.ts,8,8,VariableDeclaration,hours,false,formatUptime
src/framework/plugins/technical.ts,9,9,VariableDeclaration,minutes,false,formatUptime
src/framework/plugins/technical.ts,10,10,VariableDeclaration,remainingSeconds,false,formatUptime
src/framework/plugins/technical.ts,11,11,VariableDeclaration,parts,false,formatUptime
src/framework/plugins/technical.ts,19,21,FunctionDeclaration,connectionStatus,false,
src/framework/plugins/technical.ts,23,25,FunctionDeclaration,chatMode,false,
src/framework/plugins/technical.ts,27,27,VariableDeclaration,MAX_GROUP_LIST_ITEMS,false,
src/framework/plugins/technical.ts,28,28,VariableDeclaration,MAX_GROUP_SUBJECT_LENGTH,false,
src/framework/plugins/technical.ts,30,32,FunctionDeclaration,safeGroupSubject,false,
src/framework/plugins/technical.ts,34,44,FunctionDeclaration,groupIdText,false,
src/framework/plugins/technical.ts,46,68,FunctionDeclaration,allGroupIdsText,false,
src/framework/plugins/technical.ts,47,47,VariableDeclaration,listParticipatingGroups,false,allGroupIdsText
src/framework/plugins/technical.ts,51,51,VariableDeclaration,groups,false,allGroupIdsText
src/framework/plugins/technical.ts,52,52,VariableDeclaration,limitedGroups,false,allGroupIdsText
src/framework/plugins/technical.ts,53,53,VariableDeclaration,lines,false,allGroupIdsText
src/framework/plugins/technical.ts,54,56,VariableDeclaration,truncationNote,false,allGroupIdsText
src/framework/plugins/technical.ts,64,64,VariableDeclaration,error,false,allGroupIdsText
src/framework/plugins/technical.ts,70,73,FunctionDeclaration,formatLatency,false,
src/framework/plugins/technical.ts,71,71,VariableDeclaration,receivedAt,false,formatLatency
src/framework/plugins/technical.ts,75,87,FunctionDeclaration,ownerProfileText,false,
src/framework/plugins/technical.ts,89,104,FunctionDeclaration,profileText,false,
src/framework/plugins/technical.ts,106,214,VariableDeclaration,technicalPlugin,false,
src/framework/plugins/technical.ts,109,213,MethodDeclaration,load,false,
src/framework/plugins/technical.ts,134,134,VariableDeclaration,ownerJid,false,load
src/framework/plugins/technical.ts,135,135,VariableDeclaration,getProfilePictureUrl,false,load
src/framework/plugins/technical.ts,136,136,VariableDeclaration,sendImage,false,load
src/framework/plugins/technical.ts,139,139,VariableDeclaration,imageUrl,false,load
src/framework/plugins/technical.ts,144,144,VariableDeclaration,error,false,load
src/framework/plugins/technical.ts,198,198,VariableDeclaration,result,false,load
src/framework/plugins/tools-search.ts,3,3,VariableDeclaration,SEARCH_COOLDOWN_MS,false,
src/framework/plugins/tools-search.ts,4,4,VariableDeclaration,MAX_QUERY_LENGTH,false,
src/framework/plugins/tools-search.ts,6,8,FunctionDeclaration,usage,false,
src/framework/plugins/tools-search.ts,10,13,FunctionDeclaration,boundText,false,
src/framework/plugins/tools-search.ts,11,11,VariableDeclaration,trimmed,false,boundText
src/framework/plugins/tools-search.ts,15,52,VariableDeclaration,toolsSearchPlugin,false,
src/framework/plugins/tools-search.ts,18,51,MethodDeclaration,load,false,
src/framework/plugins/tools-search.ts,27,27,VariableDeclaration,query,false,load
src/framework/plugins/tools-search.ts,43,43,VariableDeclaration,query,false,load
src/framework/plugins/utility-fun.ts,5,5,VariableDeclaration,FUN_COOLDOWN_MS,false,
src/framework/plugins/utility-fun.ts,6,6,VariableDeclaration,MAX_QUERY_LENGTH,false,
src/framework/plugins/utility-fun.ts,7,7,VariableDeclaration,RPS_CHALLENGE_TTL_MS,false,
src/framework/plugins/utility-fun.ts,9,15,VariableDeclaration,TRUTH_PROMPTS,false,
src/framework/plugins/utility-fun.ts,17,23,VariableDeclaration,DARE_PROMPTS,false,
src/framework/plugins/utility-fun.ts,25,25,VariableDeclaration,RPS_CHOICES,false,
src/framework/plugins/utility-fun.ts,27,36,VariableDeclaration,EIGHT_BALL_ANSWERS,false,
src/framework/plugins/utility-fun.ts,38,46,InterfaceDeclaration,RpsChallenge,false,
src/framework/plugins/utility-fun.ts,48,50,FunctionDeclaration,usage,false,
src/framework/plugins/utility-fun.ts,52,55,FunctionDeclaration,boundText,false,
src/framework/plugins/utility-fun.ts,53,53,VariableDeclaration,trimmed,false,boundText
src/framework/plugins/utility-fun.ts,57,64,FunctionDeclaration,parseRoll,false,
src/framework/plugins/utility-fun.ts,58,58,VariableDeclaration,match,false,parseRoll
src/framework/plugins/utility-fun.ts,60,60,VariableDeclaration,count,false,parseRoll
src/framework/plugins/utility-fun.ts,61,61,VariableDeclaration,sides,false,parseRoll
src/framework/plugins/utility-fun.ts,66,68,FunctionDeclaration,randomChoice,false,
src/framework/plugins/utility-fun.ts,70,75,FunctionDeclaration,normalizeJid,false,
src/framework/plugins/utility-fun.ts,71,71,VariableDeclaration,at,false,normalizeJid
src/framework/plugins/utility-fun.ts,73,73,VariableDeclaration,local,false,normalizeJid
src/framework/plugins/utility-fun.ts,77,79,FunctionDeclaration,challengeKey,false,
src/framework/plugins/utility-fun.ts,81,444,FunctionDeclaration,registerUtilityFunCommands,true,
src/framework/plugins/utility-fun.ts,82,82,VariableDeclaration,rpsChallenges,false,registerUtilityFunCommands
src/framework/plugins/utility-fun.ts,84,89,VariableDeclaration,pruneChallenges,false,registerUtilityFunCommands
src/framework/plugins/utility-fun.ts,85,85,VariableDeclaration,now,false,registerUtilityFunCommands
src/framework/plugins/utility-fun.ts,86,86,VariableDeclaration,"[key, challenge]",false,registerUtilityFunCommands
src/framework/plugins/utility-fun.ts,91,93,VariableDeclaration,getChallenge,false,registerUtilityFunCommands
src/framework/plugins/utility-fun.ts,95,106,VariableDeclaration,createChallenge,false,registerUtilityFunCommands
src/framework/plugins/utility-fun.ts,96,96,VariableDeclaration,now,false,registerUtilityFunCommands
src/framework/plugins/utility-fun.ts,97,103,VariableDeclaration,challenge,false,registerUtilityFunCommands
src/framework/plugins/utility-fun.ts,108,121,VariableDeclaration,setChoice,false,registerUtilityFunCommands
src/framework/plugins/utility-fun.ts,109,109,VariableDeclaration,key,false,registerUtilityFunCommands
src/framework/plugins/utility-fun.ts,110,110,VariableDeclaration,challenge,false,registerUtilityFunCommands
src/framework/plugins/utility-fun.ts,112,112,VariableDeclaration,normalizedPlayer,false,registerUtilityFunCommands
src/framework/plugins/utility-fun.ts,123,143,VariableDeclaration,resolveChallenge,false,registerUtilityFunCommands
src/framework/plugins/utility-fun.ts,124,124,VariableDeclaration,key,false,registerUtilityFunCommands
src/framework/plugins/utility-fun.ts,125,125,VariableDeclaration,challenge,false,registerUtilityFunCommands
src/framework/plugins/utility-fun.ts,127,127,VariableDeclaration,player,false,registerUtilityFunCommands
src/framework/plugins/utility-fun.ts,128,128,VariableDeclaration,opponent,false,registerUtilityFunCommands
src/framework/plugins/utility-fun.ts,129,129,VariableDeclaration,result,false,registerUtilityFunCommands
src/framework/plugins/utility-fun.ts,152,152,VariableDeclaration,"[minText, maxText]",false,registerUtilityFunCommands
src/framework/plugins/utility-fun.ts,153,153,VariableDeclaration,min,false,registerUtilityFunCommands
src/framework/plugins/utility-fun.ts,154,154,VariableDeclaration,max,false,registerUtilityFunCommands
src/framework/plugins/utility-fun.ts,170,170,VariableDeclaration,options,false,registerUtilityFunCommands
src/framework/plugins/utility-fun.ts,196,196,VariableDeclaration,dice,false,registerUtilityFunCommands
src/framework/plugins/utility-fun.ts,201,201,VariableDeclaration,results,false,registerUtilityFunCommands
src/framework/plugins/utility-fun.ts,235,235,VariableDeclaration,args,false,registerUtilityFunCommands
src/framework/plugins/utility-fun.ts,236,236,VariableDeclaration,subcommand,false,registerUtilityFunCommands
src/framework/plugins/utility-fun.ts,237,237,VariableDeclaration,senderJid,false,registerUtilityFunCommands
src/framework/plugins/utility-fun.ts,240,240,VariableDeclaration,isGroup,false,registerUtilityFunCommands
src/framework/plugins/utility-fun.ts,241,241,VariableDeclaration,isPrivate,false,registerUtilityFunCommands
src/framework/plugins/utility-fun.ts,273,273,VariableDeclaration,target,false,registerUtilityFunCommands
src/framework/plugins/utility-fun.ts,283,283,VariableDeclaration,challenge,false,registerUtilityFunCommands
src/framework/plugins/utility-fun.ts,286,296,VariableDeclaration,challengeMsg,false,registerUtilityFunCommands
src/framework/plugins/utility-fun.ts,301,301,VariableDeclaration,whatsapp,false,registerUtilityFunCommands
src/framework/plugins/utility-fun.ts,317,317,VariableDeclaration,foundChallenge,false,registerUtilityFunCommands
src/framework/plugins/utility-fun.ts,318,318,VariableDeclaration,challenge,false,registerUtilityFunCommands
src/framework/plugins/utility-fun.ts,333,333,VariableDeclaration,cancelled,false,registerUtilityFunCommands
src/framework/plugins/utility-fun.ts,334,334,VariableDeclaration,"[key, challenge]",false,registerUtilityFunCommands
src/framework/plugins/utility-fun.ts,345,347,VariableDeclaration,challenges,false,registerUtilityFunCommands
src/framework/plugins/utility-fun.ts,373,373,VariableDeclaration,foundChallenge,false,registerUtilityFunCommands
src/framework/plugins/utility-fun.ts,374,374,VariableDeclaration,challenge,false,registerUtilityFunCommands
src/framework/plugins/utility-fun.ts,387,387,VariableDeclaration,choice,false,registerUtilityFunCommands
src/framework/plugins/utility-fun.ts,388,388,VariableDeclaration,success,false,registerUtilityFunCommands
src/framework/plugins/utility-fun.ts,397,397,VariableDeclaration,resolved,false,registerUtilityFunCommands
src/framework/plugins/utility-fun.ts,399,399,VariableDeclaration,whatsapp,false,registerUtilityFunCommands
src/framework/plugins/utility-fun.ts,400,407,VariableDeclaration,resultMsg,false,registerUtilityFunCommands
src/framework/plugins/utility-fun.ts,436,436,VariableDeclaration,question,false,registerUtilityFunCommands
src/framework/plugins/utility.ts,5,5,VariableDeclaration,MAX_QUERY_LENGTH,false,
src/framework/plugins/utility.ts,6,6,VariableDeclaration,MAX_REPLY_LENGTH,false,
src/framework/plugins/utility.ts,7,7,VariableDeclaration,MAX_SEARCH_RESULTS,false,
src/framework/plugins/utility.ts,8,8,VariableDeclaration,MAX_COMMAND_LIST,false,
src/framework/plugins/utility.ts,9,9,VariableDeclaration,UTILITY_COOLDOWN_MS,false,
src/framework/plugins/utility.ts,11,15,TypeAliasDeclaration,UnitDefinition,false,
src/framework/plugins/utility.ts,17,35,VariableDeclaration,UNITS,false,
src/framework/plugins/utility.ts,37,39,FunctionDeclaration,usage,false,
src/framework/plugins/utility.ts,41,44,FunctionDeclaration,boundText,false,
src/framework/plugins/utility.ts,42,42,VariableDeclaration,trimmed,false,boundText
src/framework/plugins/utility.ts,46,48,FunctionDeclaration,safeReply,false,
src/framework/plugins/utility.ts,50,62,FunctionDeclaration,formatUptime,false,
src/framework/plugins/utility.ts,51,51,VariableDeclaration,totalSeconds,false,formatUptime
src/framework/plugins/utility.ts,52,52,VariableDeclaration,days,false,formatUptime
src/framework/plugins/utility.ts,53,53,VariableDeclaration,hours,false,formatUptime
src/framework/plugins/utility.ts,54,54,VariableDeclaration,minutes,false,formatUptime
src/framework/plugins/utility.ts,55,55,VariableDeclaration,remainingSeconds,false,formatUptime
src/framework/plugins/utility.ts,56,56,VariableDeclaration,parts,false,formatUptime
src/framework/plugins/utility.ts,64,66,FunctionDeclaration,connectionStatus,false,
src/framework/plugins/utility.ts,68,78,FunctionDeclaration,featureCategory,false,
src/framework/plugins/utility.ts,69,69,VariableDeclaration,normalized,false,featureCategory
src/framework/plugins/utility.ts,80,95,FunctionDeclaration,renderFeatureSummary,false,
src/framework/plugins/utility.ts,81,81,VariableDeclaration,counts,false,renderFeatureSummary
src/framework/plugins/utility.ts,82,82,VariableDeclaration,command,false,renderFeatureSummary
src/framework/plugins/utility.ts,83,83,VariableDeclaration,category,false,renderFeatureSummary
src/framework/plugins/utility.ts,86,86,VariableDeclaration,order,false,renderFeatureSummary
src/framework/plugins/utility.ts,97,104,FunctionDeclaration,visibleCommands,false,
src/framework/plugins/utility.ts,106,112,FunctionDeclaration,commandLine,false,
src/framework/plugins/utility.ts,107,109,VariableDeclaration,aliases,false,commandLine
src/framework/plugins/utility.ts,110,110,VariableDeclaration,access,false,commandLine
src/framework/plugins/utility.ts,114,129,FunctionDeclaration,renderCommandList,false,
src/framework/plugins/utility.ts,115,115,VariableDeclaration,normalizedCategory,false,renderCommandList
src/framework/plugins/utility.ts,116,118,VariableDeclaration,filtered,false,renderCommandList
src/framework/plugins/utility.ts,119,119,VariableDeclaration,shown,false,renderCommandList
src/framework/plugins/utility.ts,120,125,VariableDeclaration,lines,false,renderCommandList
src/framework/plugins/utility.ts,131,147,FunctionDeclaration,searchCommands,false,
src/framework/plugins/utility.ts,132,132,VariableDeclaration,needle,false,searchCommands
src/framework/plugins/utility.ts,133,138,VariableDeclaration,matches,false,searchCommands
src/framework/plugins/utility.ts,134,136,VariableDeclaration,haystack,false,searchCommands
src/framework/plugins/utility.ts,149,154,FunctionDeclaration,parseNumber,false,
src/framework/plugins/utility.ts,150,150,VariableDeclaration,normalized,false,parseNumber
src/framework/plugins/utility.ts,152,152,VariableDeclaration,number,false,parseNumber
src/framework/plugins/utility.ts,156,208,FunctionDeclaration,parseExpression,false,
src/framework/plugins/utility.ts,158,158,VariableDeclaration,tokens,false,parseExpression
src/framework/plugins/utility.ts,160,160,VariableDeclaration,index,false,parseExpression
src/framework/plugins/utility.ts,162,162,VariableDeclaration,peek,false,parseExpression
src/framework/plugins/utility.ts,163,163,VariableDeclaration,consume,false,parseExpression
src/framework/plugins/utility.ts,165,174,FunctionDeclaration,expression,false,parseExpression
src/framework/plugins/utility.ts,166,166,VariableDeclaration,value,false,expression
src/framework/plugins/utility.ts,168,168,VariableDeclaration,operator,false,expression
src/framework/plugins/utility.ts,169,169,VariableDeclaration,right,false,expression
src/framework/plugins/utility.ts,176,187,FunctionDeclaration,term,false,parseExpression
src/framework/plugins/utility.ts,177,177,VariableDeclaration,value,false,term
src/framework/plugins/utility.ts,179,179,VariableDeclaration,operator,false,term
src/framework/plugins/utility.ts,180,180,VariableDeclaration,right,false,term
src/framework/plugins/utility.ts,189,203,FunctionDeclaration,factor,false,parseExpression
src/framework/plugins/utility.ts,191,191,VariableDeclaration,operator,false,factor
src/framework/plugins/utility.ts,192,192,VariableDeclaration,value,false,factor
src/framework/plugins/utility.ts,197,197,VariableDeclaration,value,false,factor
src/framework/plugins/utility.ts,201,201,VariableDeclaration,token,false,factor
src/framework/plugins/utility.ts,205,205,VariableDeclaration,result,false,parseExpression
src/framework/plugins/utility.ts,210,212,FunctionDeclaration,formatNumber,false,
src/framework/plugins/utility.ts,214,217,FunctionDeclaration,convertTemperature,false,
src/framework/plugins/utility.ts,215,215,VariableDeclaration,celsius,false,convertTemperature
src/framework/plugins/utility.ts,219,226,FunctionDeclaration,convertUnit,false,
src/framework/plugins/utility.ts,220,220,VariableDeclaration,source,false,convertUnit
src/framework/plugins/utility.ts,221,221,VariableDeclaration,target,false,convertUnit
src/framework/plugins/utility.ts,224,224,VariableDeclaration,result,false,convertUnit
src/framework/plugins/utility.ts,228,237,FunctionDeclaration,renderAbout,false,
src/framework/plugins/utility.ts,239,247,FunctionDeclaration,renderPrivacy,false,
src/framework/plugins/utility.ts,249,258,FunctionDeclaration,renderSupport,false,
src/framework/plugins/utility.ts,260,445,VariableDeclaration,utilityPlugin,false,
src/framework/plugins/utility.ts,263,444,MethodDeclaration,load,false,
src/framework/plugins/utility.ts,264,264,VariableDeclaration,commands,false,load
src/framework/plugins/utility.ts,310,310,VariableDeclaration,category,false,load
src/framework/plugins/utility.ts,326,326,VariableDeclaration,query,false,load
src/framework/plugins/utility.ts,378,378,VariableDeclaration,input,false,load
src/framework/plugins/utility.ts,379,379,VariableDeclaration,result,false,load
src/framework/plugins/utility.ts,395,395,VariableDeclaration,"[valueText, from, to]",false,load
src/framework/plugins/utility.ts,396,396,VariableDeclaration,value,false,load
src/framework/plugins/utility.ts,397,397,VariableDeclaration,result,false,load
src/framework/plugins/utility.ts,413,413,VariableDeclaration,timezone,false,load
src/framework/plugins/utility.ts,419,423,VariableDeclaration,formatted,false,load
src/framework/plugins/utility.ts,438,438,VariableDeclaration,formatted,false,load
src/framework/plugins/welcome-leave.ts,11,14,FunctionDeclaration,userLabel,false,
src/framework/plugins/welcome-leave.ts,12,12,VariableDeclaration,user,false,userLabel
src/framework/plugins/welcome-leave.ts,16,19,FunctionDeclaration,mentionOptions,false,
src/framework/plugins/welcome-leave.ts,17,17,VariableDeclaration,mentions,false,mentionOptions
src/framework/plugins/welcome-leave.ts,21,23,FunctionDeclaration,participantLines,false,
src/framework/plugins/welcome-leave.ts,25,37,FunctionDeclaration,formatWelcome,false,
src/framework/plugins/welcome-leave.ts,39,51,FunctionDeclaration,formatLeave,false,
src/framework/plugins/welcome-leave.ts,53,58,FunctionDeclaration,formatCustomMessage,false,
src/framework/plugins/welcome-leave.ts,60,83,FunctionDeclaration,createWelcomeLeavePlugin,true,
src/framework/plugins/welcome-leave.ts,65,81,MethodDeclaration,load,false,createWelcomeLeavePlugin
src/framework/plugins/welcome-leave.ts,66,66,VariableDeclaration,configuration,false,load
src/framework/plugins/welcome-leave.ts,67,67,VariableDeclaration,groupContext,false,load
src/framework/plugins/welcome-leave.ts,71,73,VariableDeclaration,custom,false,load
src/framework/plugins/welcome-leave.ts,74,78,VariableDeclaration,text,false,load
src/framework/service-registry.ts,4,87,ClassDeclaration,ServiceRegistry,true,
src/framework/service-registry.ts,10,15,MethodDeclaration,register,false,ServiceRegistry
src/framework/service-registry.ts,17,21,MethodDeclaration,get,false,ServiceRegistry
src/framework/service-registry.ts,18,18,VariableDeclaration,service,false,get
src/framework/service-registry.ts,23,25,MethodDeclaration,has,false,ServiceRegistry
src/framework/service-registry.ts,27,29,MethodDeclaration,list,false,ServiceRegistry
src/framework/service-registry.ts,31,47,MethodDeclaration,initialize,false,ServiceRegistry
src/framework/service-registry.ts,32,32,VariableDeclaration,order,false,initialize
src/framework/service-registry.ts,34,34,VariableDeclaration,fullContext,false,initialize
src/framework/service-registry.ts,36,36,VariableDeclaration,name,false,initialize
src/framework/service-registry.ts,37,37,VariableDeclaration,service,false,initialize
src/framework/service-registry.ts,42,42,VariableDeclaration,error,false,initialize
src/framework/service-registry.ts,49,61,MethodDeclaration,shutdown,false,ServiceRegistry
src/framework/service-registry.ts,50,50,VariableDeclaration,fullContext,false,shutdown
src/framework/service-registry.ts,51,51,VariableDeclaration,name,false,shutdown
src/framework/service-registry.ts,52,52,VariableDeclaration,service,false,shutdown
src/framework/service-registry.ts,56,56,VariableDeclaration,error,false,shutdown
src/framework/service-registry.ts,63,86,MethodDeclaration,resolveOrder,false,ServiceRegistry
src/framework/service-registry.ts,64,64,VariableDeclaration,visited,false,resolveOrder
src/framework/service-registry.ts,65,65,VariableDeclaration,visiting,false,resolveOrder
src/framework/service-registry.ts,66,66,VariableDeclaration,order,false,resolveOrder
src/framework/service-registry.ts,68,82,VariableDeclaration,visit,false,resolveOrder
src/framework/service-registry.ts,71,71,VariableDeclaration,service,false,resolveOrder
src/framework/service-registry.ts,73,73,VariableDeclaration,dependency,false,resolveOrder
src/framework/service-registry.ts,84,84,VariableDeclaration,name,false,resolveOrder
src/framework/sessions.ts,4,4,TypeAliasDeclaration,InteractionSessionStatus,true,
src/framework/sessions.ts,6,20,InterfaceDeclaration,InteractionSession,true,
src/framework/sessions.ts,22,30,InterfaceDeclaration,CreateInteractionSessionInput,true,
src/framework/sessions.ts,32,39,InterfaceDeclaration,CompleteInteractionSessionInput,true,
src/framework/sessions.ts,41,45,InterfaceDeclaration,CancelInteractionSessionInput,true,
src/framework/sessions.ts,47,52,InterfaceDeclaration,FindActiveInteractionSessionInput,true,
src/framework/sessions.ts,54,61,InterfaceDeclaration,InteractionSessionStore,true,
src/framework/sessions.ts,63,65,InterfaceDeclaration,InMemoryInteractionSessionStoreOptions,true,
src/framework/sessions.ts,67,123,ClassDeclaration,InMemoryInteractionSessionStore,true,
src/framework/sessions.ts,75,81,MethodDeclaration,create,false,InMemoryInteractionSessionStore
src/framework/sessions.ts,78,78,VariableDeclaration,session,false,create
src/framework/sessions.ts,83,85,MethodDeclaration,get,false,InMemoryInteractionSessionStore
src/framework/sessions.ts,87,94,MethodDeclaration,findActive,false,InMemoryInteractionSessionStore
src/framework/sessions.ts,96,104,MethodDeclaration,complete,false,InMemoryInteractionSessionStore
src/framework/sessions.ts,97,97,VariableDeclaration,current,false,complete
src/framework/sessions.ts,101,101,VariableDeclaration,updated,false,complete
src/framework/sessions.ts,106,112,MethodDeclaration,cancel,false,InMemoryInteractionSessionStore
src/framework/sessions.ts,107,107,VariableDeclaration,current,false,cancel
src/framework/sessions.ts,109,109,VariableDeclaration,updated,false,cancel
src/framework/sessions.ts,114,122,MethodDeclaration,expire,false,InMemoryInteractionSessionStore
src/framework/sessions.ts,115,115,VariableDeclaration,count,false,expire
src/framework/sessions.ts,116,116,VariableDeclaration,current,false,expire
src/framework/sessions.ts,125,128,InterfaceDeclaration,SqliteInteractionSessionStoreOptions,true,
src/framework/sessions.ts,130,223,ClassDeclaration,SqliteInteractionSessionStore,true,
src/framework/sessions.ts,140,149,MethodDeclaration,create,false,SqliteInteractionSessionStore
src/framework/sessions.ts,142,142,VariableDeclaration,now,false,create
src/framework/sessions.ts,151,154,MethodDeclaration,get,false,SqliteInteractionSessionStore
src/framework/sessions.ts,152,152,VariableDeclaration,row,false,get
src/framework/sessions.ts,156,165,MethodDeclaration,findActive,false,SqliteInteractionSessionStore
src/framework/sessions.ts,158,163,VariableDeclaration,row,false,findActive
src/framework/sessions.ts,167,180,MethodDeclaration,complete,false,SqliteInteractionSessionStore
src/framework/sessions.ts,168,168,VariableDeclaration,current,false,complete
src/framework/sessions.ts,172,176,VariableDeclaration,result,false,complete
src/framework/sessions.ts,178,178,VariableDeclaration,afterRace,false,complete
src/framework/sessions.ts,182,189,MethodDeclaration,cancel,false,SqliteInteractionSessionStore
src/framework/sessions.ts,183,187,VariableDeclaration,result,false,cancel
src/framework/sessions.ts,191,198,MethodDeclaration,expire,false,SqliteInteractionSessionStore
src/framework/sessions.ts,192,196,VariableDeclaration,result,false,expire
src/framework/sessions.ts,200,222,MethodDeclaration,migrate,false,SqliteInteractionSessionStore
src/framework/sessions.ts,225,240,TypeAliasDeclaration,SessionRow,false,
src/framework/sessions.ts,242,255,FunctionDeclaration,createRecord,false,
src/framework/sessions.ts,257,273,FunctionDeclaration,toSession,false,
src/framework/sessions.ts,275,283,FunctionDeclaration,validateCreateInput,false,
src/framework/sessions.ts,276,276,VariableDeclaration,"[field, value]",false,validateCreateInput
src/framework/validation.ts,1,3,FunctionDeclaration,assertNonEmpty,true,
src/framework/validation.ts,5,7,FunctionDeclaration,isSafeIdentifier,true,
src/framework/validation.ts,14,14,VariableDeclaration,WHATSAPP_JID_PATTERN,false,
src/framework/validation.ts,16,18,FunctionDeclaration,isJid,true,
src/framework/validation.ts,20,22,FunctionDeclaration,isGroupJid,true,
src/framework/validation.ts,24,27,FunctionDeclaration,normalizeText,true,
src/framework/validation.ts,25,25,VariableDeclaration,normalized,false,normalizeText
src/index.ts,51,66,FunctionDeclaration,createSuggestionProvider,false,
src/index.ts,53,53,VariableDeclaration,handler,false,createSuggestionProvider
src/index.ts,55,55,VariableDeclaration,contextText,false,createSuggestionProvider
src/index.ts,56,62,VariableDeclaration,prompt,false,createSuggestionProvider
src/index.ts,68,160,FunctionDeclaration,main,false,
src/index.ts,69,69,VariableDeclaration,config,false,main
src/index.ts,70,70,VariableDeclaration,logger,false,main
src/index.ts,71,71,VariableDeclaration,sentry,false,main
src/index.ts,73,73,VariableDeclaration,storage,false,main
src/index.ts,76,76,VariableDeclaration,integrity,false,main
src/index.ts,84,84,VariableDeclaration,redis,false,main
src/index.ts,85,85,VariableDeclaration,whatsapp,false,main
src/index.ts,86,108,VariableDeclaration,framework,false,main
src/index.ts,151,151,VariableDeclaration,lifecycle,false,main
src/index.ts,154,154,VariableDeclaration,error,false,main
src/lifecycle.ts,8,86,ClassDeclaration,AppLifecycle,true,
src/lifecycle.ts,26,37,MethodDeclaration,start,false,AppLifecycle
src/lifecycle.ts,39,68,MethodDeclaration,shutdown,false,AppLifecycle
src/lifecycle.ts,44,47,VariableDeclaration,timeout,false,shutdown
src/lifecycle.ts,62,62,VariableDeclaration,error,false,shutdown
src/lifecycle.ts,70,85,MethodDeclaration,installProcessHandlers,false,AppLifecycle
src/logger.ts,5,5,VariableDeclaration,SAFE_LABEL,false,
src/logger.ts,6,6,VariableDeclaration,SAFE_ERROR_NAME,false,
src/logger.ts,7,7,VariableDeclaration,SAFE_ERROR_CODE,false,
src/logger.ts,9,11,FunctionDeclaration,hashLabel,false,
src/logger.ts,13,18,FunctionDeclaration,safeAccountLabel,false,
src/logger.ts,14,14,VariableDeclaration,normalized,false,safeAccountLabel
src/logger.ts,20,30,FunctionDeclaration,safeErrorSerializer,false,
src/logger.ts,22,22,VariableDeclaration,candidate,false,safeErrorSerializer
src/logger.ts,23,25,VariableDeclaration,name,false,safeErrorSerializer
src/logger.ts,26,28,VariableDeclaration,code,false,safeErrorSerializer
src/logger.ts,32,85,FunctionDeclaration,createLogger,true,
src/logger.ts,87,87,TypeAliasDeclaration,AppLogger,true,
src/media.ts,4,4,VariableDeclaration,MEDIA_TRANSFORM_TIMEOUT_MS,false,
src/media.ts,5,5,VariableDeclaration,MEDIA_TRANSFORM_MAX_OUTPUT_BYTES,false,
src/media.ts,6,6,VariableDeclaration,MEDIA_TRANSFORM_HARD_OUTPUT_MAX_BYTES,false,
src/media.ts,8,8,TypeAliasDeclaration,MediaTransformKind,true,
src/media.ts,10,15,ClassDeclaration,MediaTransformError,true,
src/media.ts,17,19,InterfaceDeclaration,MediaTransformer,true,
src/media.ts,21,21,TypeAliasDeclaration,FfmpegRunner,true,
src/media.ts,23,26,FunctionDeclaration,boundedInteger,false,
src/media.ts,28,83,FunctionDeclaration,runFfmpeg,true,
src/media.ts,29,29,VariableDeclaration,outputLimit,false,runFfmpeg
src/media.ts,30,30,VariableDeclaration,timeout,false,runFfmpeg
src/media.ts,32,35,VariableDeclaration,child,false,runFfmpeg
src/media.ts,36,36,VariableDeclaration,chunks,false,runFfmpeg
src/media.ts,37,37,VariableDeclaration,outputBytes,false,runFfmpeg
src/media.ts,38,38,VariableDeclaration,stderrBytes,false,runFfmpeg
src/media.ts,39,39,VariableDeclaration,settled,false,runFfmpeg
src/media.ts,40,40,VariableDeclaration,timer,false,runFfmpeg
src/media.ts,42,48,VariableDeclaration,cleanup,false,runFfmpeg
src/media.ts,49,55,VariableDeclaration,fail,false,runFfmpeg
src/media.ts,85,96,FunctionDeclaration,imageToStickerArgs,false,
src/media.ts,98,107,FunctionDeclaration,stickerToImageArgs,false,
src/media.ts,109,121,FunctionDeclaration,videoToGifArgs,false,
src/media.ts,123,145,FunctionDeclaration,mediaToAudioArgs,false,
src/media.ts,147,170,ClassDeclaration,FfmpegMediaTransformer,true,
src/media.ts,154,169,MethodDeclaration,transform,false,FfmpegMediaTransformer
src/media.ts,155,155,VariableDeclaration,outputLimit,false,transform
src/permissions.ts,5,12,VariableDeclaration,permissionNames,false,
src/permissions.ts,14,16,FunctionDeclaration,bareJid,false,
src/permissions.ts,18,21,FunctionDeclaration,normalizePhoneJid,false,
src/permissions.ts,23,26,FunctionDeclaration,isSameJid,false,
src/permissions.ts,28,79,FunctionDeclaration,createPermissionResolver,true,
src/permissions.ts,32,32,VariableDeclaration,normalizedBotOwnerJid,false,createPermissionResolver
src/permissions.ts,35,35,VariableDeclaration,senderJid,false,createPermissionResolver
src/permissions.ts,43,43,VariableDeclaration,isGroupChat,false,createPermissionResolver
src/permissions.ts,53,53,VariableDeclaration,developerMode,false,createPermissionResolver
src/permissions.ts,65,65,VariableDeclaration,metadata,false,createPermissionResolver
src/permissions.ts,66,66,VariableDeclaration,sender,false,createPermissionResolver
src/redis.ts,6,6,TypeAliasDeclaration,RedisHealthStatus,true,
src/redis.ts,7,7,TypeAliasDeclaration,RedisHealthError,true,
src/redis.ts,9,16,InterfaceDeclaration,RedisConfig,true,
src/redis.ts,18,23,InterfaceDeclaration,RedisHealth,true,
src/redis.ts,25,30,InterfaceDeclaration,RedisRateDecision,true,
src/redis.ts,32,36,InterfaceDeclaration,RedisLockLease,true,
src/redis.ts,38,42,InterfaceDeclaration,RedisQueueResult,true,
src/redis.ts,44,56,InterfaceDeclaration,RedisClientInterface,true,
src/redis.ts,58,63,InterfaceDeclaration,RedisServiceOptions,true,
src/redis.ts,65,69,VariableDeclaration,RATE_WINDOW_SCRIPT,false,
src/redis.ts,71,73,VariableDeclaration,RELEASE_LOCK_SCRIPT,false,
src/redis.ts,75,79,VariableDeclaration,COUNTER_SCRIPT,false,
src/redis.ts,81,86,VariableDeclaration,ENQUEUE_SCRIPT,false,
src/redis.ts,91,93,FunctionDeclaration,safeErrorName,false,
src/redis.ts,95,110,FunctionDeclaration,readRedisConfig,true,
src/redis.ts,96,96,VariableDeclaration,enabled,false,readRedisConfig
src/redis.ts,97,97,VariableDeclaration,url,false,readRedisConfig
src/redis.ts,112,397,ClassDeclaration,RedisService,true,
src/redis.ts,128,128,VariableDeclaration,env,false,RedisService
src/redis.ts,135,155,MethodDeclaration,initialize,false,RedisService
src/redis.ts,157,168,MethodDeclaration,shutdown,false,RedisService
src/redis.ts,170,172,MethodDeclaration,getHealth,false,RedisService
src/redis.ts,176,178,GetAccessor,isEnabled,false,RedisService
src/redis.ts,180,183,MethodDeclaration,prefixedKey,false,RedisService
src/redis.ts,181,181,VariableDeclaration,prefix,false,prefixedKey
src/redis.ts,185,221,MethodDeclaration,healthCheck,false,RedisService
src/redis.ts,196,196,VariableDeclaration,pong,false,healthCheck
src/redis.ts,211,211,VariableDeclaration,error,false,healthCheck
src/redis.ts,223,233,MethodDeclaration,get,false,RedisService
src/redis.ts,226,226,VariableDeclaration,val,false,get
src/redis.ts,229,229,VariableDeclaration,error,false,get
src/redis.ts,235,249,MethodDeclaration,set,false,RedisService
src/redis.ts,238,238,VariableDeclaration,payload,false,set
src/redis.ts,245,245,VariableDeclaration,error,false,set
src/redis.ts,251,260,MethodDeclaration,del,false,RedisService
src/redis.ts,254,254,VariableDeclaration,count,false,del
src/redis.ts,256,256,VariableDeclaration,error,false,del
src/redis.ts,264,287,MethodDeclaration,consumeFixedWindow,false,RedisService
src/redis.ts,268,273,VariableDeclaration,result,false,consumeFixedWindow
src/redis.ts,275,275,VariableDeclaration,count,false,consumeFixedWindow
src/redis.ts,276,276,VariableDeclaration,pttl,false,consumeFixedWindow
src/redis.ts,283,283,VariableDeclaration,error,false,consumeFixedWindow
src/redis.ts,289,305,MethodDeclaration,acquireLock,false,RedisService
src/redis.ts,291,291,VariableDeclaration,token,false,acquireLock
src/redis.ts,295,295,VariableDeclaration,ok,false,acquireLock
src/redis.ts,301,301,VariableDeclaration,error,false,acquireLock
src/redis.ts,307,316,MethodDeclaration,releaseLock,false,RedisService
src/redis.ts,310,310,VariableDeclaration,result,false,releaseLock
src/redis.ts,312,312,VariableDeclaration,error,false,releaseLock
src/redis.ts,318,327,MethodDeclaration,increment,false,RedisService
src/redis.ts,321,321,VariableDeclaration,result,false,increment
src/redis.ts,323,323,VariableDeclaration,error,false,increment
src/redis.ts,329,350,MethodDeclaration,enqueueBounded,false,RedisService
src/redis.ts,332,332,VariableDeclaration,payload,false,enqueueBounded
src/redis.ts,333,340,VariableDeclaration,length,false,enqueueBounded
src/redis.ts,346,346,VariableDeclaration,error,false,enqueueBounded
src/redis.ts,352,362,MethodDeclaration,cacheGet,false,RedisService
src/redis.ts,355,355,VariableDeclaration,raw,false,cacheGet
src/redis.ts,358,358,VariableDeclaration,error,false,cacheGet
src/redis.ts,364,374,MethodDeclaration,cacheSet,false,RedisService
src/redis.ts,367,367,VariableDeclaration,serialized,false,cacheSet
src/redis.ts,370,370,VariableDeclaration,error,false,cacheSet
src/redis.ts,376,385,MethodDeclaration,cacheDelete,false,RedisService
src/redis.ts,379,379,VariableDeclaration,count,false,cacheDelete
src/redis.ts,381,381,VariableDeclaration,error,false,cacheDelete
src/redis.ts,387,396,MethodDeclaration,rememberOnce,false,RedisService
src/redis.ts,390,390,VariableDeclaration,res,false,rememberOnce
src/redis.ts,392,392,VariableDeclaration,error,false,rememberOnce
src/sentry.ts,6,6,VariableDeclaration,SAFE_LABEL,false,
src/sentry.ts,7,7,VariableDeclaration,SAFE_ERROR_NAME,false,
src/sentry.ts,8,8,VariableDeclaration,SAFE_ERROR_CODE,false,
src/sentry.ts,9,9,VariableDeclaration,SENTRY_FLUSH_TIMEOUT_MS,false,
src/sentry.ts,11,14,FunctionDeclaration,safeLabel,false,
src/sentry.ts,12,12,VariableDeclaration,normalized,false,safeLabel
src/sentry.ts,16,22,FunctionDeclaration,safeErrorName,false,
src/sentry.ts,18,18,VariableDeclaration,name,false,safeErrorName
src/sentry.ts,24,28,FunctionDeclaration,safeErrorCode,false,
src/sentry.ts,26,26,VariableDeclaration,code,false,safeErrorCode
src/sentry.ts,30,47,FunctionDeclaration,redactErrorEvent,false,
src/sentry.ts,31,34,VariableDeclaration,tags,false,redactErrorEvent
src/sentry.ts,49,54,InterfaceDeclaration,SentryReporter,true,
src/sentry.ts,56,61,VariableDeclaration,disabledReporter,false,
src/sentry.ts,63,124,FunctionDeclaration,createSentryReporter,true,
src/sentry.ts,76,76,VariableDeclaration,error,false,createSentryReporter
src/sentry.ts,86,101,MethodDeclaration,captureError,false,createSentryReporter
src/sentry.ts,88,88,VariableDeclaration,safeOperation,false,captureError
src/sentry.ts,89,89,VariableDeclaration,errorName,false,captureError
src/sentry.ts,90,90,VariableDeclaration,errorCode,false,captureError
src/sentry.ts,98,98,VariableDeclaration,captureError,false,captureError
src/sentry.ts,103,114,MethodDeclaration,captureMessage,false,createSentryReporter
src/sentry.ts,105,105,VariableDeclaration,safeOperation,false,captureMessage
src/sentry.ts,111,111,VariableDeclaration,captureError,false,captureMessage
src/sentry.ts,116,122,MethodDeclaration,close,false,createSentryReporter
src/sentry.ts,119,119,VariableDeclaration,error,false,close
src/services/afk-service.ts,6,12,TypeAliasDeclaration,AfkRecord,true,
src/services/afk-service.ts,14,19,TypeAliasDeclaration,AfkMentionRecord,true,
src/services/afk-service.ts,21,26,TypeAliasDeclaration,AfkEndSummary,true,
src/services/afk-service.ts,28,32,TypeAliasDeclaration,AfkLeaderboardEntry,true,
src/services/afk-service.ts,34,34,VariableDeclaration,MAX_AFK_REASON_LENGTH,false,
src/services/afk-service.ts,35,35,VariableDeclaration,MAX_AFK_MENTION_RETENTION,false,
src/services/afk-service.ts,36,36,VariableDeclaration,AFK_MENTION_RETENTION_MS,false,
src/services/afk-service.ts,37,37,VariableDeclaration,AFK_PRESENCE_WRITE_INTERVAL_MS,false,
src/services/afk-service.ts,39,43,InterfaceDeclaration,AfkServiceOptions,true,
src/services/afk-service.ts,45,51,TypeAliasDeclaration,AfkRow,false,
src/services/afk-service.ts,53,58,TypeAliasDeclaration,MentionRow,false,
src/services/afk-service.ts,60,64,TypeAliasDeclaration,LeaderboardRow,false,
src/services/afk-service.ts,66,74,FunctionDeclaration,mapAfk,false,
src/services/afk-service.ts,76,378,ClassDeclaration,AfkService,true,
src/services/afk-service.ts,97,102,MethodDeclaration,initialize,false,AfkService
src/services/afk-service.ts,104,107,MethodDeclaration,shutdown,false,AfkService
src/services/afk-service.ts,109,118,MethodDeclaration,getActive,false,AfkService
src/services/afk-service.ts,110,116,VariableDeclaration,row,false,getActive
src/services/afk-service.ts,120,155,MethodDeclaration,start,false,AfkService
src/services/afk-service.ts,121,121,VariableDeclaration,db,false,start
src/services/afk-service.ts,122,122,VariableDeclaration,normalizedReason,false,start
src/services/afk-service.ts,124,124,VariableDeclaration,existing,false,start
src/services/afk-service.ts,130,132,VariableDeclaration,presence,false,start
src/services/afk-service.ts,133,133,VariableDeclaration,lastSeenAt,false,start
src/services/afk-service.ts,134,145,VariableDeclaration,startAfk,false,start
src/services/afk-service.ts,157,178,MethodDeclaration,finish,false,AfkService
src/services/afk-service.ts,158,158,VariableDeclaration,db,false,finish
src/services/afk-service.ts,159,159,VariableDeclaration,record,false,finish
src/services/afk-service.ts,162,162,VariableDeclaration,mentions,false,finish
src/services/afk-service.ts,163,163,VariableDeclaration,durationMs,false,finish
src/services/afk-service.ts,164,174,VariableDeclaration,finish,false,finish
src/services/afk-service.ts,180,191,MethodDeclaration,touchPresence,false,AfkService
src/services/afk-service.ts,181,181,VariableDeclaration,db,false,touchPresence
src/services/afk-service.ts,182,184,VariableDeclaration,existing,false,touchPresence
src/services/afk-service.ts,193,207,MethodDeclaration,recordMention,false,AfkService
src/services/afk-service.ts,214,250,MethodDeclaration,recordMentionWithResult,false,AfkService
src/services/afk-service.ts,221,221,VariableDeclaration,db,false,recordMentionWithResult
src/services/afk-service.ts,222,222,VariableDeclaration,normalizedGroupName,false,recordMentionWithResult
src/services/afk-service.ts,223,228,VariableDeclaration,mention,false,recordMentionWithResult
src/services/afk-service.ts,229,248,VariableDeclaration,insert,false,recordMentionWithResult
src/services/afk-service.ts,230,240,VariableDeclaration,result,false,recordMentionWithResult
src/services/afk-service.ts,241,241,VariableDeclaration,updated,false,recordMentionWithResult
src/services/afk-service.ts,252,268,MethodDeclaration,getMentions,false,AfkService
src/services/afk-service.ts,253,261,VariableDeclaration,rows,false,getMentions
src/services/afk-service.ts,270,280,MethodDeclaration,listActive,false,AfkService
src/services/afk-service.ts,271,278,VariableDeclaration,rows,false,listActive
src/services/afk-service.ts,282,296,MethodDeclaration,listLeaderboard,false,AfkService
src/services/afk-service.ts,283,290,VariableDeclaration,rows,false,listLeaderboard
src/services/afk-service.ts,298,303,MethodDeclaration,totalRecorded,false,AfkService
src/services/afk-service.ts,299,301,VariableDeclaration,row,false,totalRecorded
src/services/afk-service.ts,305,308,MethodDeclaration,database,false,AfkService
src/services/afk-service.ts,310,358,MethodDeclaration,migrate,false,AfkService
src/services/afk-service.ts,349,351,VariableDeclaration,columns,false,migrate
src/services/afk-service.ts,360,377,MethodDeclaration,pruneMentions,false,AfkService
src/services/afk-service.ts,361,361,VariableDeclaration,cutoff,false,pruneMentions
src/services/character-guide-service.ts,7,12,InterfaceDeclaration,CharacterRpcClient,true,
src/services/character-guide-service.ts,14,18,InterfaceDeclaration,CharacterGuideServiceOptions,true,
src/services/character-guide-service.ts,20,26,InterfaceDeclaration,CharacterRegistrationSession,true,
src/services/character-guide-service.ts,28,33,InterfaceDeclaration,CharacterSaveResult,true,
src/services/character-guide-service.ts,35,56,InterfaceDeclaration,CharacterActiveRecord,true,
src/services/character-guide-service.ts,59,67,VariableDeclaration,TIME_RP_DAYS,false,
src/services/character-guide-service.ts,69,82,VariableDeclaration,TIME_RP_MONTHS,false,
src/services/character-guide-service.ts,84,90,VariableDeclaration,TIME_RP_SEASONS,false,
src/services/character-guide-service.ts,92,104,InterfaceDeclaration,TimeRpResult,true,
src/services/character-guide-service.ts,106,106,VariableDeclaration,TIME_RP_EPOCH,false,
src/services/character-guide-service.ts,107,107,VariableDeclaration,TIME_RP_SCALE,false,
src/services/character-guide-service.ts,108,108,VariableDeclaration,TIME_RP_DAY_TRANSITION_HOURS,false,
src/services/character-guide-service.ts,110,112,FunctionDeclaration,getWibOffset,false,
src/services/character-guide-service.ts,114,117,FunctionDeclaration,getRpTimestamp,false,
src/services/character-guide-service.ts,119,123,FunctionDeclaration,getRpDayOfYear,false,
src/services/character-guide-service.ts,120,120,VariableDeclaration,rpDayMs,false,getRpDayOfYear
src/services/character-guide-service.ts,121,121,VariableDeclaration,rpDays,false,getRpDayOfYear
src/services/character-guide-service.ts,125,128,FunctionDeclaration,getRpYear,false,
src/services/character-guide-service.ts,126,126,VariableDeclaration,rpDayOfYear,false,getRpYear
src/services/character-guide-service.ts,130,136,FunctionDeclaration,getRpMonth,false,
src/services/character-guide-service.ts,131,131,VariableDeclaration,rpDayOfYear,false,getRpMonth
src/services/character-guide-service.ts,132,132,VariableDeclaration,dayOfYear,false,getRpMonth
src/services/character-guide-service.ts,133,133,VariableDeclaration,monthIndex,false,getRpMonth
src/services/character-guide-service.ts,134,134,VariableDeclaration,dayOfMonth,false,getRpMonth
src/services/character-guide-service.ts,138,141,FunctionDeclaration,getRpDayOfWeek,false,
src/services/character-guide-service.ts,139,139,VariableDeclaration,rpDayOfYear,false,getRpDayOfWeek
src/services/character-guide-service.ts,143,145,FunctionDeclaration,getRpHour,false,
src/services/character-guide-service.ts,147,149,FunctionDeclaration,getRpMinute,false,
src/services/character-guide-service.ts,151,155,FunctionDeclaration,getRpSeason,false,
src/services/character-guide-service.ts,152,152,VariableDeclaration,monthNumber,false,getRpSeason
src/services/character-guide-service.ts,153,153,VariableDeclaration,season,false,getRpSeason
src/services/character-guide-service.ts,157,178,FunctionDeclaration,getNextDayTransition,false,
src/services/character-guide-service.ts,158,158,VariableDeclaration,wibMs,false,getNextDayTransition
src/services/character-guide-service.ts,159,159,VariableDeclaration,wibDate,false,getNextDayTransition
src/services/character-guide-service.ts,160,160,VariableDeclaration,currentHour,false,getNextDayTransition
src/services/character-guide-service.ts,162,162,VariableDeclaration,nextTransitionHour,false,getNextDayTransition
src/services/character-guide-service.ts,163,163,VariableDeclaration,h,false,getNextDayTransition
src/services/character-guide-service.ts,170,170,VariableDeclaration,nextTransition,false,getNextDayTransition
src/services/character-guide-service.ts,180,185,FunctionDeclaration,isDayTransitionHour,false,
src/services/character-guide-service.ts,181,181,VariableDeclaration,wibMs,false,isDayTransitionHour
src/services/character-guide-service.ts,182,182,VariableDeclaration,wibDate,false,isDayTransitionHour
src/services/character-guide-service.ts,183,183,VariableDeclaration,hour,false,isDayTransitionHour
src/services/character-guide-service.ts,187,208,FunctionDeclaration,calculateTimeRp,true,
src/services/character-guide-service.ts,188,188,VariableDeclaration,rpTimestamp,false,calculateTimeRp
src/services/character-guide-service.ts,189,189,VariableDeclaration,"{ monthIndex, dayOfMonth }",false,calculateTimeRp
src/services/character-guide-service.ts,190,190,VariableDeclaration,dayOfWeek,false,calculateTimeRp
src/services/character-guide-service.ts,191,191,VariableDeclaration,season,false,calculateTimeRp
src/services/character-guide-service.ts,192,192,VariableDeclaration,nextTransitionAt,false,calculateTimeRp
src/services/character-guide-service.ts,193,193,VariableDeclaration,isDayTransition,false,calculateTimeRp
src/services/character-guide-service.ts,210,225,FunctionDeclaration,formatTimeRp,true,
src/services/character-guide-service.ts,211,223,VariableDeclaration,lines,false,formatTimeRp
src/services/character-guide-service.ts,227,232,ClassDeclaration,CharacterGuideUnavailableError,true,
src/services/character-guide-service.ts,234,242,ClassDeclaration,CharacterGuideValidationError,true,
src/services/character-guide-service.ts,244,246,FunctionDeclaration,canonicalJid,false,
src/services/character-guide-service.ts,248,250,FunctionDeclaration,hashIdentity,false,
src/services/character-guide-service.ts,252,252,VariableDeclaration,CHARACTER_WORLD_SCOPE,false,
src/services/character-guide-service.ts,254,256,FunctionDeclaration,hashReference,false,
src/services/character-guide-service.ts,258,260,FunctionDeclaration,worldScopeKey,false,
src/services/character-guide-service.ts,262,265,FunctionDeclaration,safeOperationKey,false,
src/services/character-guide-service.ts,263,263,VariableDeclaration,digest,false,safeOperationKey
src/services/character-guide-service.ts,267,269,FunctionDeclaration,asRecord,false,
src/services/character-guide-service.ts,271,275,FunctionDeclaration,responseError,false,
src/services/character-guide-service.ts,272,272,VariableDeclaration,raw,false,responseError
src/services/character-guide-service.ts,273,273,VariableDeclaration,code,false,responseError
src/services/character-guide-service.ts,277,298,FunctionDeclaration,characterErrorMessage,false,
src/services/character-guide-service.ts,300,571,ClassDeclaration,CharacterGuideService,true,
src/services/character-guide-service.ts,325,330,MethodDeclaration,initialize,false,CharacterGuideService
src/services/character-guide-service.ts,332,334,MethodDeclaration,shutdown,false,CharacterGuideService
src/services/character-guide-service.ts,336,338,GetAccessor,isEnabled,false,CharacterGuideService
src/services/character-guide-service.ts,340,342,GetAccessor,isReady,false,CharacterGuideService
src/services/character-guide-service.ts,348,350,GetAccessor,hasBackend,false,CharacterGuideService
src/services/character-guide-service.ts,352,357,MethodDeclaration,createCardReference,false,CharacterGuideService
src/services/character-guide-service.ts,359,381,MethodDeclaration,startRegistration,false,CharacterGuideService
src/services/character-guide-service.ts,363,368,VariableDeclaration,result,false,startRegistration
src/services/character-guide-service.ts,369,369,VariableDeclaration,raw,false,startRegistration
src/services/character-guide-service.ts,371,371,VariableDeclaration,sessionId,false,startRegistration
src/services/character-guide-service.ts,372,372,VariableDeclaration,storedReference,false,startRegistration
src/services/character-guide-service.ts,383,403,MethodDeclaration,getRegistration,false,CharacterGuideService
src/services/character-guide-service.ts,387,390,VariableDeclaration,result,false,getRegistration
src/services/character-guide-service.ts,391,391,VariableDeclaration,raw,false,getRegistration
src/services/character-guide-service.ts,393,393,VariableDeclaration,sessionId,false,getRegistration
src/services/character-guide-service.ts,394,394,VariableDeclaration,referenceKey,false,getRegistration
src/services/character-guide-service.ts,405,416,MethodDeclaration,cancelRegistration,false,CharacterGuideService
src/services/character-guide-service.ts,410,414,VariableDeclaration,result,false,cancelRegistration
src/services/character-guide-service.ts,418,421,MethodDeclaration,pendingDelivery,false,CharacterGuideService
src/services/character-guide-service.ts,423,432,MethodDeclaration,pendingDeliveryForOwner,false,CharacterGuideService
src/services/character-guide-service.ts,426,429,VariableDeclaration,result,false,pendingDeliveryForOwner
src/services/character-guide-service.ts,430,430,VariableDeclaration,raw,false,pendingDeliveryForOwner
src/services/character-guide-service.ts,434,484,MethodDeclaration,save,false,CharacterGuideService
src/services/character-guide-service.ts,445,445,VariableDeclaration,operationKey,false,save
src/services/character-guide-service.ts,446,463,VariableDeclaration,requestPayload,false,save
src/services/character-guide-service.ts,464,464,VariableDeclaration,requestHash,false,save
src/services/character-guide-service.ts,465,473,VariableDeclaration,result,false,save
src/services/character-guide-service.ts,474,474,VariableDeclaration,raw,false,save
src/services/character-guide-service.ts,476,476,VariableDeclaration,characterId,false,save
src/services/character-guide-service.ts,486,489,MethodDeclaration,getActive,false,CharacterGuideService
src/services/character-guide-service.ts,491,525,MethodDeclaration,getActiveForOwner,false,CharacterGuideService
src/services/character-guide-service.ts,494,497,VariableDeclaration,result,false,getActiveForOwner
src/services/character-guide-service.ts,498,498,VariableDeclaration,raw,false,getActiveForOwner
src/services/character-guide-service.ts,500,500,VariableDeclaration,id,false,getActiveForOwner
src/services/character-guide-service.ts,501,501,VariableDeclaration,titles,false,getActiveForOwner
src/services/character-guide-service.ts,527,543,MethodDeclaration,retire,false,CharacterGuideService
src/services/character-guide-service.ts,532,532,VariableDeclaration,operationKey,false,retire
src/services/character-guide-service.ts,533,541,VariableDeclaration,result,false,retire
src/services/character-guide-service.ts,545,552,MethodDeclaration,markDelivery,false,CharacterGuideService
src/services/character-guide-service.ts,554,562,MethodDeclaration,call,false,CharacterGuideService
src/services/character-guide-service.ts,556,556,VariableDeclaration,"{ data, error }",false,call
src/services/character-guide-service.ts,564,566,MethodDeclaration,assertGroup,false,CharacterGuideService
src/services/character-guide-service.ts,568,570,MethodDeclaration,assertJid,false,CharacterGuideService
src/services/character-sheet-parser.ts,1,1,VariableDeclaration,CHARACTER_GENDERS,false,
src/services/character-sheet-parser.ts,2,2,TypeAliasDeclaration,CharacterGender,true,
src/services/character-sheet-parser.ts,4,7,VariableDeclaration,CHARACTER_RACES,false,
src/services/character-sheet-parser.ts,8,8,TypeAliasDeclaration,CharacterRace,true,
src/services/character-sheet-parser.ts,10,13,VariableDeclaration,CHARACTER_ELEMENTS,false,
src/services/character-sheet-parser.ts,14,14,TypeAliasDeclaration,CharacterElement,true,
src/services/character-sheet-parser.ts,16,21,VariableDeclaration,CHARACTER_CLASSES,false,
src/services/character-sheet-parser.ts,22,22,TypeAliasDeclaration,CharacterClass,true,
src/services/character-sheet-parser.ts,24,27,VariableDeclaration,CHARACTER_BIRTH_MONTHS,false,
src/services/character-sheet-parser.ts,29,29,VariableDeclaration,CHARACTER_WILL_OF_PATHS,false,
src/services/character-sheet-parser.ts,30,30,TypeAliasDeclaration,CharacterWillOfPath,true,
src/services/character-sheet-parser.ts,32,49,InterfaceDeclaration,CharacterSheetPayload,true,
src/services/character-sheet-parser.ts,51,56,InterfaceDeclaration,CharacterParseIssue,true,
src/services/character-sheet-parser.ts,58,60,TypeAliasDeclaration,CharacterParseResult,true,
src/services/character-sheet-parser.ts,62,82,VariableDeclaration,FIELD_ALIASES,false,
src/services/character-sheet-parser.ts,84,84,VariableDeclaration,CONTROLLED_FIELDS,false,
src/services/character-sheet-parser.ts,85,85,VariableDeclaration,REQUIRED_FIELDS,false,
src/services/character-sheet-parser.ts,86,86,VariableDeclaration,KNOWN_FIELDS,false,
src/services/character-sheet-parser.ts,87,93,VariableDeclaration,LABEL_TYPO_ALIASES,false,
src/services/character-sheet-parser.ts,95,100,FunctionDeclaration,cleanControl,false,
src/services/character-sheet-parser.ts,102,117,FunctionDeclaration,unwrapFormatting,false,
src/services/character-sheet-parser.ts,103,103,VariableDeclaration,current,false,unwrapFormatting
src/services/character-sheet-parser.ts,104,104,VariableDeclaration,index,false,unwrapFormatting
src/services/character-sheet-parser.ts,105,112,VariableDeclaration,next,false,unwrapFormatting
src/services/character-sheet-parser.ts,119,126,FunctionDeclaration,normalizeLabel,false,
src/services/character-sheet-parser.ts,128,131,FunctionDeclaration,canonicalFromList,false,
src/services/character-sheet-parser.ts,129,129,VariableDeclaration,normalized,false,canonicalFromList
src/services/character-sheet-parser.ts,133,137,FunctionDeclaration,lineFieldLabel,false,
src/services/character-sheet-parser.ts,134,134,VariableDeclaration,normalized,false,lineFieldLabel
src/services/character-sheet-parser.ts,139,141,FunctionDeclaration,looksLikeFieldLine,false,
src/services/character-sheet-parser.ts,143,156,FunctionDeclaration,parseFieldLine,false,
src/services/character-sheet-parser.ts,144,144,VariableDeclaration,cleaned,false,parseFieldLine
src/services/character-sheet-parser.ts,145,145,VariableDeclaration,separator,false,parseFieldLine
src/services/character-sheet-parser.ts,147,147,VariableDeclaration,rawValue,false,parseFieldLine
src/services/character-sheet-parser.ts,154,154,VariableDeclaration,field,false,parseFieldLine
src/services/character-sheet-parser.ts,158,167,FunctionDeclaration,parseBirthday,false,
src/services/character-sheet-parser.ts,159,159,VariableDeclaration,normalized,false,parseBirthday
src/services/character-sheet-parser.ts,160,160,VariableDeclaration,match,false,parseBirthday
src/services/character-sheet-parser.ts,162,162,VariableDeclaration,day,false,parseBirthday
src/services/character-sheet-parser.ts,163,163,VariableDeclaration,month,false,parseBirthday
src/services/character-sheet-parser.ts,164,164,VariableDeclaration,year,false,parseBirthday
src/services/character-sheet-parser.ts,169,175,FunctionDeclaration,canonicalGender,false,
src/services/character-sheet-parser.ts,170,170,VariableDeclaration,normalized,false,canonicalGender
src/services/character-sheet-parser.ts,177,179,FunctionDeclaration,canonicalRace,false,
src/services/character-sheet-parser.ts,181,183,FunctionDeclaration,canonicalElement,false,
src/services/character-sheet-parser.ts,185,187,FunctionDeclaration,canonicalClass,false,
src/services/character-sheet-parser.ts,189,191,FunctionDeclaration,canonicalWill,false,
src/services/character-sheet-parser.ts,193,199,FunctionDeclaration,valueForField,false,
src/services/character-sheet-parser.ts,194,194,VariableDeclaration,value,false,valueForField
src/services/character-sheet-parser.ts,196,196,VariableDeclaration,normalized,false,valueForField
src/services/character-sheet-parser.ts,201,203,FunctionDeclaration,issue,false,
src/services/character-sheet-parser.ts,205,210,FunctionDeclaration,normalizeCharacterText,true,
src/services/character-sheet-parser.ts,212,324,FunctionDeclaration,parseCharacterSheet,true,
src/services/character-sheet-parser.ts,213,213,VariableDeclaration,normalizedInput,false,parseCharacterSheet
src/services/character-sheet-parser.ts,218,218,VariableDeclaration,fields,false,parseCharacterSheet
src/services/character-sheet-parser.ts,219,219,VariableDeclaration,duplicates,false,parseCharacterSheet
src/services/character-sheet-parser.ts,220,220,VariableDeclaration,ignoredFields,false,parseCharacterSheet
src/services/character-sheet-parser.ts,221,221,VariableDeclaration,unsupportedFields,false,parseCharacterSheet
src/services/character-sheet-parser.ts,222,222,VariableDeclaration,lines,false,parseCharacterSheet
src/services/character-sheet-parser.ts,224,224,VariableDeclaration,index,false,parseCharacterSheet
src/services/character-sheet-parser.ts,225,225,VariableDeclaration,line,false,parseCharacterSheet
src/services/character-sheet-parser.ts,226,226,VariableDeclaration,parsed,false,parseCharacterSheet
src/services/character-sheet-parser.ts,231,231,VariableDeclaration,value,false,parseCharacterSheet
src/services/character-sheet-parser.ts,233,233,VariableDeclaration,continuation,false,parseCharacterSheet
src/services/character-sheet-parser.ts,252,252,VariableDeclaration,issues,false,parseCharacterSheet
src/services/character-sheet-parser.ts,253,253,VariableDeclaration,field,false,parseCharacterSheet
src/services/character-sheet-parser.ts,254,254,VariableDeclaration,field,false,parseCharacterSheet
src/services/character-sheet-parser.ts,259,259,VariableDeclaration,name,false,parseCharacterSheet
src/services/character-sheet-parser.ts,260,260,VariableDeclaration,genderValue,false,parseCharacterSheet
src/services/character-sheet-parser.ts,261,261,VariableDeclaration,ageValue,false,parseCharacterSheet
src/services/character-sheet-parser.ts,262,262,VariableDeclaration,birthdayValue,false,parseCharacterSheet
src/services/character-sheet-parser.ts,263,263,VariableDeclaration,raceValue,false,parseCharacterSheet
src/services/character-sheet-parser.ts,264,264,VariableDeclaration,classValue,false,parseCharacterSheet
src/services/character-sheet-parser.ts,265,265,VariableDeclaration,elementValue,false,parseCharacterSheet
src/services/character-sheet-parser.ts,266,266,VariableDeclaration,willValue,false,parseCharacterSheet
src/services/character-sheet-parser.ts,267,267,VariableDeclaration,gender,false,parseCharacterSheet
src/services/character-sheet-parser.ts,268,268,VariableDeclaration,age,false,parseCharacterSheet
src/services/character-sheet-parser.ts,269,269,VariableDeclaration,birthday,false,parseCharacterSheet
src/services/character-sheet-parser.ts,270,270,VariableDeclaration,race,false,parseCharacterSheet
src/services/character-sheet-parser.ts,271,271,VariableDeclaration,className,false,parseCharacterSheet
src/services/character-sheet-parser.ts,272,272,VariableDeclaration,element,false,parseCharacterSheet
src/services/character-sheet-parser.ts,273,273,VariableDeclaration,will,false,parseCharacterSheet
src/services/character-sheet-parser.ts,292,295,VariableDeclaration,optional,false,parseCharacterSheet
src/services/character-sheet-parser.ts,293,293,VariableDeclaration,value,false,parseCharacterSheet
src/services/character-sheet-parser.ts,296,296,VariableDeclaration,"[field, maxLength]",false,parseCharacterSheet
src/services/character-sheet-parser.ts,297,297,VariableDeclaration,value,false,parseCharacterSheet
src/services/character-sheet-parser.ts,326,333,FunctionDeclaration,extractCommandPayload,true,
src/services/character-sheet-parser.ts,327,327,VariableDeclaration,text,false,extractCommandPayload
src/services/character-sheet-parser.ts,329,329,VariableDeclaration,body,false,extractCommandPayload
src/services/character-sheet-parser.ts,330,330,VariableDeclaration,match,false,extractCommandPayload
src/services/character-sheet-parser.ts,335,338,FunctionDeclaration,hasNarrativeContent,false,
src/services/character-sheet-parser.ts,336,336,VariableDeclaration,unwrapped,false,hasNarrativeContent
src/services/character-sheet-parser.ts,340,347,FunctionDeclaration,isNarrativeLine,false,
src/services/character-sheet-parser.ts,341,341,VariableDeclaration,trimmed,false,isNarrativeLine
src/services/character-sheet-parser.ts,349,354,FunctionDeclaration,isCanonicalNarrativeText,true,
src/services/character-sheet-parser.ts,350,350,VariableDeclaration,normalized,false,isCanonicalNarrativeText
src/services/character-sheet-parser.ts,352,352,VariableDeclaration,lines,false,isCanonicalNarrativeText
src/services/developer-mode-service.ts,6,6,TypeAliasDeclaration,DeveloperModeScope,true,
src/services/developer-mode-service.ts,7,7,TypeAliasDeclaration,DeveloperModeAuditOutcome,true,
src/services/developer-mode-service.ts,9,19,InterfaceDeclaration,DeveloperModeActivation,true,
src/services/developer-mode-service.ts,21,25,InterfaceDeclaration,DeveloperModeDecision,true,
src/services/developer-mode-service.ts,27,36,InterfaceDeclaration,DeveloperModeAuditRecord,true,
src/services/developer-mode-service.ts,38,42,InterfaceDeclaration,DeveloperModeServiceOptions,true,
src/services/developer-mode-service.ts,44,44,VariableDeclaration,DEVELOPER_MODE_MIN_DURATION_MS,false,
src/services/developer-mode-service.ts,45,45,VariableDeclaration,DEVELOPER_MODE_MAX_DURATION_MS,false,
src/services/developer-mode-service.ts,46,46,VariableDeclaration,DEVELOPER_MODE_MAX_REASON_LENGTH,false,
src/services/developer-mode-service.ts,47,47,VariableDeclaration,DEVELOPER_MODE_MAX_ACTIVE_ACTIVATIONS,false,
src/services/developer-mode-service.ts,48,48,VariableDeclaration,DEVELOPER_MODE_MAX_AUDIT_RECORDS,false,
src/services/developer-mode-service.ts,50,60,InterfaceDeclaration,ActivationRow,false,
src/services/developer-mode-service.ts,62,71,InterfaceDeclaration,AuditRow,false,
src/services/developer-mode-service.ts,73,77,FunctionDeclaration,normalizeDeveloperJid,true,
src/services/developer-mode-service.ts,74,74,VariableDeclaration,trimmed,false,normalizeDeveloperJid
src/services/developer-mode-service.ts,79,89,FunctionDeclaration,normalizeJid,false,
src/services/developer-mode-service.ts,80,80,VariableDeclaration,trimmed,false,normalizeJid
src/services/developer-mode-service.ts,81,81,VariableDeclaration,at,false,normalizeJid
src/services/developer-mode-service.ts,83,83,VariableDeclaration,user,false,normalizeJid
src/services/developer-mode-service.ts,84,84,VariableDeclaration,server,false,normalizeJid
src/services/developer-mode-service.ts,91,98,FunctionDeclaration,normalizeReason,false,
src/services/developer-mode-service.ts,92,92,VariableDeclaration,normalized,false,normalizeReason
src/services/developer-mode-service.ts,102,102,VariableDeclaration,hashJid,false,
src/services/developer-mode-service.ts,104,116,FunctionDeclaration,mapActivation,false,
src/services/developer-mode-service.ts,118,129,FunctionDeclaration,mapAudit,false,
src/services/developer-mode-service.ts,131,133,FunctionDeclaration,scopeAllows,false,
src/services/developer-mode-service.ts,135,408,ClassDeclaration,DeveloperModeService,true,
src/services/developer-mode-service.ts,161,165,MethodDeclaration,initialize,false,DeveloperModeService
src/services/developer-mode-service.ts,167,170,MethodDeclaration,shutdown,false,DeveloperModeService
src/services/developer-mode-service.ts,172,177,MethodDeclaration,isGloballyEnabled,false,DeveloperModeService
src/services/developer-mode-service.ts,173,175,VariableDeclaration,row,false,isGloballyEnabled
src/services/developer-mode-service.ts,179,220,MethodDeclaration,activate,false,DeveloperModeService
src/services/developer-mode-service.ts,187,187,VariableDeclaration,owner,false,activate
src/services/developer-mode-service.ts,188,188,VariableDeclaration,target,false,activate
src/services/developer-mode-service.ts,193,193,VariableDeclaration,normalizedReason,false,activate
src/services/developer-mode-service.ts,194,194,VariableDeclaration,db,false,activate
src/services/developer-mode-service.ts,197,217,VariableDeclaration,create,false,activate
src/services/developer-mode-service.ts,198,200,VariableDeclaration,existing,false,activate
src/services/developer-mode-service.ts,203,205,VariableDeclaration,activeCount,false,activate
src/services/developer-mode-service.ts,208,208,VariableDeclaration,id,false,activate
src/services/developer-mode-service.ts,209,209,VariableDeclaration,expiresAt,false,activate
src/services/developer-mode-service.ts,222,248,MethodDeclaration,evaluate,false,DeveloperModeService
src/services/developer-mode-service.ts,223,223,VariableDeclaration,target,false,evaluate
src/services/developer-mode-service.ts,230,237,VariableDeclaration,row,false,evaluate
src/services/developer-mode-service.ts,250,263,MethodDeclaration,revoke,false,DeveloperModeService
src/services/developer-mode-service.ts,251,251,VariableDeclaration,owner,false,revoke
src/services/developer-mode-service.ts,252,252,VariableDeclaration,db,false,revoke
src/services/developer-mode-service.ts,253,261,VariableDeclaration,revoke,false,revoke
src/services/developer-mode-service.ts,254,256,VariableDeclaration,row,false,revoke
src/services/developer-mode-service.ts,265,276,MethodDeclaration,setGlobalEnabled,false,DeveloperModeService
src/services/developer-mode-service.ts,266,266,VariableDeclaration,owner,false,setGlobalEnabled
src/services/developer-mode-service.ts,267,267,VariableDeclaration,db,false,setGlobalEnabled
src/services/developer-mode-service.ts,278,286,MethodDeclaration,getActivation,false,DeveloperModeService
src/services/developer-mode-service.ts,279,284,VariableDeclaration,row,false,getActivation
src/services/developer-mode-service.ts,288,300,MethodDeclaration,listVisibleActivations,false,DeveloperModeService
src/services/developer-mode-service.ts,289,289,VariableDeclaration,viewer,false,listVisibleActivations
src/services/developer-mode-service.ts,291,295,VariableDeclaration,query,false,listVisibleActivations
src/services/developer-mode-service.ts,296,298,VariableDeclaration,rows,false,listVisibleActivations
src/services/developer-mode-service.ts,302,307,MethodDeclaration,recordBoundaryDenied,false,DeveloperModeService
src/services/developer-mode-service.ts,303,303,VariableDeclaration,actor,false,recordBoundaryDenied
src/services/developer-mode-service.ts,304,304,VariableDeclaration,boundedReason,false,recordBoundaryDenied
src/services/developer-mode-service.ts,309,318,MethodDeclaration,listAudit,false,DeveloperModeService
src/services/developer-mode-service.ts,310,310,VariableDeclaration,safeLimit,false,listAudit
src/services/developer-mode-service.ts,311,316,VariableDeclaration,rows,false,listAudit
src/services/developer-mode-service.ts,320,334,MethodDeclaration,expireDue,false,DeveloperModeService
src/services/developer-mode-service.ts,321,321,VariableDeclaration,db,false,expireDue
src/services/developer-mode-service.ts,322,324,VariableDeclaration,rows,false,expireDue
src/services/developer-mode-service.ts,327,327,VariableDeclaration,row,false,expireDue
src/services/developer-mode-service.ts,328,330,VariableDeclaration,result,false,expireDue
src/services/developer-mode-service.ts,336,355,MethodDeclaration,insertAudit,false,DeveloperModeService
src/services/developer-mode-service.ts,357,402,MethodDeclaration,migrate,false,DeveloperModeService
src/services/developer-mode-service.ts,358,358,VariableDeclaration,db,false,migrate
src/services/developer-mode-service.ts,404,407,MethodDeclaration,database,false,DeveloperModeService
src/services/economy-service.ts,7,7,TypeAliasDeclaration,EconomyMembershipTier,true,
src/services/economy-service.ts,8,8,TypeAliasDeclaration,EconomySafeStatus,true,
src/services/economy-service.ts,9,9,TypeAliasDeclaration,EconomySnapshotSource,true,
src/services/economy-service.ts,12,12,TypeAliasDeclaration,TaxStatus,true,
src/services/economy-service.ts,13,13,TypeAliasDeclaration,TaxFrozenScope,true,
src/services/economy-service.ts,15,29,InterfaceDeclaration,TaxRecord,true,
src/services/economy-service.ts,31,42,InterfaceDeclaration,TaxSummary,true,
src/services/economy-service.ts,44,55,InterfaceDeclaration,EconomyAccountSnapshot,true,
src/services/economy-service.ts,57,60,InterfaceDeclaration,EconomySnapshotResult,true,
src/services/economy-service.ts,62,71,InterfaceDeclaration,EconomyHistoryEntry,true,
src/services/economy-service.ts,73,76,InterfaceDeclaration,EconomyRpcError,true,
src/services/economy-service.ts,78,78,TypeAliasDeclaration,EconomyRpcValue,true,
src/services/economy-service.ts,80,85,InterfaceDeclaration,EconomyRpcClient,true,
src/services/economy-service.ts,87,92,InterfaceDeclaration,EconomyRedisCache,true,
src/services/economy-service.ts,94,100,InterfaceDeclaration,EconomyServiceOptions,true,
src/services/economy-service.ts,102,102,VariableDeclaration,ECONOMY_CACHE_SCOPE,false,
src/services/economy-service.ts,103,103,VariableDeclaration,DEFAULT_CACHE_TTL_SECONDS,false,
src/services/economy-service.ts,104,104,VariableDeclaration,MAX_CACHE_TTL_SECONDS,false,
src/services/economy-service.ts,105,105,VariableDeclaration,SHA256_HEX_PATTERN,false,
src/services/economy-service.ts,106,106,VariableDeclaration,MAX_VELA,false,
src/services/economy-service.ts,107,107,VariableDeclaration,WALLET_LIMIT,false,
src/services/economy-service.ts,108,108,VariableDeclaration,MEMBERSHIP_TIERS,false,
src/services/economy-service.ts,109,109,VariableDeclaration,SAFE_STATUSES,false,
src/services/economy-service.ts,110,110,VariableDeclaration,OPERATION_HASH_LENGTH,false,
src/services/economy-service.ts,112,117,ClassDeclaration,EconomyUnavailableError,true,
src/services/economy-service.ts,119,127,ClassDeclaration,EconomyOperationError,true,
src/services/economy-service.ts,129,656,ClassDeclaration,EconomyService,true,
src/services/economy-service.ts,164,174,MethodDeclaration,initialize,false,EconomyService
src/services/economy-service.ts,176,178,GetAccessor,isEnabled,false,EconomyService
src/services/economy-service.ts,180,182,GetAccessor,isReady,false,EconomyService
src/services/economy-service.ts,188,190,GetAccessor,hasBackend,false,EconomyService
src/services/economy-service.ts,192,220,MethodDeclaration,getAccountSnapshot,false,EconomyService
src/services/economy-service.ts,196,196,VariableDeclaration,scopeKey,false,getAccountSnapshot
src/services/economy-service.ts,197,197,VariableDeclaration,subjectKey,false,getAccountSnapshot
src/services/economy-service.ts,198,198,VariableDeclaration,cacheIdentity,false,getAccountSnapshot
src/services/economy-service.ts,200,200,VariableDeclaration,cached,false,getAccountSnapshot
src/services/economy-service.ts,202,202,VariableDeclaration,normalized,false,getAccountSnapshot
src/services/economy-service.ts,208,211,VariableDeclaration,result,false,getAccountSnapshot
src/services/economy-service.ts,212,212,VariableDeclaration,snapshot,false,getAccountSnapshot
src/services/economy-service.ts,222,238,MethodDeclaration,setGroupPolicy,false,EconomyService
src/services/economy-service.ts,240,258,MethodDeclaration,openSafe,false,EconomyService
src/services/economy-service.ts,249,255,VariableDeclaration,result,false,openSafe
src/services/economy-service.ts,260,281,MethodDeclaration,grantReward,false,EconomyService
src/services/economy-service.ts,271,278,VariableDeclaration,result,false,grantReward
src/services/economy-service.ts,283,303,MethodDeclaration,deposit,false,EconomyService
src/services/economy-service.ts,293,300,VariableDeclaration,result,false,deposit
src/services/economy-service.ts,305,325,MethodDeclaration,withdraw,false,EconomyService
src/services/economy-service.ts,315,322,VariableDeclaration,result,false,withdraw
src/services/economy-service.ts,327,347,MethodDeclaration,upgradeMembership,false,EconomyService
src/services/economy-service.ts,337,344,VariableDeclaration,result,false,upgradeMembership
src/services/economy-service.ts,349,375,MethodDeclaration,createTransfer,false,EconomyService
src/services/economy-service.ts,364,372,VariableDeclaration,result,false,createTransfer
src/services/economy-service.ts,377,397,MethodDeclaration,acceptTransfer,false,EconomyService
src/services/economy-service.ts,387,394,VariableDeclaration,result,false,acceptTransfer
src/services/economy-service.ts,399,419,MethodDeclaration,rejectTransfer,false,EconomyService
src/services/economy-service.ts,409,416,VariableDeclaration,result,false,rejectTransfer
src/services/economy-service.ts,421,438,MethodDeclaration,sweepOverage,false,EconomyService
src/services/economy-service.ts,429,435,VariableDeclaration,result,false,sweepOverage
src/services/economy-service.ts,440,451,MethodDeclaration,getHistory,false,EconomyService
src/services/economy-service.ts,444,448,VariableDeclaration,result,false,getHistory
src/services/economy-service.ts,453,457,MethodDeclaration,invalidateAccount,false,EconomyService
src/services/economy-service.ts,459,463,MethodDeclaration,shutdown,false,EconomyService
src/services/economy-service.ts,471,474,MethodDeclaration,calculateTax,false,EconomyService
src/services/economy-service.ts,472,472,VariableDeclaration,baseTax,false,calculateTax
src/services/economy-service.ts,476,499,MethodDeclaration,calculateTaxWithPenalty,false,EconomyService
src/services/economy-service.ts,477,477,VariableDeclaration,baseTax,false,calculateTaxWithPenalty
src/services/economy-service.ts,478,478,VariableDeclaration,penaltyRate,false,calculateTaxWithPenalty
src/services/economy-service.ts,479,479,VariableDeclaration,status,false,calculateTaxWithPenalty
src/services/economy-service.ts,480,480,VariableDeclaration,frozenScope,false,calculateTaxWithPenalty
src/services/economy-service.ts,497,497,VariableDeclaration,totalTax,false,calculateTaxWithPenalty
src/services/economy-service.ts,501,523,MethodDeclaration,getCurrentTaxWeek,false,EconomyService
src/services/economy-service.ts,502,502,VariableDeclaration,wibMs,false,getCurrentTaxWeek
src/services/economy-service.ts,503,503,VariableDeclaration,wibDate,false,getCurrentTaxWeek
src/services/economy-service.ts,504,504,VariableDeclaration,dayOfWeek,false,getCurrentTaxWeek
src/services/economy-service.ts,505,505,VariableDeclaration,hour,false,getCurrentTaxWeek
src/services/economy-service.ts,510,510,VariableDeclaration,weekOffset,false,getCurrentTaxWeek
src/services/economy-service.ts,520,520,VariableDeclaration,epochMs,false,getCurrentTaxWeek
src/services/economy-service.ts,521,521,VariableDeclaration,weeksSinceEpoch,false,getCurrentTaxWeek
src/services/economy-service.ts,525,552,MethodDeclaration,getTaxSummary,false,EconomyService
src/services/economy-service.ts,529,529,VariableDeclaration,snapshotResult,false,getTaxSummary
src/services/economy-service.ts,530,530,VariableDeclaration,wealth,false,getTaxSummary
src/services/economy-service.ts,531,531,VariableDeclaration,weekNumber,false,getTaxSummary
src/services/economy-service.ts,532,532,VariableDeclaration,taxCalc,false,getTaxSummary
src/services/economy-service.ts,534,534,VariableDeclaration,now,false,getTaxSummary
src/services/economy-service.ts,535,535,VariableDeclaration,wibMs,false,getTaxSummary
src/services/economy-service.ts,536,536,VariableDeclaration,wibDate,false,getTaxSummary
src/services/economy-service.ts,537,537,VariableDeclaration,dayOfWeek,false,getTaxSummary
src/services/economy-service.ts,538,538,VariableDeclaration,isOverdue,false,getTaxSummary
src/services/economy-service.ts,554,581,MethodDeclaration,payTax,false,EconomyService
src/services/economy-service.ts,565,565,VariableDeclaration,summary,false,payTax
src/services/economy-service.ts,570,577,VariableDeclaration,result,false,payTax
src/services/economy-service.ts,583,591,MethodDeclaration,invalidateAccountsFromResult,false,EconomyService
src/services/economy-service.ts,584,584,VariableDeclaration,scopeKey,false,invalidateAccountsFromResult
src/services/economy-service.ts,585,585,VariableDeclaration,cacheIdentities,false,invalidateAccountsFromResult
src/services/economy-service.ts,586,586,VariableDeclaration,field,false,invalidateAccountsFromResult
src/services/economy-service.ts,587,587,VariableDeclaration,value,false,invalidateAccountsFromResult
src/services/economy-service.ts,593,597,MethodDeclaration,mutate,false,EconomyService
src/services/economy-service.ts,594,594,VariableDeclaration,result,false,mutate
src/services/economy-service.ts,599,613,MethodDeclaration,callRpc,false,EconomyService
src/services/economy-service.ts,601,601,VariableDeclaration,response,false,callRpc
src/services/economy-service.ts,604,604,VariableDeclaration,error,false,callRpc
src/services/economy-service.ts,615,623,MethodDeclaration,safeCacheGet,false,EconomyService
src/services/economy-service.ts,619,619,VariableDeclaration,error,false,safeCacheGet
src/services/economy-service.ts,625,632,MethodDeclaration,safeCacheSet,false,EconomyService
src/services/economy-service.ts,629,629,VariableDeclaration,error,false,safeCacheSet
src/services/economy-service.ts,634,642,MethodDeclaration,safeCacheDelete,false,EconomyService
src/services/economy-service.ts,638,638,VariableDeclaration,error,false,safeCacheDelete
src/services/economy-service.ts,644,647,MethodDeclaration,assertAccountIdentity,false,EconomyService
src/services/economy-service.ts,649,651,MethodDeclaration,assertGroupIdentity,false,EconomyService
src/services/economy-service.ts,653,655,MethodDeclaration,assertActorIdentity,false,EconomyService
src/services/economy-service.ts,658,662,FunctionDeclaration,createEconomyOperationKey,true,
src/services/economy-service.ts,659,659,VariableDeclaration,safePrefix,false,createEconomyOperationKey
src/services/economy-service.ts,660,660,VariableDeclaration,hash,false,createEconomyOperationKey
src/services/economy-service.ts,664,669,FunctionDeclaration,canonicalJid,false,
src/services/economy-service.ts,665,665,VariableDeclaration,at,false,canonicalJid
src/services/economy-service.ts,667,667,VariableDeclaration,local,false,canonicalJid
src/services/economy-service.ts,675,677,FunctionDeclaration,hashIdentity,false,
src/services/economy-service.ts,679,681,FunctionDeclaration,cacheIdentityFor,false,
src/services/economy-service.ts,683,687,FunctionDeclaration,assertAmount,false,
src/services/economy-service.ts,689,691,FunctionDeclaration,safeErrorCode,false,
src/services/economy-service.ts,693,701,FunctionDeclaration,classifyRpcError,false,
src/services/economy-service.ts,694,694,VariableDeclaration,message,false,classifyRpcError
src/services/economy-service.ts,703,742,FunctionDeclaration,normalizeSnapshot,false,
src/services/economy-service.ts,705,705,VariableDeclaration,record,false,normalizeSnapshot
src/services/economy-service.ts,706,710,VariableDeclaration,economyEnabled,false,normalizeSnapshot
src/services/economy-service.ts,711,711,VariableDeclaration,walletBalance,false,normalizeSnapshot
src/services/economy-service.ts,712,712,VariableDeclaration,safeBalance,false,normalizeSnapshot
src/services/economy-service.ts,713,713,VariableDeclaration,safeLimit,false,normalizeSnapshot
src/services/economy-service.ts,714,714,VariableDeclaration,restrictedWalletBalance,false,normalizeSnapshot
src/services/economy-service.ts,715,715,VariableDeclaration,reservedWalletBalance,false,normalizeSnapshot
src/services/economy-service.ts,716,716,VariableDeclaration,revision,false,normalizeSnapshot
src/services/economy-service.ts,717,717,VariableDeclaration,membershipTier,false,normalizeSnapshot
src/services/economy-service.ts,718,718,VariableDeclaration,safeStatus,false,normalizeSnapshot
src/services/economy-service.ts,719,719,VariableDeclaration,asOf,false,normalizeSnapshot
src/services/economy-service.ts,744,757,FunctionDeclaration,normalizeHistoryEntry,false,
src/services/economy-service.ts,746,746,VariableDeclaration,record,false,normalizeHistoryEntry
src/services/economy-service.ts,747,747,VariableDeclaration,entryId,false,normalizeHistoryEntry
src/services/economy-service.ts,748,748,VariableDeclaration,entryType,false,normalizeHistoryEntry
src/services/economy-service.ts,749,749,VariableDeclaration,amount,false,normalizeHistoryEntry
src/services/economy-service.ts,750,750,VariableDeclaration,walletDelta,false,normalizeHistoryEntry
src/services/economy-service.ts,751,751,VariableDeclaration,safeDelta,false,normalizeHistoryEntry
src/services/economy-service.ts,752,752,VariableDeclaration,reservedWalletDelta,false,normalizeHistoryEntry
src/services/economy-service.ts,753,753,VariableDeclaration,reason,false,normalizeHistoryEntry
src/services/economy-service.ts,754,754,VariableDeclaration,createdAt,false,normalizeHistoryEntry
src/services/economy-service.ts,759,766,FunctionDeclaration,integerField,false,
src/services/economy-service.ts,762,762,VariableDeclaration,parsed,false,integerField
src/services/economy-service.ts,768,775,FunctionDeclaration,signedIntegerField,false,
src/services/economy-service.ts,771,771,VariableDeclaration,parsed,false,signedIntegerField
src/services/economy-service.ts,777,779,FunctionDeclaration,isMembershipTier,false,
src/services/economy-service.ts,781,783,FunctionDeclaration,isSafeStatus,false,
src/services/economy-service.ts,785,787,FunctionDeclaration,isEconomyHash,true,
src/services/group-configuration-service.ts,6,6,VariableDeclaration,MAX_GROUP_RULES_LENGTH,false,
src/services/group-configuration-service.ts,7,7,VariableDeclaration,MAX_GROUP_MESSAGE_LENGTH,false,
src/services/group-configuration-service.ts,8,8,VariableDeclaration,MAX_GROUP_PREFIX_LENGTH,false,
src/services/group-configuration-service.ts,9,9,VariableDeclaration,SUPPORTED_GROUP_LANGUAGES,false,
src/services/group-configuration-service.ts,10,10,TypeAliasDeclaration,GroupLanguage,true,
src/services/group-configuration-service.ts,11,11,VariableDeclaration,DEFAULT_GROUP_LANGUAGE,false,
src/services/group-configuration-service.ts,12,12,VariableDeclaration,DEFAULT_GROUP_TIMEZONE,false,
src/services/group-configuration-service.ts,13,13,VariableDeclaration,MAX_GROUP_TIMEZONE_LENGTH,false,
src/services/group-configuration-service.ts,15,24,FunctionDeclaration,isValidGroupTimezone,true,
src/services/group-configuration-service.ts,16,16,VariableDeclaration,normalized,false,isValidGroupTimezone
src/services/group-configuration-service.ts,26,31,InterfaceDeclaration,GroupRulesRecord,true,
src/services/group-configuration-service.ts,33,39,InterfaceDeclaration,GroupMessageRecord,true,
src/services/group-configuration-service.ts,41,46,InterfaceDeclaration,GroupPrefixRecord,true,
src/services/group-configuration-service.ts,48,53,InterfaceDeclaration,GroupLanguageRecord,true,
src/services/group-configuration-service.ts,55,60,InterfaceDeclaration,GroupTimezoneRecord,true,
src/services/group-configuration-service.ts,62,69,InterfaceDeclaration,GroupRulesHistoryRecord,true,
src/services/group-configuration-service.ts,71,78,InterfaceDeclaration,GroupConfigurationSnapshot,true,
src/services/group-configuration-service.ts,80,90,InterfaceDeclaration,GroupSetupPatch,true,
src/services/group-configuration-service.ts,92,97,TypeAliasDeclaration,GroupRulesRow,false,
src/services/group-configuration-service.ts,99,107,TypeAliasDeclaration,GroupMessagesRow,false,
src/services/group-configuration-service.ts,109,120,TypeAliasDeclaration,GroupPreferencesRow,false,
src/services/group-configuration-service.ts,122,129,TypeAliasDeclaration,GroupRulesHistoryRow,false,
src/services/group-configuration-service.ts,131,138,FunctionDeclaration,mapGroupRules,false,
src/services/group-configuration-service.ts,140,149,FunctionDeclaration,mapGroupMessage,false,
src/services/group-configuration-service.ts,144,144,VariableDeclaration,text,false,mapGroupMessage
src/services/group-configuration-service.ts,145,145,VariableDeclaration,updatedBy,false,mapGroupMessage
src/services/group-configuration-service.ts,146,146,VariableDeclaration,updatedAt,false,mapGroupMessage
src/services/group-configuration-service.ts,151,159,FunctionDeclaration,mapGroupPrefix,false,
src/services/group-configuration-service.ts,161,169,FunctionDeclaration,mapGroupLanguage,false,
src/services/group-configuration-service.ts,171,179,FunctionDeclaration,mapGroupTimezone,false,
src/services/group-configuration-service.ts,181,190,FunctionDeclaration,mapGroupRulesHistory,false,
src/services/group-configuration-service.ts,192,649,ClassDeclaration,GroupConfigurationService,true,
src/services/group-configuration-service.ts,205,209,MethodDeclaration,initialize,false,GroupConfigurationService
src/services/group-configuration-service.ts,211,214,MethodDeclaration,shutdown,false,GroupConfigurationService
src/services/group-configuration-service.ts,216,225,MethodDeclaration,getRules,false,GroupConfigurationService
src/services/group-configuration-service.ts,217,223,VariableDeclaration,row,false,getRules
src/services/group-configuration-service.ts,227,252,MethodDeclaration,setRules,false,GroupConfigurationService
src/services/group-configuration-service.ts,228,228,VariableDeclaration,normalizedRules,false,setRules
src/services/group-configuration-service.ts,254,266,MethodDeclaration,getRulesHistory,false,GroupConfigurationService
src/services/group-configuration-service.ts,255,255,VariableDeclaration,safeLimit,false,getRulesHistory
src/services/group-configuration-service.ts,256,264,VariableDeclaration,rows,false,getRulesHistory
src/services/group-configuration-service.ts,268,278,MethodDeclaration,clearRules,false,GroupConfigurationService
src/services/group-configuration-service.ts,269,269,VariableDeclaration,existing,false,clearRules
src/services/group-configuration-service.ts,271,273,VariableDeclaration,result,false,clearRules
src/services/group-configuration-service.ts,280,282,MethodDeclaration,getWelcome,false,GroupConfigurationService
src/services/group-configuration-service.ts,284,286,MethodDeclaration,setWelcome,false,GroupConfigurationService
src/services/group-configuration-service.ts,288,290,MethodDeclaration,clearWelcome,false,GroupConfigurationService
src/services/group-configuration-service.ts,292,294,MethodDeclaration,getLeave,false,GroupConfigurationService
src/services/group-configuration-service.ts,296,298,MethodDeclaration,setLeave,false,GroupConfigurationService
src/services/group-configuration-service.ts,300,302,MethodDeclaration,clearLeave,false,GroupConfigurationService
src/services/group-configuration-service.ts,304,306,MethodDeclaration,getPrefix,false,GroupConfigurationService
src/services/group-configuration-service.ts,308,310,MethodDeclaration,resolvePrefix,false,GroupConfigurationService
src/services/group-configuration-service.ts,312,335,MethodDeclaration,setPrefix,false,GroupConfigurationService
src/services/group-configuration-service.ts,313,313,VariableDeclaration,normalizedPrefix,false,setPrefix
src/services/group-configuration-service.ts,337,346,MethodDeclaration,clearPrefix,false,GroupConfigurationService
src/services/group-configuration-service.ts,338,344,VariableDeclaration,result,false,clearPrefix
src/services/group-configuration-service.ts,348,350,MethodDeclaration,getLanguage,false,GroupConfigurationService
src/services/group-configuration-service.ts,352,381,MethodDeclaration,setLanguage,false,GroupConfigurationService
src/services/group-configuration-service.ts,358,358,VariableDeclaration,normalizedLanguage,false,setLanguage
src/services/group-configuration-service.ts,362,362,VariableDeclaration,selectedLanguage,false,setLanguage
src/services/group-configuration-service.ts,383,385,MethodDeclaration,resolveLanguage,false,GroupConfigurationService
src/services/group-configuration-service.ts,387,389,MethodDeclaration,getTimezone,false,GroupConfigurationService
src/services/group-configuration-service.ts,391,393,MethodDeclaration,resolveTimezone,false,GroupConfigurationService
src/services/group-configuration-service.ts,395,423,MethodDeclaration,setTimezone,false,GroupConfigurationService
src/services/group-configuration-service.ts,401,401,VariableDeclaration,normalizedTimezone,false,setTimezone
src/services/group-configuration-service.ts,425,434,MethodDeclaration,getSettings,false,GroupConfigurationService
src/services/group-configuration-service.ts,436,451,MethodDeclaration,applySetup,false,GroupConfigurationService
src/services/group-configuration-service.ts,437,437,VariableDeclaration,normalizedGroupJid,false,applySetup
src/services/group-configuration-service.ts,438,438,VariableDeclaration,normalizedUpdatedBy,false,applySetup
src/services/group-configuration-service.ts,440,440,VariableDeclaration,updatedAt,false,applySetup
src/services/group-configuration-service.ts,441,448,VariableDeclaration,apply,false,applySetup
src/services/group-configuration-service.ts,453,472,MethodDeclaration,recordRulesHistory,false,GroupConfigurationService
src/services/group-configuration-service.ts,474,496,MethodDeclaration,getPreferences,false,GroupConfigurationService
src/services/group-configuration-service.ts,475,483,VariableDeclaration,row,false,getPreferences
src/services/group-configuration-service.ts,498,508,MethodDeclaration,getMessage,false,GroupConfigurationService
src/services/group-configuration-service.ts,499,506,VariableDeclaration,row,false,getMessage
src/services/group-configuration-service.ts,510,542,MethodDeclaration,setMessage,false,GroupConfigurationService
src/services/group-configuration-service.ts,517,517,VariableDeclaration,normalizedText,false,setMessage
src/services/group-configuration-service.ts,523,523,VariableDeclaration,column,false,setMessage
src/services/group-configuration-service.ts,544,556,MethodDeclaration,clearMessage,false,GroupConfigurationService
src/services/group-configuration-service.ts,545,545,VariableDeclaration,column,false,clearMessage
src/services/group-configuration-service.ts,546,554,VariableDeclaration,result,false,clearMessage
src/services/group-configuration-service.ts,558,561,MethodDeclaration,database,false,GroupConfigurationService
src/services/group-configuration-service.ts,563,648,MethodDeclaration,migrate,false,GroupConfigurationService
src/services/group-configuration-service.ts,610,613,VariableDeclaration,preferenceColumns,false,migrate
src/services/group-configuration-service.ts,614,614,VariableDeclaration,"[name, type]",false,migrate
src/services/group-context-service.ts,6,6,VariableDeclaration,GROUP_MODES,false,
src/services/group-context-service.ts,7,7,TypeAliasDeclaration,GroupMode,true,
src/services/group-context-service.ts,9,19,VariableDeclaration,IC_SUBTYPES,false,
src/services/group-context-service.ts,20,20,TypeAliasDeclaration,IcSubtype,true,
src/services/group-context-service.ts,22,22,VariableDeclaration,OOC_POLICIES,false,
src/services/group-context-service.ts,23,23,TypeAliasDeclaration,OocPolicy,true,
src/services/group-context-service.ts,24,24,TypeAliasDeclaration,AllowlistRole,true,
src/services/group-context-service.ts,26,34,InterfaceDeclaration,GroupContextRecord,true,
src/services/group-context-service.ts,36,41,InterfaceDeclaration,GroupAllowlistEntry,true,
src/services/group-context-service.ts,43,48,InterfaceDeclaration,GroupContextRpcClient,true,
src/services/group-context-service.ts,50,54,InterfaceDeclaration,GroupContextServiceOptions,true,
src/services/group-context-service.ts,56,61,VariableDeclaration,DEFAULT_CONTEXT,false,
src/services/group-context-service.ts,63,65,FunctionDeclaration,canonicalJid,false,
src/services/group-context-service.ts,67,69,FunctionDeclaration,hashIdentity,false,
src/services/group-context-service.ts,71,73,FunctionDeclaration,operationKey,false,
src/services/group-context-service.ts,75,77,FunctionDeclaration,requestHash,false,
src/services/group-context-service.ts,79,81,FunctionDeclaration,asRecord,false,
src/services/group-context-service.ts,83,85,FunctionDeclaration,asMode,false,
src/services/group-context-service.ts,87,89,FunctionDeclaration,asSubtype,false,
src/services/group-context-service.ts,91,93,FunctionDeclaration,asPolicy,false,
src/services/group-context-service.ts,95,109,FunctionDeclaration,resultRecord,false,
src/services/group-context-service.ts,96,96,VariableDeclaration,raw,false,resultRecord
src/services/group-context-service.ts,97,97,VariableDeclaration,mode,false,resultRecord
src/services/group-context-service.ts,98,98,VariableDeclaration,subtype,false,resultRecord
src/services/group-context-service.ts,99,99,VariableDeclaration,revisionValue,false,resultRecord
src/services/group-context-service.ts,111,113,FunctionDeclaration,assertGroup,false,
src/services/group-context-service.ts,115,117,FunctionDeclaration,assertMember,false,
src/services/group-context-service.ts,119,313,ClassDeclaration,GroupContextService,true,
src/services/group-context-service.ts,144,149,MethodDeclaration,initialize,false,GroupContextService
src/services/group-context-service.ts,151,153,MethodDeclaration,shutdown,false,GroupContextService
src/services/group-context-service.ts,155,157,GetAccessor,isEnabled,false,GroupContextService
src/services/group-context-service.ts,159,161,GetAccessor,isReady,false,GroupContextService
src/services/group-context-service.ts,167,169,GetAccessor,hasBackend,false,GroupContextService
src/services/group-context-service.ts,171,177,MethodDeclaration,get,false,GroupContextService
src/services/group-context-service.ts,173,173,VariableDeclaration,groupKey,false,get
src/services/group-context-service.ts,175,175,VariableDeclaration,result,false,get
src/services/group-context-service.ts,179,205,MethodDeclaration,set,false,GroupContextService
src/services/group-context-service.ts,190,190,VariableDeclaration,groupKey,false,set
src/services/group-context-service.ts,191,191,VariableDeclaration,actorKey,false,set
src/services/group-context-service.ts,192,192,VariableDeclaration,normalizedPolicy,false,set
src/services/group-context-service.ts,193,201,VariableDeclaration,result,false,set
src/services/group-context-service.ts,202,202,VariableDeclaration,raw,false,set
src/services/group-context-service.ts,207,210,MethodDeclaration,memberKeyForJid,false,GroupContextService
src/services/group-context-service.ts,212,221,MethodDeclaration,isOocAllowed,false,GroupContextService
src/services/group-context-service.ts,216,219,VariableDeclaration,result,false,isOocAllowed
src/services/group-context-service.ts,223,244,MethodDeclaration,listAllowlist,false,GroupContextService
src/services/group-context-service.ts,226,226,VariableDeclaration,result,false,listAllowlist
src/services/group-context-service.ts,227,227,VariableDeclaration,raw,false,listAllowlist
src/services/group-context-service.ts,230,230,VariableDeclaration,entry,false,listAllowlist
src/services/group-context-service.ts,231,231,VariableDeclaration,memberKey,false,listAllowlist
src/services/group-context-service.ts,232,234,VariableDeclaration,role,false,listAllowlist
src/services/group-context-service.ts,235,235,VariableDeclaration,reasonCode,false,listAllowlist
src/services/group-context-service.ts,246,271,MethodDeclaration,addAllowlist,false,GroupContextService
src/services/group-context-service.ts,257,257,VariableDeclaration,groupKey,false,addAllowlist
src/services/group-context-service.ts,258,258,VariableDeclaration,memberKey,false,addAllowlist
src/services/group-context-service.ts,259,259,VariableDeclaration,actorKey,false,addAllowlist
src/services/group-context-service.ts,260,269,VariableDeclaration,result,false,addAllowlist
src/services/group-context-service.ts,273,285,MethodDeclaration,clearAllowlist,false,GroupContextService
src/services/group-context-service.ts,276,276,VariableDeclaration,groupKey,false,clearAllowlist
src/services/group-context-service.ts,277,277,VariableDeclaration,actorKey,false,clearAllowlist
src/services/group-context-service.ts,278,283,VariableDeclaration,result,false,clearAllowlist
src/services/group-context-service.ts,287,302,MethodDeclaration,removeAllowlist,false,GroupContextService
src/services/group-context-service.ts,291,291,VariableDeclaration,groupKey,false,removeAllowlist
src/services/group-context-service.ts,292,292,VariableDeclaration,memberKey,false,removeAllowlist
src/services/group-context-service.ts,293,293,VariableDeclaration,actorKey,false,removeAllowlist
src/services/group-context-service.ts,294,300,VariableDeclaration,result,false,removeAllowlist
src/services/group-context-service.ts,304,312,MethodDeclaration,call,false,GroupContextService
src/services/group-context-service.ts,306,306,VariableDeclaration,"{ data, error }",false,call
src/services/group-context-service.ts,315,323,FunctionDeclaration,renderContextError,false,
src/services/group-governance-service.ts,16,16,TypeAliasDeclaration,GovernanceRetconStatus,true,
src/services/group-governance-service.ts,17,17,TypeAliasDeclaration,GovernanceHandoffStatus,true,
src/services/group-governance-service.ts,18,18,TypeAliasDeclaration,GovernanceJoinRequestStatus,true,
src/services/group-governance-service.ts,19,19,TypeAliasDeclaration,GovernanceOperationType,true,
src/services/group-governance-service.ts,20,20,TypeAliasDeclaration,GovernanceOperationStatus,true,
src/services/group-governance-service.ts,21,37,TypeAliasDeclaration,GovernanceOutcomeCode,true,
src/services/group-governance-service.ts,39,44,InterfaceDeclaration,GovernanceSettingsRecord,true,
src/services/group-governance-service.ts,46,59,InterfaceDeclaration,RetconRecord,true,
src/services/group-governance-service.ts,61,71,InterfaceDeclaration,RetconHistoryRecord,true,
src/services/group-governance-service.ts,73,85,InterfaceDeclaration,HandoffRecord,true,
src/services/group-governance-service.ts,87,96,InterfaceDeclaration,JoinRequestRecord,true,
src/services/group-governance-service.ts,98,111,InterfaceDeclaration,GovernanceOperationRecord,true,
src/services/group-governance-service.ts,113,115,TypeAliasDeclaration,GovernanceMutationResult,true,
src/services/group-governance-service.ts,117,130,InterfaceDeclaration,RetconRow,false,
src/services/group-governance-service.ts,132,144,InterfaceDeclaration,HandoffRow,false,
src/services/group-governance-service.ts,146,155,InterfaceDeclaration,JoinRequestRow,false,
src/services/group-governance-service.ts,157,170,InterfaceDeclaration,OperationRow,false,
src/services/group-governance-service.ts,172,180,InterfaceDeclaration,ConfirmationRow,false,
src/services/group-governance-service.ts,182,189,InterfaceDeclaration,PendingOperation,false,
src/services/group-governance-service.ts,191,194,InterfaceDeclaration,AuthorizationResult,false,
src/services/group-governance-service.ts,196,202,InterfaceDeclaration,GroupGovernanceServiceOptions,true,
src/services/group-governance-service.ts,204,204,VariableDeclaration,FEATURE_ID,false,
src/services/group-governance-service.ts,205,205,VariableDeclaration,RETCON_POLICY_ID,false,
src/services/group-governance-service.ts,206,206,VariableDeclaration,HANDOFF_POLICY_ID,false,
src/services/group-governance-service.ts,207,207,VariableDeclaration,ACCESS_POLICY_ID,false,
src/services/group-governance-service.ts,208,208,VariableDeclaration,RETCON_ACTION_ID,false,
src/services/group-governance-service.ts,209,209,VariableDeclaration,HANDOFF_ACTION_ID,false,
src/services/group-governance-service.ts,210,210,VariableDeclaration,ACCESS_ACTION_ID,false,
src/services/group-governance-service.ts,211,211,VariableDeclaration,RATE_PROFILE_ID,false,
src/services/group-governance-service.ts,212,212,VariableDeclaration,DEFAULT_OPERATION_TTL_MS,false,
src/services/group-governance-service.ts,213,213,VariableDeclaration,DEFAULT_CONFIRMATION_TTL_MS,false,
src/services/group-governance-service.ts,214,214,VariableDeclaration,DEFAULT_MAX_LIST_LIMIT,false,
src/services/group-governance-service.ts,215,215,VariableDeclaration,DEFAULT_MAX_TEXT_LENGTH,false,
src/services/group-governance-service.ts,217,775,ClassDeclaration,GroupGovernanceService,true,
src/services/group-governance-service.ts,247,262,MethodDeclaration,initialize,false,GroupGovernanceService
src/services/group-governance-service.ts,264,270,MethodDeclaration,shutdown,false,GroupGovernanceService
src/services/group-governance-service.ts,265,265,VariableDeclaration,unregister,false,shutdown
src/services/group-governance-service.ts,272,276,MethodDeclaration,getSettings,false,GroupGovernanceService
src/services/group-governance-service.ts,274,274,VariableDeclaration,row,false,getSettings
src/services/group-governance-service.ts,278,281,MethodDeclaration,isFeatureEnabled,false,GroupGovernanceService
src/services/group-governance-service.ts,283,296,MethodDeclaration,setEnabled,false,GroupGovernanceService
src/services/group-governance-service.ts,298,314,MethodDeclaration,createRetcon,false,GroupGovernanceService
src/services/group-governance-service.ts,301,301,VariableDeclaration,target,false,createRetcon
src/services/group-governance-service.ts,302,302,VariableDeclaration,replacement,false,createRetcon
src/services/group-governance-service.ts,303,303,VariableDeclaration,rationale,false,createRetcon
src/services/group-governance-service.ts,304,304,VariableDeclaration,auth,false,createRetcon
src/services/group-governance-service.ts,306,306,VariableDeclaration,id,false,createRetcon
src/services/group-governance-service.ts,307,311,VariableDeclaration,record,false,createRetcon
src/services/group-governance-service.ts,316,335,MethodDeclaration,transitionRetcon,false,GroupGovernanceService
src/services/group-governance-service.ts,320,320,VariableDeclaration,auth,false,transitionRetcon
src/services/group-governance-service.ts,323,323,VariableDeclaration,current,false,transitionRetcon
src/services/group-governance-service.ts,325,325,VariableDeclaration,allowed,false,transitionRetcon
src/services/group-governance-service.ts,327,327,VariableDeclaration,result,false,transitionRetcon
src/services/group-governance-service.ts,329,329,VariableDeclaration,updated,false,transitionRetcon
src/services/group-governance-service.ts,337,342,MethodDeclaration,getRetcon,false,GroupGovernanceService
src/services/group-governance-service.ts,340,340,VariableDeclaration,row,false,getRetcon
src/services/group-governance-service.ts,344,350,MethodDeclaration,listRetcons,false,GroupGovernanceService
src/services/group-governance-service.ts,348,348,VariableDeclaration,rows,false,listRetcons
src/services/group-governance-service.ts,352,358,MethodDeclaration,listRetconHistory,false,GroupGovernanceService
src/services/group-governance-service.ts,356,356,VariableDeclaration,rows,false,listRetconHistory
src/services/group-governance-service.ts,360,377,MethodDeclaration,createHandoff,false,GroupGovernanceService
src/services/group-governance-service.ts,363,363,VariableDeclaration,scope,false,createHandoff
src/services/group-governance-service.ts,364,364,VariableDeclaration,evidenceCount,false,createHandoff
src/services/group-governance-service.ts,366,366,VariableDeclaration,expiresAt,false,createHandoff
src/services/group-governance-service.ts,368,368,VariableDeclaration,auth,false,createHandoff
src/services/group-governance-service.ts,370,370,VariableDeclaration,id,false,createHandoff
src/services/group-governance-service.ts,371,374,VariableDeclaration,record,false,createHandoff
src/services/group-governance-service.ts,379,394,MethodDeclaration,transitionHandoff,false,GroupGovernanceService
src/services/group-governance-service.ts,383,383,VariableDeclaration,auth,false,transitionHandoff
src/services/group-governance-service.ts,386,386,VariableDeclaration,current,false,transitionHandoff
src/services/group-governance-service.ts,388,388,VariableDeclaration,result,false,transitionHandoff
src/services/group-governance-service.ts,390,390,VariableDeclaration,updated,false,transitionHandoff
src/services/group-governance-service.ts,396,402,MethodDeclaration,getHandoff,false,GroupGovernanceService
src/services/group-governance-service.ts,400,400,VariableDeclaration,row,false,getHandoff
src/services/group-governance-service.ts,404,410,MethodDeclaration,listHandoffs,false,GroupGovernanceService
src/services/group-governance-service.ts,408,408,VariableDeclaration,rows,false,listHandoffs
src/services/group-governance-service.ts,412,423,MethodDeclaration,recordJoinRequest,false,GroupGovernanceService
src/services/group-governance-service.ts,415,415,VariableDeclaration,id,false,recordJoinRequest
src/services/group-governance-service.ts,417,417,VariableDeclaration,now,false,recordJoinRequest
src/services/group-governance-service.ts,420,420,VariableDeclaration,record,false,recordJoinRequest
src/services/group-governance-service.ts,425,430,MethodDeclaration,getJoinRequest,false,GroupGovernanceService
src/services/group-governance-service.ts,428,428,VariableDeclaration,row,false,getJoinRequest
src/services/group-governance-service.ts,432,438,MethodDeclaration,listJoinRequests,false,GroupGovernanceService
src/services/group-governance-service.ts,436,436,VariableDeclaration,rows,false,listJoinRequests
src/services/group-governance-service.ts,440,442,MethodDeclaration,approveJoinRequest,false,GroupGovernanceService
src/services/group-governance-service.ts,444,446,MethodDeclaration,rejectJoinRequest,false,GroupGovernanceService
src/services/group-governance-service.ts,448,459,MethodDeclaration,previewInviteRevoke,false,GroupGovernanceService
src/services/group-governance-service.ts,451,451,VariableDeclaration,auth,false,previewInviteRevoke
src/services/group-governance-service.ts,453,453,VariableDeclaration,token,false,previewInviteRevoke
src/services/group-governance-service.ts,454,454,VariableDeclaration,id,false,previewInviteRevoke
src/services/group-governance-service.ts,455,455,VariableDeclaration,expiresAt,false,previewInviteRevoke
src/services/group-governance-service.ts,461,470,MethodDeclaration,confirmInviteRevoke,false,GroupGovernanceService
src/services/group-governance-service.ts,466,466,VariableDeclaration,confirmation,false,confirmInviteRevoke
src/services/group-governance-service.ts,472,478,MethodDeclaration,getInviteLink,false,GroupGovernanceService
src/services/group-governance-service.ts,475,475,VariableDeclaration,auth,false,getInviteLink
src/services/group-governance-service.ts,480,491,MethodDeclaration,continuityCheck,false,GroupGovernanceService
src/services/group-governance-service.ts,483,483,VariableDeclaration,groupHash,false,continuityCheck
src/services/group-governance-service.ts,484,484,VariableDeclaration,count,false,continuityCheck
src/services/group-governance-service.ts,493,497,MethodDeclaration,getOperation,false,GroupGovernanceService
src/services/group-governance-service.ts,495,495,VariableDeclaration,row,false,getOperation
src/services/group-governance-service.ts,499,537,MethodDeclaration,planAndExecuteAccessOperation,false,GroupGovernanceService
src/services/group-governance-service.ts,505,505,VariableDeclaration,auth,false,planAndExecuteAccessOperation
src/services/group-governance-service.ts,508,508,VariableDeclaration,requesterJid,false,planAndExecuteAccessOperation
src/services/group-governance-service.ts,511,511,VariableDeclaration,request,false,planAndExecuteAccessOperation
src/services/group-governance-service.ts,516,516,VariableDeclaration,raw,false,planAndExecuteAccessOperation
src/services/group-governance-service.ts,521,521,VariableDeclaration,correlationHash,false,planAndExecuteAccessOperation
src/services/group-governance-service.ts,522,532,VariableDeclaration,planned,false,planAndExecuteAccessOperation
src/services/group-governance-service.ts,523,523,VariableDeclaration,existing,false,planAndExecuteAccessOperation
src/services/group-governance-service.ts,526,526,VariableDeclaration,updated,false,planAndExecuteAccessOperation
src/services/group-governance-service.ts,529,529,VariableDeclaration,operationId,false,planAndExecuteAccessOperation
src/services/group-governance-service.ts,539,589,MethodDeclaration,executeOperation,false,GroupGovernanceService
src/services/group-governance-service.ts,540,540,VariableDeclaration,current,false,executeOperation
src/services/group-governance-service.ts,546,546,VariableDeclaration,expired,false,executeOperation
src/services/group-governance-service.ts,549,549,VariableDeclaration,pending,false,executeOperation
src/services/group-governance-service.ts,551,551,VariableDeclaration,claimed,false,executeOperation
src/services/group-governance-service.ts,554,554,VariableDeclaration,auth,false,executeOperation
src/services/group-governance-service.ts,557,557,VariableDeclaration,failed,false,executeOperation
src/services/group-governance-service.ts,561,561,VariableDeclaration,participantResults,false,executeOperation
src/services/group-governance-service.ts,564,564,VariableDeclaration,result,false,executeOperation
src/services/group-governance-service.ts,569,569,VariableDeclaration,result,false,executeOperation
src/services/group-governance-service.ts,573,584,VariableDeclaration,completed,false,executeOperation
src/services/group-governance-service.ts,575,575,VariableDeclaration,status,false,executeOperation
src/services/group-governance-service.ts,576,576,VariableDeclaration,changed,false,executeOperation
src/services/group-governance-service.ts,580,580,VariableDeclaration,changed,false,executeOperation
src/services/group-governance-service.ts,591,594,MethodDeclaration,findRequestId,false,GroupGovernanceService
src/services/group-governance-service.ts,592,592,VariableDeclaration,row,false,findRequestId
src/services/group-governance-service.ts,596,629,MethodDeclaration,authorize,false,GroupGovernanceService
src/services/group-governance-service.ts,601,601,VariableDeclaration,policy,false,authorize
src/services/group-governance-service.ts,606,606,VariableDeclaration,rate,false,authorize
src/services/group-governance-service.ts,611,611,VariableDeclaration,metadata,false,authorize
src/services/group-governance-service.ts,614,614,VariableDeclaration,error,false,authorize
src/services/group-governance-service.ts,623,623,VariableDeclaration,botJid,false,authorize
src/services/group-governance-service.ts,631,636,MethodDeclaration,failOperation,false,GroupGovernanceService
src/services/group-governance-service.ts,633,633,VariableDeclaration,failed,false,failOperation
src/services/group-governance-service.ts,638,727,MethodDeclaration,migrate,false,GroupGovernanceService
src/services/group-governance-service.ts,729,733,MethodDeclaration,expireStaleState,false,GroupGovernanceService
src/services/group-governance-service.ts,735,738,MethodDeclaration,claimOperation,false,GroupGovernanceService
src/services/group-governance-service.ts,736,736,VariableDeclaration,result,false,claimOperation
src/services/group-governance-service.ts,740,743,MethodDeclaration,updateOperation,false,GroupGovernanceService
src/services/group-governance-service.ts,745,748,MethodDeclaration,expireOperation,false,GroupGovernanceService
src/services/group-governance-service.ts,750,752,MethodDeclaration,appendRetconHistory,false,GroupGovernanceService
src/services/group-governance-service.ts,754,760,MethodDeclaration,audit,false,GroupGovernanceService
src/services/group-governance-service.ts,757,757,VariableDeclaration,error,false,audit
src/services/group-governance-service.ts,762,764,MethodDeclaration,transaction,false,GroupGovernanceService
src/services/group-governance-service.ts,766,769,MethodDeclaration,database,false,GroupGovernanceService
src/services/group-governance-service.ts,771,774,MethodDeclaration,guardrailService,false,GroupGovernanceService
src/services/group-governance-service.ts,777,779,FunctionDeclaration,mapRetcon,false,
src/services/group-governance-service.ts,781,783,FunctionDeclaration,mapHandoff,false,
src/services/group-governance-service.ts,785,787,FunctionDeclaration,mapJoinRequest,false,
src/services/group-governance-service.ts,789,791,FunctionDeclaration,mapOperation,false,
src/services/group-governance-service.ts,793,795,FunctionDeclaration,isAdmin,false,
src/services/group-governance-service.ts,797,800,FunctionDeclaration,validateGroupJid,false,
src/services/group-governance-service.ts,802,804,FunctionDeclaration,validateIdentifier,false,
src/services/group-governance-service.ts,806,808,FunctionDeclaration,validateText,false,
src/services/group-governance-service.ts,810,813,FunctionDeclaration,normalizeText,false,
src/services/group-governance-service.ts,815,817,FunctionDeclaration,validateLimit,false,
src/services/group-governance-service.ts,822,824,FunctionDeclaration,hashText,false,
src/services/group-governance-service.ts,826,828,FunctionDeclaration,isTimeout,false,
src/services/group-moderation-service.ts,16,16,TypeAliasDeclaration,GroupModerationMode,true,
src/services/group-moderation-service.ts,17,17,TypeAliasDeclaration,GroupModerationConfiguredMode,true,
src/services/group-moderation-service.ts,18,18,TypeAliasDeclaration,GroupModerationOperationStatus,true,
src/services/group-moderation-service.ts,19,34,TypeAliasDeclaration,GroupModerationOperationOutcome,true,
src/services/group-moderation-service.ts,36,45,InterfaceDeclaration,GroupModerationActionRequest,true,
src/services/group-moderation-service.ts,47,62,InterfaceDeclaration,GroupModerationOperationRecord,true,
src/services/group-moderation-service.ts,64,69,InterfaceDeclaration,GroupModerationSettingsRecord,true,
src/services/group-moderation-service.ts,71,74,TypeAliasDeclaration,GroupModerationPlanResult,true,
src/services/group-moderation-service.ts,76,78,TypeAliasDeclaration,GroupModerationExecutionResult,true,
src/services/group-moderation-service.ts,80,95,InterfaceDeclaration,OperationRow,false,
src/services/group-moderation-service.ts,97,104,InterfaceDeclaration,PendingOperation,false,
src/services/group-moderation-service.ts,106,112,InterfaceDeclaration,GroupModerationServiceOptions,true,
src/services/group-moderation-service.ts,114,114,VariableDeclaration,FEATURE_ID,false,
src/services/group-moderation-service.ts,115,115,VariableDeclaration,PARTICIPANT_POLICY_ID,false,
src/services/group-moderation-service.ts,116,116,VariableDeclaration,SETTING_POLICY_ID,false,
src/services/group-moderation-service.ts,117,117,VariableDeclaration,PARTICIPANT_ACTION_ID,false,
src/services/group-moderation-service.ts,118,118,VariableDeclaration,SETTING_ACTION_ID,false,
src/services/group-moderation-service.ts,119,119,VariableDeclaration,RATE_PROFILE_ID,false,
src/services/group-moderation-service.ts,120,120,VariableDeclaration,DEFAULT_OPERATION_TTL_MS,false,
src/services/group-moderation-service.ts,121,121,VariableDeclaration,DEFAULT_MAX_TARGET_COUNT,false,
src/services/group-moderation-service.ts,122,122,VariableDeclaration,DEFAULT_MAX_LIST_LIMIT,false,
src/services/group-moderation-service.ts,124,536,ClassDeclaration,GroupModerationService,true,
src/services/group-moderation-service.ts,149,149,VariableDeclaration,payload,false,GroupModerationService
src/services/group-moderation-service.ts,165,210,MethodDeclaration,initialize,false,GroupModerationService
src/services/group-moderation-service.ts,212,218,MethodDeclaration,shutdown,false,GroupModerationService
src/services/group-moderation-service.ts,213,213,VariableDeclaration,unregister,false,shutdown
src/services/group-moderation-service.ts,220,226,MethodDeclaration,getMode,false,GroupModerationService
src/services/group-moderation-service.ts,222,222,VariableDeclaration,row,false,getMode
src/services/group-moderation-service.ts,228,231,MethodDeclaration,isFeatureEnabled,false,GroupModerationService
src/services/group-moderation-service.ts,233,246,MethodDeclaration,setMode,false,GroupModerationService
src/services/group-moderation-service.ts,248,340,MethodDeclaration,planAction,false,GroupModerationService
src/services/group-moderation-service.ts,250,250,VariableDeclaration,isParticipant,false,planAction
src/services/group-moderation-service.ts,251,251,VariableDeclaration,policyId,false,planAction
src/services/group-moderation-service.ts,252,252,VariableDeclaration,actionId,false,planAction
src/services/group-moderation-service.ts,253,253,VariableDeclaration,correlationHash,false,planAction
src/services/group-moderation-service.ts,255,255,VariableDeclaration,configuredMode,false,planAction
src/services/group-moderation-service.ts,265,268,VariableDeclaration,policy,false,planAction
src/services/group-moderation-service.ts,274,274,VariableDeclaration,rate,false,planAction
src/services/group-moderation-service.ts,280,280,VariableDeclaration,metadata,false,planAction
src/services/group-moderation-service.ts,283,283,VariableDeclaration,error,false,planAction
src/services/group-moderation-service.ts,297,297,VariableDeclaration,duplicate,false,planAction
src/services/group-moderation-service.ts,303,303,VariableDeclaration,operationId,false,planAction
src/services/group-moderation-service.ts,304,326,VariableDeclaration,record,false,planAction
src/services/group-moderation-service.ts,323,323,VariableDeclaration,inserted,false,planAction
src/services/group-moderation-service.ts,342,439,MethodDeclaration,executeAction,false,GroupModerationService
src/services/group-moderation-service.ts,344,344,VariableDeclaration,current,false,executeAction
src/services/group-moderation-service.ts,350,350,VariableDeclaration,expired,false,executeAction
src/services/group-moderation-service.ts,354,354,VariableDeclaration,pending,false,executeAction
src/services/group-moderation-service.ts,356,356,VariableDeclaration,recovered,false,executeAction
src/services/group-moderation-service.ts,360,360,VariableDeclaration,running,false,executeAction
src/services/group-moderation-service.ts,362,362,VariableDeclaration,latest,false,executeAction
src/services/group-moderation-service.ts,368,368,VariableDeclaration,dryRun,false,executeAction
src/services/group-moderation-service.ts,374,374,VariableDeclaration,metadata,false,executeAction
src/services/group-moderation-service.ts,377,377,VariableDeclaration,error,false,executeAction
src/services/group-moderation-service.ts,379,379,VariableDeclaration,failed,false,executeAction
src/services/group-moderation-service.ts,384,384,VariableDeclaration,failed,false,executeAction
src/services/group-moderation-service.ts,389,389,VariableDeclaration,failed,false,executeAction
src/services/group-moderation-service.ts,394,394,VariableDeclaration,capability,false,executeAction
src/services/group-moderation-service.ts,396,396,VariableDeclaration,failed,false,executeAction
src/services/group-moderation-service.ts,402,402,VariableDeclaration,result,false,executeAction
src/services/group-moderation-service.ts,423,423,VariableDeclaration,code,false,executeAction
src/services/group-moderation-service.ts,424,424,VariableDeclaration,failed,false,executeAction
src/services/group-moderation-service.ts,429,429,VariableDeclaration,participantResults,false,executeAction
src/services/group-moderation-service.ts,430,432,VariableDeclaration,outcomeCode,false,executeAction
src/services/group-moderation-service.ts,433,433,VariableDeclaration,status,false,executeAction
src/services/group-moderation-service.ts,434,434,VariableDeclaration,completed,false,executeAction
src/services/group-moderation-service.ts,441,445,MethodDeclaration,getOperation,false,GroupModerationService
src/services/group-moderation-service.ts,443,443,VariableDeclaration,row,false,getOperation
src/services/group-moderation-service.ts,447,457,MethodDeclaration,listOperations,false,GroupModerationService
src/services/group-moderation-service.ts,451,455,VariableDeclaration,rows,false,listOperations
src/services/group-moderation-service.ts,459,489,MethodDeclaration,migrate,false,GroupModerationService
src/services/group-moderation-service.ts,491,493,MethodDeclaration,expireStaleOperations,false,GroupModerationService
src/services/group-moderation-service.ts,495,498,MethodDeclaration,claimOperation,false,GroupModerationService
src/services/group-moderation-service.ts,496,496,VariableDeclaration,result,false,claimOperation
src/services/group-moderation-service.ts,500,503,MethodDeclaration,updateOperation,false,GroupModerationService
src/services/group-moderation-service.ts,505,508,MethodDeclaration,expireOperation,false,GroupModerationService
src/services/group-moderation-service.ts,510,513,MethodDeclaration,findByCorrelation,false,GroupModerationService
src/services/group-moderation-service.ts,511,511,VariableDeclaration,row,false,findByCorrelation
src/services/group-moderation-service.ts,515,521,MethodDeclaration,audit,false,GroupModerationService
src/services/group-moderation-service.ts,518,518,VariableDeclaration,error,false,audit
src/services/group-moderation-service.ts,523,525,MethodDeclaration,transaction,false,GroupModerationService
src/services/group-moderation-service.ts,527,530,MethodDeclaration,database,false,GroupModerationService
src/services/group-moderation-service.ts,532,535,MethodDeclaration,guardrailService,false,GroupModerationService
src/services/group-moderation-service.ts,538,555,FunctionDeclaration,mapOperation,false,
src/services/group-moderation-service.ts,557,576,FunctionDeclaration,validateRequest,false,
src/services/group-moderation-service.ts,563,563,VariableDeclaration,hasAction,false,validateRequest
src/services/group-moderation-service.ts,564,564,VariableDeclaration,hasSetting,false,validateRequest
src/services/group-moderation-service.ts,569,569,VariableDeclaration,unique,false,validateRequest
src/services/group-moderation-service.ts,571,571,VariableDeclaration,target,false,validateRequest
src/services/group-moderation-service.ts,578,584,FunctionDeclaration,validateGroupJid,false,
src/services/group-moderation-service.ts,586,588,FunctionDeclaration,validateCorrelationId,false,
src/services/group-moderation-service.ts,590,592,FunctionDeclaration,validateOperationId,false,
src/services/group-moderation-service.ts,594,596,FunctionDeclaration,isOperationStatus,false,
src/services/group-moderation-service.ts,603,603,VariableDeclaration,hashText,false,
src/services/group-moderation-service.ts,605,608,FunctionDeclaration,isAdmin,false,
src/services/group-moderation-service.ts,606,606,VariableDeclaration,bare,false,isAdmin
src/services/group-moderation-service.ts,610,612,FunctionDeclaration,isTimeout,false,
src/services/group-safety-service.ts,8,8,TypeAliasDeclaration,GroupSafetyMode,true,
src/services/group-safety-service.ts,9,9,TypeAliasDeclaration,WarningStatus,true,
src/services/group-safety-service.ts,10,10,TypeAliasDeclaration,ModerationCaseStatus,true,
src/services/group-safety-service.ts,12,17,InterfaceDeclaration,GroupSafetyOptions,true,
src/services/group-safety-service.ts,19,24,InterfaceDeclaration,SafetySettingsRecord,true,
src/services/group-safety-service.ts,26,38,InterfaceDeclaration,WarningRecord,true,
src/services/group-safety-service.ts,40,55,InterfaceDeclaration,ModerationCaseRecord,true,
src/services/group-safety-service.ts,57,63,InterfaceDeclaration,AppealRecord,true,
src/services/group-safety-service.ts,65,68,InterfaceDeclaration,CaseReportResult,true,
src/services/group-safety-service.ts,70,75,InterfaceDeclaration,SettingsRow,false,
src/services/group-safety-service.ts,77,89,InterfaceDeclaration,WarningRow,false,
src/services/group-safety-service.ts,91,106,InterfaceDeclaration,CaseRow,false,
src/services/group-safety-service.ts,108,114,InterfaceDeclaration,AppealRow,false,
src/services/group-safety-service.ts,116,116,VariableDeclaration,DEFAULT_WARNING_TTL_MS,false,
src/services/group-safety-service.ts,117,117,VariableDeclaration,DEFAULT_MAX_REASON_LENGTH,false,
src/services/group-safety-service.ts,118,118,VariableDeclaration,DEFAULT_MAX_LIST_LIMIT,false,
src/services/group-safety-service.ts,119,119,VariableDeclaration,MAX_ID_LENGTH,false,
src/services/group-safety-service.ts,120,120,VariableDeclaration,MAX_EVIDENCE_MESSAGE_ID_LENGTH,false,
src/services/group-safety-service.ts,121,121,VariableDeclaration,SECRET_LIKE_REASON,false,
src/services/group-safety-service.ts,122,122,VariableDeclaration,ANTI_SPAM_PROFILE_ID,false,
src/services/group-safety-service.ts,123,123,VariableDeclaration,FEATURE_ID,false,
src/services/group-safety-service.ts,125,516,ClassDeclaration,GroupSafetyService,true,
src/services/group-safety-service.ts,152,161,MethodDeclaration,initialize,false,GroupSafetyService
src/services/group-safety-service.ts,163,169,MethodDeclaration,shutdown,false,GroupSafetyService
src/services/group-safety-service.ts,171,175,MethodDeclaration,getMode,false,GroupSafetyService
src/services/group-safety-service.ts,173,173,VariableDeclaration,row,false,getMode
src/services/group-safety-service.ts,177,179,MethodDeclaration,isDryRun,false,GroupSafetyService
src/services/group-safety-service.ts,181,194,MethodDeclaration,setMode,false,GroupSafetyService
src/services/group-safety-service.ts,196,214,MethodDeclaration,issueWarning,false,GroupSafetyService
src/services/group-safety-service.ts,200,200,VariableDeclaration,normalizedReason,false,issueWarning
src/services/group-safety-service.ts,201,201,VariableDeclaration,id,false,issueWarning
src/services/group-safety-service.ts,202,202,VariableDeclaration,expiresAt,false,issueWarning
src/services/group-safety-service.ts,204,211,VariableDeclaration,record,false,issueWarning
src/services/group-safety-service.ts,216,220,MethodDeclaration,getWarning,false,GroupSafetyService
src/services/group-safety-service.ts,218,218,VariableDeclaration,row,false,getWarning
src/services/group-safety-service.ts,222,232,MethodDeclaration,listWarnings,false,GroupSafetyService
src/services/group-safety-service.ts,225,225,VariableDeclaration,safeLimit,false,listWarnings
src/services/group-safety-service.ts,226,230,VariableDeclaration,rows,false,listWarnings
src/services/group-safety-service.ts,234,252,MethodDeclaration,revokeWarning,false,GroupSafetyService
src/services/group-safety-service.ts,238,238,VariableDeclaration,current,false,revokeWarning
src/services/group-safety-service.ts,241,245,VariableDeclaration,result,false,revokeWarning
src/services/group-safety-service.ts,254,258,MethodDeclaration,countActiveWarnings,false,GroupSafetyService
src/services/group-safety-service.ts,260,289,MethodDeclaration,reportCase,false,GroupSafetyService
src/services/group-safety-service.ts,265,265,VariableDeclaration,normalizedReason,false,reportCase
src/services/group-safety-service.ts,266,266,VariableDeclaration,normalizedMessageId,false,reportCase
src/services/group-safety-service.ts,268,268,VariableDeclaration,existing,false,reportCase
src/services/group-safety-service.ts,271,271,VariableDeclaration,id,false,reportCase
src/services/group-safety-service.ts,273,286,VariableDeclaration,result,false,reportCase
src/services/group-safety-service.ts,274,278,VariableDeclaration,inserted,false,reportCase
src/services/group-safety-service.ts,280,280,VariableDeclaration,existing,false,reportCase
src/services/group-safety-service.ts,283,283,VariableDeclaration,record,false,reportCase
src/services/group-safety-service.ts,291,295,MethodDeclaration,getCase,false,GroupSafetyService
src/services/group-safety-service.ts,293,293,VariableDeclaration,row,false,getCase
src/services/group-safety-service.ts,297,307,MethodDeclaration,listCases,false,GroupSafetyService
src/services/group-safety-service.ts,299,299,VariableDeclaration,safeLimit,false,listCases
src/services/group-safety-service.ts,301,305,VariableDeclaration,rows,false,listCases
src/services/group-safety-service.ts,309,324,MethodDeclaration,claimCase,false,GroupSafetyService
src/services/group-safety-service.ts,314,314,VariableDeclaration,current,false,claimCase
src/services/group-safety-service.ts,317,317,VariableDeclaration,result,false,claimCase
src/services/group-safety-service.ts,326,328,MethodDeclaration,resolveCase,false,GroupSafetyService
src/services/group-safety-service.ts,330,332,MethodDeclaration,dismissCase,false,GroupSafetyService
src/services/group-safety-service.ts,334,354,MethodDeclaration,appealCase,false,GroupSafetyService
src/services/group-safety-service.ts,338,338,VariableDeclaration,current,false,appealCase
src/services/group-safety-service.ts,340,340,VariableDeclaration,existing,false,appealCase
src/services/group-safety-service.ts,343,343,VariableDeclaration,normalizedReason,false,appealCase
src/services/group-safety-service.ts,344,344,VariableDeclaration,appealId,false,appealCase
src/services/group-safety-service.ts,346,351,VariableDeclaration,result,false,appealCase
src/services/group-safety-service.ts,348,348,VariableDeclaration,updated,false,appealCase
src/services/group-safety-service.ts,356,361,MethodDeclaration,getAppeal,false,GroupSafetyService
src/services/group-safety-service.ts,359,359,VariableDeclaration,row,false,getAppeal
src/services/group-safety-service.ts,363,367,MethodDeclaration,consumeAntiSpam,false,GroupSafetyService
src/services/group-safety-service.ts,369,378,MethodDeclaration,shouldCreateDryRunCaseDistributed,false,GroupSafetyService
src/services/group-safety-service.ts,374,374,VariableDeclaration,remembered,false,shouldCreateDryRunCaseDistributed
src/services/group-safety-service.ts,380,388,MethodDeclaration,consumeAntiSpamDistributed,false,GroupSafetyService
src/services/group-safety-service.ts,384,384,VariableDeclaration,decision,false,consumeAntiSpamDistributed
src/services/group-safety-service.ts,390,403,MethodDeclaration,shouldCreateDryRunCase,false,GroupSafetyService
src/services/group-safety-service.ts,394,394,VariableDeclaration,key,false,shouldCreateDryRunCase
src/services/group-safety-service.ts,395,395,VariableDeclaration,last,false,shouldCreateDryRunCase
src/services/group-safety-service.ts,398,398,VariableDeclaration,oldest,false,shouldCreateDryRunCase
src/services/group-safety-service.ts,405,421,MethodDeclaration,transitionCase,false,GroupSafetyService
src/services/group-safety-service.ts,410,410,VariableDeclaration,normalizedNote,false,transitionCase
src/services/group-safety-service.ts,411,411,VariableDeclaration,current,false,transitionCase
src/services/group-safety-service.ts,414,414,VariableDeclaration,result,false,transitionCase
src/services/group-safety-service.ts,423,427,MethodDeclaration,requireCase,false,GroupSafetyService
src/services/group-safety-service.ts,424,424,VariableDeclaration,record,false,requireCase
src/services/group-safety-service.ts,429,432,MethodDeclaration,findCaseByMessage,false,GroupSafetyService
src/services/group-safety-service.ts,430,430,VariableDeclaration,row,false,findCaseByMessage
src/services/group-safety-service.ts,434,441,MethodDeclaration,audit,false,GroupSafetyService
src/services/group-safety-service.ts,438,438,VariableDeclaration,error,false,audit
src/services/group-safety-service.ts,443,449,MethodDeclaration,auditBestEffort,false,GroupSafetyService
src/services/group-safety-service.ts,446,446,VariableDeclaration,error,false,auditBestEffort
src/services/group-safety-service.ts,451,501,MethodDeclaration,migrate,false,GroupSafetyService
src/services/group-safety-service.ts,503,505,MethodDeclaration,transaction,false,GroupSafetyService
src/services/group-safety-service.ts,507,510,MethodDeclaration,database,false,GroupSafetyService
src/services/group-safety-service.ts,512,515,MethodDeclaration,guardrailService,false,GroupSafetyService
src/services/group-safety-service.ts,518,520,FunctionDeclaration,mapSettings,false,
src/services/group-safety-service.ts,522,537,FunctionDeclaration,mapWarning,false,
src/services/group-safety-service.ts,523,523,VariableDeclaration,status,false,mapWarning
src/services/group-safety-service.ts,539,556,FunctionDeclaration,mapCase,false,
src/services/group-safety-service.ts,558,560,FunctionDeclaration,mapAppeal,false,
src/services/group-safety-service.ts,562,568,FunctionDeclaration,validateGroupJid,false,
src/services/group-safety-service.ts,570,572,FunctionDeclaration,validateId,false,
src/services/group-safety-service.ts,574,576,FunctionDeclaration,validateRevision,false,
src/services/group-safety-service.ts,578,581,FunctionDeclaration,validateLimit,false,
src/services/group-safety-service.ts,583,589,FunctionDeclaration,normalizeReason,false,
src/services/group-safety-service.ts,584,584,VariableDeclaration,normalized,false,normalizeReason
src/services/group-safety-service.ts,591,596,FunctionDeclaration,normalizeBounded,false,
src/services/group-safety-service.ts,592,592,VariableDeclaration,result,false,normalizeBounded
src/services/group-safety-service.ts,598,598,VariableDeclaration,hashText,false,
src/services/group-safety-service.ts,600,602,FunctionDeclaration,isCaseStatus,false,
src/services/knowledge-service.ts,7,7,VariableDeclaration,KNOWLEDGE_FEATURE_ID,false,
src/services/knowledge-service.ts,8,8,VariableDeclaration,DEFAULT_RETENTION_MS,false,
src/services/knowledge-service.ts,9,9,VariableDeclaration,MAX_EXCERPT_LENGTH,false,
src/services/knowledge-service.ts,10,10,VariableDeclaration,MAX_TITLE_LENGTH,false,
src/services/knowledge-service.ts,11,11,VariableDeclaration,MAX_LIST_LIMIT,false,
src/services/knowledge-service.ts,12,12,VariableDeclaration,MAX_EXPORT_RECORDS,false,
src/services/knowledge-service.ts,14,14,TypeAliasDeclaration,KnowledgeStatus,false,
src/services/knowledge-service.ts,15,15,TypeAliasDeclaration,KnowledgeVisibility,false,
src/services/knowledge-service.ts,17,33,InterfaceDeclaration,KnowledgeRow,false,
src/services/knowledge-service.ts,35,51,InterfaceDeclaration,KnowledgeRecord,true,
src/services/knowledge-service.ts,53,58,InterfaceDeclaration,KnowledgeOptions,true,
src/services/knowledge-service.ts,63,63,VariableDeclaration,hashIdentifier,false,
src/services/knowledge-service.ts,64,64,VariableDeclaration,hashReference,false,
src/services/knowledge-service.ts,66,68,FunctionDeclaration,validateJid,false,
src/services/knowledge-service.ts,70,76,FunctionDeclaration,validateGroupJid,false,
src/services/knowledge-service.ts,78,86,FunctionDeclaration,normalizeText,false,
src/services/knowledge-service.ts,79,79,VariableDeclaration,normalized,false,normalizeText
src/services/knowledge-service.ts,88,91,FunctionDeclaration,validateLimit,false,
src/services/knowledge-service.ts,93,111,FunctionDeclaration,mapRecord,false,
src/services/knowledge-service.ts,113,115,FunctionDeclaration,isVisible,false,
src/services/knowledge-service.ts,117,338,ClassDeclaration,KnowledgeService,true,
src/services/knowledge-service.ts,142,166,MethodDeclaration,initialize,false,KnowledgeService
src/services/knowledge-service.ts,168,171,MethodDeclaration,shutdown,false,KnowledgeService
src/services/knowledge-service.ts,173,176,MethodDeclaration,isEnabled,false,KnowledgeService
src/services/knowledge-service.ts,178,184,MethodDeclaration,setEnabled,false,KnowledgeService
src/services/knowledge-service.ts,186,231,MethodDeclaration,createBookmark,false,KnowledgeService
src/services/knowledge-service.ts,198,198,VariableDeclaration,now,false,createBookmark
src/services/knowledge-service.ts,202,202,VariableDeclaration,title,false,createBookmark
src/services/knowledge-service.ts,203,203,VariableDeclaration,excerpt,false,createBookmark
src/services/knowledge-service.ts,204,204,VariableDeclaration,visibility,false,createBookmark
src/services/knowledge-service.ts,208,208,VariableDeclaration,retentionMs,false,createBookmark
src/services/knowledge-service.ts,210,210,VariableDeclaration,id,false,createBookmark
src/services/knowledge-service.ts,211,227,VariableDeclaration,record,false,createBookmark
src/services/knowledge-service.ts,233,241,MethodDeclaration,getSource,false,KnowledgeService
src/services/knowledge-service.ts,234,234,VariableDeclaration,row,false,getSource
src/services/knowledge-service.ts,243,250,MethodDeclaration,findSource,false,KnowledgeService
src/services/knowledge-service.ts,247,247,VariableDeclaration,rows,false,findSource
src/services/knowledge-service.ts,248,248,VariableDeclaration,record,false,findSource
src/services/knowledge-service.ts,252,260,MethodDeclaration,listSources,false,KnowledgeService
src/services/knowledge-service.ts,257,257,VariableDeclaration,safeLimit,false,listSources
src/services/knowledge-service.ts,258,258,VariableDeclaration,rows,false,listSources
src/services/knowledge-service.ts,262,273,MethodDeclaration,deleteSource,false,KnowledgeService
src/services/knowledge-service.ts,266,266,VariableDeclaration,record,false,deleteSource
src/services/knowledge-service.ts,268,268,VariableDeclaration,result,false,deleteSource
src/services/knowledge-service.ts,270,270,VariableDeclaration,deleted,false,deleteSource
src/services/knowledge-service.ts,275,286,MethodDeclaration,retireSource,false,KnowledgeService
src/services/knowledge-service.ts,279,279,VariableDeclaration,record,false,retireSource
src/services/knowledge-service.ts,281,281,VariableDeclaration,result,false,retireSource
src/services/knowledge-service.ts,283,283,VariableDeclaration,retired,false,retireSource
src/services/knowledge-service.ts,288,301,MethodDeclaration,searchSources,false,KnowledgeService
src/services/knowledge-service.ts,293,293,VariableDeclaration,normalizedQuery,false,searchSources
src/services/knowledge-service.ts,295,295,VariableDeclaration,safeLimit,false,searchSources
src/services/knowledge-service.ts,296,296,VariableDeclaration,escaped,false,searchSources
src/services/knowledge-service.ts,297,297,VariableDeclaration,rows,false,searchSources
src/services/knowledge-service.ts,298,298,VariableDeclaration,records,false,searchSources
src/services/knowledge-service.ts,303,307,MethodDeclaration,exportSources,false,KnowledgeService
src/services/knowledge-service.ts,304,304,VariableDeclaration,records,false,exportSources
src/services/knowledge-service.ts,309,312,MethodDeclaration,findOwnedSource,false,KnowledgeService
src/services/knowledge-service.ts,310,310,VariableDeclaration,record,false,findOwnedSource
src/services/knowledge-service.ts,314,318,MethodDeclaration,retireExpired,false,KnowledgeService
src/services/knowledge-service.ts,315,315,VariableDeclaration,query,false,retireExpired
src/services/knowledge-service.ts,316,316,VariableDeclaration,result,false,retireExpired
src/services/knowledge-service.ts,320,322,MethodDeclaration,requireEnabled,false,KnowledgeService
src/services/knowledge-service.ts,324,327,MethodDeclaration,audit,false,KnowledgeService
src/services/knowledge-service.ts,325,325,VariableDeclaration,outcome,false,audit
src/services/knowledge-service.ts,329,332,MethodDeclaration,guardrailService,false,KnowledgeService
src/services/knowledge-service.ts,334,337,MethodDeclaration,database,false,KnowledgeService
src/services/platform-guardrail-service.ts,26,33,InterfaceDeclaration,FeatureFlagRecord,true,
src/services/platform-guardrail-service.ts,35,40,InterfaceDeclaration,PlatformGuardrailServiceOptions,true,
src/services/platform-guardrail-service.ts,42,45,InterfaceDeclaration,AuditListOptions,true,
src/services/platform-guardrail-service.ts,47,52,InterfaceDeclaration,GuardrailEvaluationAuditContext,true,
src/services/platform-guardrail-service.ts,54,61,InterfaceDeclaration,FeatureFlagRow,false,
src/services/platform-guardrail-service.ts,63,74,InterfaceDeclaration,AuditRow,false,
src/services/platform-guardrail-service.ts,76,76,VariableDeclaration,DEFAULT_MAX_HOT_AUDIT_RECORDS,false,
src/services/platform-guardrail-service.ts,77,77,VariableDeclaration,DEFAULT_NAMESPACE,false,
src/services/platform-guardrail-service.ts,78,78,VariableDeclaration,MAX_AUDIT_QUERY_LIMIT,false,
src/services/platform-guardrail-service.ts,80,402,ClassDeclaration,PlatformGuardrailService,true,
src/services/platform-guardrail-service.ts,105,109,MethodDeclaration,initialize,false,PlatformGuardrailService
src/services/platform-guardrail-service.ts,111,116,MethodDeclaration,shutdown,false,PlatformGuardrailService
src/services/platform-guardrail-service.ts,118,120,MethodDeclaration,registerPolicy,false,PlatformGuardrailService
src/services/platform-guardrail-service.ts,122,124,MethodDeclaration,listPolicies,false,PlatformGuardrailService
src/services/platform-guardrail-service.ts,126,144,MethodDeclaration,evaluatePolicy,false,PlatformGuardrailService
src/services/platform-guardrail-service.ts,127,127,VariableDeclaration,decision,false,evaluatePolicy
src/services/platform-guardrail-service.ts,140,140,VariableDeclaration,error,false,evaluatePolicy
src/services/platform-guardrail-service.ts,146,148,MethodDeclaration,registerAction,false,PlatformGuardrailService
src/services/platform-guardrail-service.ts,150,152,MethodDeclaration,getSafeAction,false,PlatformGuardrailService
src/services/platform-guardrail-service.ts,154,156,MethodDeclaration,listSafeActions,false,PlatformGuardrailService
src/services/platform-guardrail-service.ts,158,160,MethodDeclaration,registerRateProfile,false,PlatformGuardrailService
src/services/platform-guardrail-service.ts,162,181,MethodDeclaration,consumeRate,false,PlatformGuardrailService
src/services/platform-guardrail-service.ts,163,163,VariableDeclaration,decision,false,consumeRate
src/services/platform-guardrail-service.ts,176,176,VariableDeclaration,error,false,consumeRate
src/services/platform-guardrail-service.ts,183,188,MethodDeclaration,registerProviderCircuit,false,PlatformGuardrailService
src/services/platform-guardrail-service.ts,190,202,MethodDeclaration,checkProvider,false,PlatformGuardrailService
src/services/platform-guardrail-service.ts,191,191,VariableDeclaration,circuit,false,checkProvider
src/services/platform-guardrail-service.ts,193,193,VariableDeclaration,decision,false,checkProvider
src/services/platform-guardrail-service.ts,197,197,VariableDeclaration,error,false,checkProvider
src/services/platform-guardrail-service.ts,204,209,MethodDeclaration,recordProviderSuccess,false,PlatformGuardrailService
src/services/platform-guardrail-service.ts,205,205,VariableDeclaration,circuit,false,recordProviderSuccess
src/services/platform-guardrail-service.ts,206,206,VariableDeclaration,previous,false,recordProviderSuccess
src/services/platform-guardrail-service.ts,211,216,MethodDeclaration,recordProviderFailure,false,PlatformGuardrailService
src/services/platform-guardrail-service.ts,212,212,VariableDeclaration,circuit,false,recordProviderFailure
src/services/platform-guardrail-service.ts,213,213,VariableDeclaration,previous,false,recordProviderFailure
src/services/platform-guardrail-service.ts,218,226,MethodDeclaration,getFeatureFlag,false,PlatformGuardrailService
src/services/platform-guardrail-service.ts,220,224,VariableDeclaration,row,false,getFeatureFlag
src/services/platform-guardrail-service.ts,228,230,MethodDeclaration,isFeatureEnabled,false,PlatformGuardrailService
src/services/platform-guardrail-service.ts,232,262,MethodDeclaration,setFeatureFlag,false,PlatformGuardrailService
src/services/platform-guardrail-service.ts,236,245,VariableDeclaration,audit,false,setFeatureFlag
src/services/platform-guardrail-service.ts,247,247,VariableDeclaration,current,false,setFeatureFlag
src/services/platform-guardrail-service.ts,248,248,VariableDeclaration,version,false,setFeatureFlag
src/services/platform-guardrail-service.ts,264,273,MethodDeclaration,recordAudit,false,PlatformGuardrailService
src/services/platform-guardrail-service.ts,266,266,VariableDeclaration,record,false,recordAudit
src/services/platform-guardrail-service.ts,268,268,VariableDeclaration,existing,false,recordAudit
src/services/platform-guardrail-service.ts,275,282,MethodDeclaration,listAudit,false,PlatformGuardrailService
src/services/platform-guardrail-service.ts,276,276,VariableDeclaration,limit,false,listAudit
src/services/platform-guardrail-service.ts,278,278,VariableDeclaration,hot,false,listAudit
src/services/platform-guardrail-service.ts,280,280,VariableDeclaration,archive,false,listAudit
src/services/platform-guardrail-service.ts,284,332,MethodDeclaration,migrate,false,PlatformGuardrailService
src/services/platform-guardrail-service.ts,334,352,MethodDeclaration,insertAuditInTransaction,false,PlatformGuardrailService
src/services/platform-guardrail-service.ts,354,369,MethodDeclaration,archiveOverflowInTransaction,false,PlatformGuardrailService
src/services/platform-guardrail-service.ts,355,355,VariableDeclaration,count,false,archiveOverflowInTransaction
src/services/platform-guardrail-service.ts,356,356,VariableDeclaration,overflow,false,archiveOverflowInTransaction
src/services/platform-guardrail-service.ts,358,358,VariableDeclaration,rows,false,archiveOverflowInTransaction
src/services/platform-guardrail-service.ts,359,363,VariableDeclaration,archive,false,archiveOverflowInTransaction
src/services/platform-guardrail-service.ts,364,364,VariableDeclaration,remove,false,archiveOverflowInTransaction
src/services/platform-guardrail-service.ts,365,365,VariableDeclaration,row,false,archiveOverflowInTransaction
src/services/platform-guardrail-service.ts,371,376,MethodDeclaration,findAuditInTransaction,false,PlatformGuardrailService
src/services/platform-guardrail-service.ts,372,372,VariableDeclaration,hot,false,findAuditInTransaction
src/services/platform-guardrail-service.ts,374,374,VariableDeclaration,archive,false,findAuditInTransaction
src/services/platform-guardrail-service.ts,378,380,MethodDeclaration,transaction,false,PlatformGuardrailService
src/services/platform-guardrail-service.ts,382,387,MethodDeclaration,requireCircuit,false,PlatformGuardrailService
src/services/platform-guardrail-service.ts,384,384,VariableDeclaration,circuit,false,requireCircuit
src/services/platform-guardrail-service.ts,389,392,MethodDeclaration,validateGroupAndFeature,false,PlatformGuardrailService
src/services/platform-guardrail-service.ts,394,397,MethodDeclaration,database,false,PlatformGuardrailService
src/services/platform-guardrail-service.ts,399,401,MethodDeclaration,logSafeError,false,PlatformGuardrailService
src/services/platform-guardrail-service.ts,404,413,FunctionDeclaration,mapFeatureFlag,false,
src/services/platform-guardrail-service.ts,415,436,FunctionDeclaration,mapAuditRow,false,
src/services/platform-guardrail-service.ts,416,416,VariableDeclaration,metadata,false,mapAuditRow
src/services/platform-guardrail-service.ts,418,418,VariableDeclaration,parsed,false,mapAuditRow
src/services/platform-guardrail-service.ts,438,440,FunctionDeclaration,validateIdentifier,false,
src/services/platform-guardrail-service.ts,442,444,FunctionDeclaration,validateFeatureIdentifier,false,
src/services/scene-service.ts,9,9,VariableDeclaration,SCENE_FEATURE_ID,false,
src/services/scene-service.ts,10,10,VariableDeclaration,SCENE_VISIBILITIES,false,
src/services/scene-service.ts,11,11,VariableDeclaration,SCENE_STATUSES,false,
src/services/scene-service.ts,12,12,VariableDeclaration,SCENE_MODES,false,
src/services/scene-service.ts,13,13,VariableDeclaration,SCENE_CONSENT_ACTIONS,false,
src/services/scene-service.ts,14,14,TypeAliasDeclaration,SceneVisibility,true,
src/services/scene-service.ts,15,15,TypeAliasDeclaration,SceneStatus,true,
src/services/scene-service.ts,16,16,TypeAliasDeclaration,SceneMode,true,
src/services/scene-service.ts,17,17,TypeAliasDeclaration,SceneConsentAction,true,
src/services/scene-service.ts,18,18,TypeAliasDeclaration,SceneParticipantStatus,true,
src/services/scene-service.ts,20,31,InterfaceDeclaration,SceneRecord,true,
src/services/scene-service.ts,33,42,InterfaceDeclaration,SceneParticipantRecord,true,
src/services/scene-service.ts,44,52,InterfaceDeclaration,SceneConsentRecord,true,
src/services/scene-service.ts,54,58,InterfaceDeclaration,SceneView,true,
src/services/scene-service.ts,60,63,InterfaceDeclaration,SceneServiceOptions,true,
src/services/scene-service.ts,65,76,InterfaceDeclaration,SceneRow,false,
src/services/scene-service.ts,78,87,InterfaceDeclaration,ParticipantRow,false,
src/services/scene-service.ts,89,97,InterfaceDeclaration,ConsentRow,false,
src/services/scene-service.ts,99,99,VariableDeclaration,MAX_TITLE_LENGTH,false,
src/services/scene-service.ts,100,100,VariableDeclaration,MAX_ACTION_LENGTH,false,
src/services/scene-service.ts,101,101,VariableDeclaration,MAX_TTL_MINUTES,false,
src/services/scene-service.ts,102,102,VariableDeclaration,DEFAULT_TTL_MINUTES,false,
src/services/scene-service.ts,104,106,FunctionDeclaration,validateJid,false,
src/services/scene-service.ts,108,111,FunctionDeclaration,validateGroupJid,false,
src/services/scene-service.ts,113,117,FunctionDeclaration,validateSceneReference,false,
src/services/scene-service.ts,114,114,VariableDeclaration,normalized,false,validateSceneReference
src/services/scene-service.ts,122,124,FunctionDeclaration,hashReference,false,
src/services/scene-service.ts,126,131,FunctionDeclaration,normalizeTitle,false,
src/services/scene-service.ts,127,127,VariableDeclaration,normalized,false,normalizeTitle
src/services/scene-service.ts,133,139,FunctionDeclaration,normalizeAction,false,
src/services/scene-service.ts,134,134,VariableDeclaration,normalized,false,normalizeAction
src/services/scene-service.ts,141,145,FunctionDeclaration,normalizeTtlMinutes,false,
src/services/scene-service.ts,142,142,VariableDeclaration,ttl,false,normalizeTtlMinutes
src/services/scene-service.ts,147,160,FunctionDeclaration,toScene,false,
src/services/scene-service.ts,162,173,FunctionDeclaration,toParticipant,false,
src/services/scene-service.ts,175,185,FunctionDeclaration,toConsent,false,
src/services/scene-service.ts,187,551,ClassDeclaration,SceneService,true,
src/services/scene-service.ts,206,211,MethodDeclaration,initialize,false,SceneService
src/services/scene-service.ts,213,217,MethodDeclaration,shutdown,false,SceneService
src/services/scene-service.ts,219,222,MethodDeclaration,isEnabled,false,SceneService
src/services/scene-service.ts,224,230,MethodDeclaration,setEnabled,false,SceneService
src/services/scene-service.ts,232,286,MethodDeclaration,openScene,false,SceneService
src/services/scene-service.ts,240,240,VariableDeclaration,groupJid,false,openScene
src/services/scene-service.ts,241,241,VariableDeclaration,creatorJid,false,openScene
src/services/scene-service.ts,242,242,VariableDeclaration,now,false,openScene
src/services/scene-service.ts,246,246,VariableDeclaration,title,false,openScene
src/services/scene-service.ts,247,247,VariableDeclaration,visibility,false,openScene
src/services/scene-service.ts,249,249,VariableDeclaration,ttlMinutes,false,openScene
src/services/scene-service.ts,250,261,VariableDeclaration,scene,false,openScene
src/services/scene-service.ts,262,282,VariableDeclaration,transaction,false,openScene
src/services/scene-service.ts,288,309,MethodDeclaration,listVisibleScenes,false,SceneService
src/services/scene-service.ts,293,303,VariableDeclaration,rows,false,listVisibleScenes
src/services/scene-service.ts,311,321,MethodDeclaration,getVisibleScene,false,SceneService
src/services/scene-service.ts,316,316,VariableDeclaration,scene,false,getVisibleScene
src/services/scene-service.ts,318,318,VariableDeclaration,participant,false,getVisibleScene
src/services/scene-service.ts,319,319,VariableDeclaration,participantCount,false,getVisibleScene
src/services/scene-service.ts,323,340,MethodDeclaration,joinScene,false,SceneService
src/services/scene-service.ts,327,327,VariableDeclaration,scene,false,joinScene
src/services/scene-service.ts,330,330,VariableDeclaration,existing,false,joinScene
src/services/scene-service.ts,337,337,VariableDeclaration,participant,false,joinScene
src/services/scene-service.ts,342,356,MethodDeclaration,leaveScene,false,SceneService
src/services/scene-service.ts,346,346,VariableDeclaration,scene,false,leaveScene
src/services/scene-service.ts,347,347,VariableDeclaration,participant,false,leaveScene
src/services/scene-service.ts,350,350,VariableDeclaration,result,false,leaveScene
src/services/scene-service.ts,358,370,MethodDeclaration,setMode,false,SceneService
src/services/scene-service.ts,363,363,VariableDeclaration,scene,false,setMode
src/services/scene-service.ts,365,365,VariableDeclaration,participant,false,setMode
src/services/scene-service.ts,372,374,MethodDeclaration,pauseScene,false,SceneService
src/services/scene-service.ts,376,378,MethodDeclaration,resumeScene,false,SceneService
src/services/scene-service.ts,380,382,MethodDeclaration,closeScene,false,SceneService
src/services/scene-service.ts,384,410,MethodDeclaration,setConsent,false,SceneService
src/services/scene-service.ts,393,393,VariableDeclaration,now,false,setConsent
src/services/scene-service.ts,397,397,VariableDeclaration,action,false,setConsent
src/services/scene-service.ts,398,398,VariableDeclaration,scene,false,setConsent
src/services/scene-service.ts,400,400,VariableDeclaration,participant,false,setConsent
src/services/scene-service.ts,402,402,VariableDeclaration,expiresAt,false,setConsent
src/services/scene-service.ts,412,423,MethodDeclaration,hasConsent,false,SceneService
src/services/scene-service.ts,416,416,VariableDeclaration,scene,false,hasConsent
src/services/scene-service.ts,418,418,VariableDeclaration,participant,false,hasConsent
src/services/scene-service.ts,420,420,VariableDeclaration,normalizedAction,false,hasConsent
src/services/scene-service.ts,421,421,VariableDeclaration,consent,false,hasConsent
src/services/scene-service.ts,425,429,MethodDeclaration,expireScenes,false,SceneService
src/services/scene-service.ts,426,426,VariableDeclaration,result,false,expireScenes
src/services/scene-service.ts,431,454,MethodDeclaration,transitionScene,false,SceneService
src/services/scene-service.ts,444,444,VariableDeclaration,scene,false,transitionScene
src/services/scene-service.ts,446,446,VariableDeclaration,allowed,false,transitionScene
src/services/scene-service.ts,449,449,VariableDeclaration,result,false,transitionScene
src/services/scene-service.ts,451,451,VariableDeclaration,updated,false,transitionScene
src/services/scene-service.ts,456,461,MethodDeclaration,canView,false,SceneService
src/services/scene-service.ts,463,470,MethodDeclaration,findScene,false,SceneService
src/services/scene-service.ts,464,464,VariableDeclaration,normalized,false,findScene
src/services/scene-service.ts,465,465,VariableDeclaration,exact,false,findScene
src/services/scene-service.ts,467,467,VariableDeclaration,rows,false,findScene
src/services/scene-service.ts,472,476,MethodDeclaration,requireScene,false,SceneService
src/services/scene-service.ts,473,473,VariableDeclaration,scene,false,requireScene
src/services/scene-service.ts,478,481,MethodDeclaration,getParticipant,false,SceneService
src/services/scene-service.ts,479,479,VariableDeclaration,row,false,getParticipant
src/services/scene-service.ts,483,486,MethodDeclaration,getConsent,false,SceneService
src/services/scene-service.ts,484,484,VariableDeclaration,row,false,getConsent
src/services/scene-service.ts,488,490,MethodDeclaration,requireEnabled,false,SceneService
src/services/scene-service.ts,492,499,MethodDeclaration,audit,false,SceneService
src/services/scene-service.ts,496,496,VariableDeclaration,error,false,audit
src/services/scene-service.ts,501,504,MethodDeclaration,database,false,SceneService
src/services/scene-service.ts,506,509,MethodDeclaration,guardrailService,false,SceneService
src/services/scene-service.ts,511,550,MethodDeclaration,migrate,false,SceneService
src/services/suggestion-relay-service.ts,12,12,VariableDeclaration,SUGGESTION_FEATURE_ID,false,
src/services/suggestion-relay-service.ts,13,13,VariableDeclaration,SUGGESTION_PROVIDER_ID,false,
src/services/suggestion-relay-service.ts,15,19,InterfaceDeclaration,SuggestionContextItem,true,
src/services/suggestion-relay-service.ts,21,24,InterfaceDeclaration,SuggestionProviderInput,true,
src/services/suggestion-relay-service.ts,26,26,TypeAliasDeclaration,SuggestionProvider,true,
src/services/suggestion-relay-service.ts,28,28,TypeAliasDeclaration,SuggestionStatus,true,
src/services/suggestion-relay-service.ts,29,45,TypeAliasDeclaration,SuggestionOutcomeCode,true,
src/services/suggestion-relay-service.ts,47,63,InterfaceDeclaration,SuggestionRecord,true,
src/services/suggestion-relay-service.ts,65,67,TypeAliasDeclaration,SuggestionResult,true,
src/services/suggestion-relay-service.ts,69,79,InterfaceDeclaration,SuggestionRelayServiceOptions,true,
src/services/suggestion-relay-service.ts,81,98,InterfaceDeclaration,SuggestionRow,false,
src/services/suggestion-relay-service.ts,100,103,InterfaceDeclaration,AuthorizationResult,false,
src/services/suggestion-relay-service.ts,105,105,VariableDeclaration,POLICY_ID,false,
src/services/suggestion-relay-service.ts,106,106,VariableDeclaration,ACTION_ID,false,
src/services/suggestion-relay-service.ts,107,107,VariableDeclaration,ADMIN_POLICY_ID,false,
src/services/suggestion-relay-service.ts,108,108,VariableDeclaration,ADMIN_ACTION_ID,false,
src/services/suggestion-relay-service.ts,109,109,VariableDeclaration,RATE_PROFILE_ID,false,
src/services/suggestion-relay-service.ts,110,110,VariableDeclaration,DEFAULT_REQUEST_TTL_MS,false,
src/services/suggestion-relay-service.ts,111,111,VariableDeclaration,DEFAULT_CONTENT_RETENTION_MS,false,
src/services/suggestion-relay-service.ts,112,112,VariableDeclaration,DEFAULT_MAX_REQUEST_LENGTH,false,
src/services/suggestion-relay-service.ts,113,113,VariableDeclaration,DEFAULT_MAX_CONTEXT_SOURCES,false,
src/services/suggestion-relay-service.ts,114,114,VariableDeclaration,DEFAULT_MAX_OUTPUT_LENGTH,false,
src/services/suggestion-relay-service.ts,115,115,VariableDeclaration,DEFAULT_OPERATION_TIMEOUT_MS,false,
src/services/suggestion-relay-service.ts,116,116,VariableDeclaration,MAX_SOURCE_EXCERPT_LENGTH,false,
src/services/suggestion-relay-service.ts,117,117,VariableDeclaration,MAX_SOURCE_TITLE_LENGTH,false,
src/services/suggestion-relay-service.ts,118,118,VariableDeclaration,MAX_EXPIRY_BATCH,false,
src/services/suggestion-relay-service.ts,120,385,ClassDeclaration,SuggestionRelayService,true,
src/services/suggestion-relay-service.ts,162,178,MethodDeclaration,initialize,false,SuggestionRelayService
src/services/suggestion-relay-service.ts,180,187,MethodDeclaration,shutdown,false,SuggestionRelayService
src/services/suggestion-relay-service.ts,181,181,VariableDeclaration,unregister,false,shutdown
src/services/suggestion-relay-service.ts,189,192,MethodDeclaration,isFeatureEnabled,false,SuggestionRelayService
src/services/suggestion-relay-service.ts,194,203,MethodDeclaration,setEnabled,false,SuggestionRelayService
src/services/suggestion-relay-service.ts,198,198,VariableDeclaration,auth,false,setEnabled
src/services/suggestion-relay-service.ts,205,285,MethodDeclaration,request,false,SuggestionRelayService
src/services/suggestion-relay-service.ts,210,210,VariableDeclaration,requestText,false,request
src/services/suggestion-relay-service.ts,211,211,VariableDeclaration,sourceReferences,false,request
src/services/suggestion-relay-service.ts,213,213,VariableDeclaration,auth,false,request
src/services/suggestion-relay-service.ts,215,215,VariableDeclaration,dependencies,false,request
src/services/suggestion-relay-service.ts,223,223,VariableDeclaration,error,false,request
src/services/suggestion-relay-service.ts,229,229,VariableDeclaration,context,false,request
src/services/suggestion-relay-service.ts,230,230,VariableDeclaration,reference,false,request
src/services/suggestion-relay-service.ts,231,231,VariableDeclaration,source,false,request
src/services/suggestion-relay-service.ts,238,238,VariableDeclaration,error,false,request
src/services/suggestion-relay-service.ts,244,244,VariableDeclaration,contextFingerprint,false,request
src/services/suggestion-relay-service.ts,245,245,VariableDeclaration,requestHash,false,request
src/services/suggestion-relay-service.ts,246,246,VariableDeclaration,correlationHash,false,request
src/services/suggestion-relay-service.ts,247,247,VariableDeclaration,existing,false,request
src/services/suggestion-relay-service.ts,249,249,VariableDeclaration,record,false,request
src/services/suggestion-relay-service.ts,255,255,VariableDeclaration,providerDecision,false,request
src/services/suggestion-relay-service.ts,261,261,VariableDeclaration,id,false,request
src/services/suggestion-relay-service.ts,263,263,VariableDeclaration,operation,false,request
src/services/suggestion-relay-service.ts,270,270,VariableDeclaration,suggestion,false,request
src/services/suggestion-relay-service.ts,278,278,VariableDeclaration,changed,false,request
src/services/suggestion-relay-service.ts,287,291,MethodDeclaration,getRequest,false,SuggestionRelayService
src/services/suggestion-relay-service.ts,289,289,VariableDeclaration,row,false,getRequest
src/services/suggestion-relay-service.ts,293,303,MethodDeclaration,authorizeRequest,false,SuggestionRelayService
src/services/suggestion-relay-service.ts,298,298,VariableDeclaration,policy,false,authorizeRequest
src/services/suggestion-relay-service.ts,300,300,VariableDeclaration,rate,false,authorizeRequest
src/services/suggestion-relay-service.ts,305,320,MethodDeclaration,authorizeAdmin,false,SuggestionRelayService
src/services/suggestion-relay-service.ts,307,307,VariableDeclaration,policy,false,authorizeAdmin
src/services/suggestion-relay-service.ts,309,309,VariableDeclaration,rate,false,authorizeAdmin
src/services/suggestion-relay-service.ts,312,312,VariableDeclaration,metadata,false,authorizeAdmin
src/services/suggestion-relay-service.ts,316,316,VariableDeclaration,error,false,authorizeAdmin
src/services/suggestion-relay-service.ts,322,325,MethodDeclaration,requireDependencies,false,SuggestionRelayService
src/services/suggestion-relay-service.ts,327,329,MethodDeclaration,failRequest,false,SuggestionRelayService
src/services/suggestion-relay-service.ts,331,340,MethodDeclaration,expireStaleState,false,SuggestionRelayService
src/services/suggestion-relay-service.ts,332,332,VariableDeclaration,rows,false,expireStaleState
src/services/suggestion-relay-service.ts,333,333,VariableDeclaration,row,false,expireStaleState
src/services/suggestion-relay-service.ts,334,334,VariableDeclaration,changed,false,expireStaleState
src/services/suggestion-relay-service.ts,337,337,VariableDeclaration,completed,false,expireStaleState
src/services/suggestion-relay-service.ts,338,338,VariableDeclaration,redact,false,expireStaleState
src/services/suggestion-relay-service.ts,339,339,VariableDeclaration,item,false,expireStaleState
src/services/suggestion-relay-service.ts,342,348,MethodDeclaration,audit,false,SuggestionRelayService
src/services/suggestion-relay-service.ts,345,345,VariableDeclaration,error,false,audit
src/services/suggestion-relay-service.ts,350,374,MethodDeclaration,migrate,false,SuggestionRelayService
src/services/suggestion-relay-service.ts,376,379,MethodDeclaration,database,false,SuggestionRelayService
src/services/suggestion-relay-service.ts,381,384,MethodDeclaration,guardrailService,false,SuggestionRelayService
src/services/suggestion-relay-service.ts,387,405,FunctionDeclaration,mapSuggestion,false,
src/services/suggestion-relay-service.ts,407,413,FunctionDeclaration,normalizeRequest,false,
src/services/suggestion-relay-service.ts,409,409,VariableDeclaration,normalized,false,normalizeRequest
src/services/suggestion-relay-service.ts,415,423,FunctionDeclaration,normalizeSourceReferences,false,
src/services/suggestion-relay-service.ts,417,417,VariableDeclaration,normalized,false,normalizeSourceReferences
src/services/suggestion-relay-service.ts,419,419,VariableDeclaration,value,false,normalizeSourceReferences
src/services/suggestion-relay-service.ts,425,431,FunctionDeclaration,normalizeSuggestion,false,
src/services/suggestion-relay-service.ts,427,427,VariableDeclaration,normalized,false,normalizeSuggestion
src/services/suggestion-relay-service.ts,433,435,FunctionDeclaration,fingerprintContext,false,
src/services/suggestion-relay-service.ts,437,440,FunctionDeclaration,validateGroupJid,false,
src/services/suggestion-relay-service.ts,442,444,FunctionDeclaration,validateJid,false,
src/services/suggestion-relay-service.ts,446,448,FunctionDeclaration,validateIdentifier,false,
src/services/suggestion-relay-service.ts,453,455,FunctionDeclaration,hashText,false,
src/services/suggestion-relay-service.ts,457,459,FunctionDeclaration,isAdmin,false,
src/services/suggestion-relay-service.ts,461,463,FunctionDeclaration,isTimeout,false,
src/shims.d.ts,2,4,VariableDeclaration,qrcode,false,
src/storage-helpers.ts,8,8,TypeAliasDeclaration,DatabaseInstance,true,
src/storage-helpers.ts,14,27,FunctionDeclaration,initSqliteDatabase,true,
src/storage-helpers.ts,21,21,VariableDeclaration,db,false,initSqliteDatabase
src/storage-helpers.ts,32,38,FunctionDeclaration,requireDatabase,true,
src/storage-helpers.ts,43,45,FunctionDeclaration,sha256,true,
src/storage-helpers.ts,50,52,FunctionDeclaration,validateJid,true,
src/storage-helpers.ts,57,61,FunctionDeclaration,validateGroupJid,true,
src/storage-helpers.ts,67,75,FunctionDeclaration,normalizeBoundedText,true,
src/storage-helpers.ts,72,72,VariableDeclaration,normalized,false,normalizeBoundedText
src/storage-helpers.ts,80,89,FunctionDeclaration,validateBoundedText,true,
src/storage-helpers.ts,85,85,VariableDeclaration,normalized,false,validateBoundedText
src/storage-helpers.ts,94,104,FunctionDeclaration,positiveIntegerOption,true,
src/storage-helpers.ts,99,99,VariableDeclaration,selected,false,positiveIntegerOption
src/storage-helpers.ts,109,121,FunctionDeclaration,boundedIntegerOption,true,
src/storage-helpers.ts,116,116,VariableDeclaration,selected,false,boundedIntegerOption
src/storage-helpers.ts,127,153,FunctionDeclaration,auditBestEffort,true,
src/storage-helpers.ts,147,147,VariableDeclaration,error,false,auditBestEffort
src/storage.ts,18,20,InterfaceDeclaration,SerializedValueRow,false,
src/storage.ts,22,25,InterfaceDeclaration,StoredMessageRow,false,
src/storage.ts,27,30,InterfaceDeclaration,MessageCacheStats,true,
src/storage.ts,32,36,InterfaceDeclaration,MessageCachePruneResult,true,
src/storage.ts,38,40,FunctionDeclaration,serializeValue,false,
src/storage.ts,42,44,FunctionDeclaration,parseValue,false,
src/storage.ts,46,49,FunctionDeclaration,getMessageKey,false,
src/storage.ts,51,361,ClassDeclaration,SqliteStorage,true,
src/storage.ts,69,69,VariableDeclaration,pruneIntervalMs,false,SqliteStorage
src/storage.ts,73,73,VariableDeclaration,error,false,SqliteStorage
src/storage.ts,80,122,MethodDeclaration,migrate,false,SqliteStorage
src/storage.ts,124,149,MethodDeclaration,loadCreds,false,SqliteStorage
src/storage.ts,125,127,VariableDeclaration,row,false,loadCreds
src/storage.ts,130,130,VariableDeclaration,creds,false,loadCreds
src/storage.ts,137,137,VariableDeclaration,creds,false,loadCreds
src/storage.ts,142,142,VariableDeclaration,error,false,loadCreds
src/storage.ts,151,162,MethodDeclaration,saveCreds,false,SqliteStorage
src/storage.ts,152,152,VariableDeclaration,now,false,saveCreds
src/storage.ts,164,183,MethodDeclaration,verifyIntegrity,false,SqliteStorage
src/storage.ts,165,167,VariableDeclaration,credsRow,false,verifyIntegrity
src/storage.ts,168,170,VariableDeclaration,keyRows,false,verifyIntegrity
src/storage.ts,173,173,VariableDeclaration,creds,false,verifyIntegrity
src/storage.ts,178,178,VariableDeclaration,row,false,verifyIntegrity
src/storage.ts,180,180,VariableDeclaration,error,false,verifyIntegrity
src/storage.ts,185,241,MethodDeclaration,createKeyStore,false,SqliteStorage
src/storage.ts,186,200,VariableDeclaration,get,false,createKeyStore
src/storage.ts,188,188,VariableDeclaration,placeholders,false,createKeyStore
src/storage.ts,189,194,VariableDeclaration,rows,false,createKeyStore
src/storage.ts,195,195,VariableDeclaration,keyValues,false,createKeyStore
src/storage.ts,196,196,VariableDeclaration,row,false,createKeyStore
src/storage.ts,202,234,VariableDeclaration,set,false,createKeyStore
src/storage.ts,203,203,VariableDeclaration,now,false,createKeyStore
src/storage.ts,204,232,VariableDeclaration,persistKeyUpdates,false,createKeyStore
src/storage.ts,205,205,VariableDeclaration,"[type, values]",false,createKeyStore
src/storage.ts,206,206,VariableDeclaration,"[id, value]",false,createKeyStore
src/storage.ts,236,238,VariableDeclaration,clear,false,createKeyStore
src/storage.ts,243,274,MethodDeclaration,saveMessages,false,SqliteStorage
src/storage.ts,244,244,VariableDeclaration,now,false,saveMessages
src/storage.ts,245,252,VariableDeclaration,upsertMessage,false,saveMessages
src/storage.ts,253,272,VariableDeclaration,persistMessages,false,saveMessages
src/storage.ts,254,254,VariableDeclaration,message,false,saveMessages
src/storage.ts,255,255,VariableDeclaration,key,false,saveMessages
src/storage.ts,257,257,VariableDeclaration,value,false,saveMessages
src/storage.ts,276,284,MethodDeclaration,getMessageCacheStats,false,SqliteStorage
src/storage.ts,277,282,VariableDeclaration,row,false,getMessageCacheStats
src/storage.ts,286,290,MethodDeclaration,pruneMessageCache,false,SqliteStorage
src/storage.ts,288,288,VariableDeclaration,prune,false,pruneMessageCache
src/storage.ts,292,326,MethodDeclaration,pruneMessageCacheWithinTransaction,false,SqliteStorage
src/storage.ts,293,293,VariableDeclaration,cutoff,false,pruneMessageCacheWithinTransaction
src/storage.ts,294,296,VariableDeclaration,expiredRows,false,pruneMessageCacheWithinTransaction
src/storage.ts,298,305,VariableDeclaration,excessRowIds,false,pruneMessageCacheWithinTransaction
src/storage.ts,306,306,VariableDeclaration,excessRows,false,pruneMessageCacheWithinTransaction
src/storage.ts,308,315,VariableDeclaration,retainedRows,false,pruneMessageCacheWithinTransaction
src/storage.ts,316,316,VariableDeclaration,retainedBytes,false,pruneMessageCacheWithinTransaction
src/storage.ts,317,317,VariableDeclaration,excessByteRowIds,false,pruneMessageCacheWithinTransaction
src/storage.ts,318,318,VariableDeclaration,row,false,pruneMessageCacheWithinTransaction
src/storage.ts,319,319,VariableDeclaration,rowBytes,false,pruneMessageCacheWithinTransaction
src/storage.ts,323,323,VariableDeclaration,excessBytesRows,false,pruneMessageCacheWithinTransaction
src/storage.ts,324,324,VariableDeclaration,stats,false,pruneMessageCacheWithinTransaction
src/storage.ts,328,334,MethodDeclaration,deleteMessageRows,false,SqliteStorage
src/storage.ts,330,330,VariableDeclaration,placeholders,false,deleteMessageRows
src/storage.ts,336,355,MethodDeclaration,getMessage,false,SqliteStorage
src/storage.ts,337,337,VariableDeclaration,normalized,false,getMessage
src/storage.ts,339,345,VariableDeclaration,row,false,getMessage
src/storage.ts,347,347,VariableDeclaration,updatedAt,false,getMessage
src/storage.ts,357,360,MethodDeclaration,close,false,SqliteStorage
src/whatsapp.ts,46,55,FunctionDeclaration,extractMessageText,false,
src/whatsapp.ts,47,53,VariableDeclaration,text,false,extractMessageText
src/whatsapp.ts,57,63,VariableDeclaration,MEDIA_DESCRIPTOR_KEYS,false,
src/whatsapp.ts,64,64,VariableDeclaration,MEDIA_DOWNLOAD_MAX_BYTES,false,
src/whatsapp.ts,65,65,VariableDeclaration,MEDIA_DOWNLOAD_TIMEOUT_MS,false,
src/whatsapp.ts,66,66,VariableDeclaration,MEDIA_SEND_MAX_BYTES,false,
src/whatsapp.ts,68,71,FunctionDeclaration,finiteMediaNumber,false,
src/whatsapp.ts,69,69,VariableDeclaration,number,false,finiteMediaNumber
src/whatsapp.ts,73,81,FunctionDeclaration,defaultMimeType,false,
src/whatsapp.ts,83,102,FunctionDeclaration,mediaDescriptorFromContent,false,
src/whatsapp.ts,84,84,VariableDeclaration,normalized,false,mediaDescriptorFromContent
src/whatsapp.ts,86,86,VariableDeclaration,"[kind, key]",false,mediaDescriptorFromContent
src/whatsapp.ts,87,87,VariableDeclaration,candidate,false,mediaDescriptorFromContent
src/whatsapp.ts,89,89,VariableDeclaration,value,false,mediaDescriptorFromContent
src/whatsapp.ts,90,98,VariableDeclaration,descriptor,false,mediaDescriptorFromContent
src/whatsapp.ts,104,104,VariableDeclaration,PROFILE_PICTURE_TIMEOUT_MS,false,
src/whatsapp.ts,105,105,VariableDeclaration,PROFILE_PICTURE_CACHE_TTL_MS,false,
src/whatsapp.ts,107,129,FunctionDeclaration,nativeFlowAdditionalNodes,false,
src/whatsapp.ts,108,122,VariableDeclaration,nodes,false,nativeFlowAdditionalNodes
src/whatsapp.ts,131,133,FunctionDeclaration,extractText,true,
src/whatsapp.ts,135,160,FunctionDeclaration,extractButtonId,true,
src/whatsapp.ts,136,136,VariableDeclaration,content,false,extractButtonId
src/whatsapp.ts,137,137,VariableDeclaration,buttonsResponse,false,extractButtonId
src/whatsapp.ts,138,138,VariableDeclaration,templateResponse,false,extractButtonId
src/whatsapp.ts,139,139,VariableDeclaration,listResponse,false,extractButtonId
src/whatsapp.ts,140,140,VariableDeclaration,singleSelectReply,false,extractButtonId
src/whatsapp.ts,141,141,VariableDeclaration,interactiveResponse,false,extractButtonId
src/whatsapp.ts,142,142,VariableDeclaration,nativeFlowResponse,false,extractButtonId
src/whatsapp.ts,143,143,VariableDeclaration,paramsJson,false,extractButtonId
src/whatsapp.ts,145,146,VariableDeclaration,direct,false,extractButtonId
src/whatsapp.ts,151,151,VariableDeclaration,parsed,false,extractButtonId
src/whatsapp.ts,153,155,VariableDeclaration,candidate,false,extractButtonId
src/whatsapp.ts,162,172,FunctionDeclaration,extractContextInfo,false,
src/whatsapp.ts,163,163,VariableDeclaration,normalized,false,extractContextInfo
src/whatsapp.ts,174,177,FunctionDeclaration,extractMentionedJids,false,
src/whatsapp.ts,175,175,VariableDeclaration,contextInfo,false,extractMentionedJids
src/whatsapp.ts,179,192,FunctionDeclaration,normalizeContactJid,true,
src/whatsapp.ts,183,183,VariableDeclaration,normalized,false,normalizeContactJid
src/whatsapp.ts,187,187,VariableDeclaration,phoneJid,false,normalizeContactJid
src/whatsapp.ts,194,196,FunctionDeclaration,extractQuotedText,false,
src/whatsapp.ts,198,201,FunctionDeclaration,extractQuotedSenderJid,false,
src/whatsapp.ts,199,199,VariableDeclaration,participant,false,extractQuotedSenderJid
src/whatsapp.ts,203,207,FunctionDeclaration,normalizeMessageTimestamp,true,
src/whatsapp.ts,204,204,VariableDeclaration,timestamp,false,normalizeMessageTimestamp
src/whatsapp.ts,209,211,FunctionDeclaration,formatQr,false,
src/whatsapp.ts,213,225,FunctionDeclaration,withTimeout,false,
src/whatsapp.ts,214,214,VariableDeclaration,timer,false,withTimeout
src/whatsapp.ts,227,1050,ClassDeclaration,WhatsAppConnection,true,
src/whatsapp.ts,256,260,MethodDeclaration,requireSocket,false,WhatsAppConnection
src/whatsapp.ts,257,257,VariableDeclaration,socket,false,requireSocket
src/whatsapp.ts,262,264,MethodDeclaration,resolvePnForLid,false,WhatsAppConnection
src/whatsapp.ts,266,268,GetAccessor,currentStatus,false,WhatsAppConnection
src/whatsapp.ts,270,272,GetAccessor,isConnected,false,WhatsAppConnection
src/whatsapp.ts,274,276,GetAccessor,userJid,false,WhatsAppConnection
src/whatsapp.ts,278,290,MethodDeclaration,clearRuntimeCaches,false,WhatsAppConnection
src/whatsapp.ts,279,279,VariableDeclaration,retryCache,false,clearRuntimeCaches
src/whatsapp.ts,280,284,VariableDeclaration,result,false,clearRuntimeCaches
src/whatsapp.ts,292,295,MethodDeclaration,onMessage,false,WhatsAppConnection
src/whatsapp.ts,297,300,MethodDeclaration,onGroupParticipantUpdate,false,WhatsAppConnection
src/whatsapp.ts,302,305,MethodDeclaration,onConnectionState,false,WhatsAppConnection
src/whatsapp.ts,307,313,MethodDeclaration,sendText,false,WhatsAppConnection
src/whatsapp.ts,308,308,VariableDeclaration,socket,false,sendText
src/whatsapp.ts,309,311,VariableDeclaration,content,false,sendText
src/whatsapp.ts,315,336,MethodDeclaration,sendNativePoll,false,WhatsAppConnection
src/whatsapp.ts,316,316,VariableDeclaration,socket,false,sendNativePoll
src/whatsapp.ts,317,317,VariableDeclaration,name,false,sendNativePoll
src/whatsapp.ts,318,318,VariableDeclaration,values,false,sendNativePoll
src/whatsapp.ts,338,382,MethodDeclaration,getProfilePictureUrl,false,WhatsAppConnection
src/whatsapp.ts,339,339,VariableDeclaration,socket,false,getProfilePictureUrl
src/whatsapp.ts,342,342,VariableDeclaration,normalizedJid,false,getProfilePictureUrl
src/whatsapp.ts,349,349,VariableDeclaration,cacheKey,false,getProfilePictureUrl
src/whatsapp.ts,350,350,VariableDeclaration,cached,false,getProfilePictureUrl
src/whatsapp.ts,354,356,VariableDeclaration,boundedTimeout,false,getProfilePictureUrl
src/whatsapp.ts,359,363,VariableDeclaration,url,false,getProfilePictureUrl
src/whatsapp.ts,364,364,VariableDeclaration,parsed,false,getProfilePictureUrl
src/whatsapp.ts,365,365,VariableDeclaration,safeUrl,false,getProfilePictureUrl
src/whatsapp.ts,371,371,VariableDeclaration,oldestKey,false,getProfilePictureUrl
src/whatsapp.ts,375,375,VariableDeclaration,error,false,getProfilePictureUrl
src/whatsapp.ts,384,390,MethodDeclaration,sendImage,false,WhatsAppConnection
src/whatsapp.ts,385,385,VariableDeclaration,socket,false,sendImage
src/whatsapp.ts,386,386,VariableDeclaration,parsed,false,sendImage
src/whatsapp.ts,388,388,VariableDeclaration,content,false,sendImage
src/whatsapp.ts,392,420,MethodDeclaration,sendLocation,false,WhatsAppConnection
src/whatsapp.ts,409,409,VariableDeclaration,socket,false,sendLocation
src/whatsapp.ts,410,418,VariableDeclaration,content,false,sendLocation
src/whatsapp.ts,422,482,MethodDeclaration,downloadMedia,false,WhatsAppConnection
src/whatsapp.ts,423,423,VariableDeclaration,socket,false,downloadMedia
src/whatsapp.ts,428,428,VariableDeclaration,content,false,downloadMedia
src/whatsapp.ts,430,433,VariableDeclaration,currentMessage,false,downloadMedia
src/whatsapp.ts,434,436,VariableDeclaration,mediaContent,false,downloadMedia
src/whatsapp.ts,438,438,VariableDeclaration,descriptor,false,downloadMedia
src/whatsapp.ts,442,442,VariableDeclaration,quotedContext,false,downloadMedia
src/whatsapp.ts,443,450,VariableDeclaration,rawMessage,false,downloadMedia
src/whatsapp.ts,451,453,VariableDeclaration,timeoutMs,false,downloadMedia
src/whatsapp.ts,454,454,VariableDeclaration,controller,false,downloadMedia
src/whatsapp.ts,455,476,VariableDeclaration,operation,false,downloadMedia
src/whatsapp.ts,456,461,VariableDeclaration,stream,false,downloadMedia
src/whatsapp.ts,462,462,VariableDeclaration,chunks,false,downloadMedia
src/whatsapp.ts,463,463,VariableDeclaration,total,false,downloadMedia
src/whatsapp.ts,464,464,VariableDeclaration,chunk,false,downloadMedia
src/whatsapp.ts,465,465,VariableDeclaration,buffer,false,downloadMedia
src/whatsapp.ts,484,522,MethodDeclaration,sendMedia,false,WhatsAppConnection
src/whatsapp.ts,485,485,VariableDeclaration,socket,false,sendMedia
src/whatsapp.ts,486,486,VariableDeclaration,data,false,sendMedia
src/whatsapp.ts,488,488,VariableDeclaration,mimeType,false,sendMedia
src/whatsapp.ts,491,496,VariableDeclaration,content,false,sendMedia
src/whatsapp.ts,524,550,MethodDeclaration,sendNativeQuickReplies,false,WhatsAppConnection
src/whatsapp.ts,525,525,VariableDeclaration,socket,false,sendNativeQuickReplies
src/whatsapp.ts,528,540,VariableDeclaration,message,false,sendNativeQuickReplies
src/whatsapp.ts,552,563,MethodDeclaration,listParticipatingGroups,false,WhatsAppConnection
src/whatsapp.ts,553,553,VariableDeclaration,socket,false,listParticipatingGroups
src/whatsapp.ts,555,555,VariableDeclaration,groups,false,listParticipatingGroups
src/whatsapp.ts,565,594,MethodDeclaration,getGroupMetadata,false,WhatsAppConnection
src/whatsapp.ts,567,567,VariableDeclaration,socket,false,getGroupMetadata
src/whatsapp.ts,569,569,VariableDeclaration,metadata,false,getGroupMetadata
src/whatsapp.ts,570,570,VariableDeclaration,resolvePnForLid,false,getGroupMetadata
src/whatsapp.ts,571,581,VariableDeclaration,participants,false,getGroupMetadata
src/whatsapp.ts,572,572,VariableDeclaration,jid,false,getGroupMetadata
src/whatsapp.ts,573,579,VariableDeclaration,role,false,getGroupMetadata
src/whatsapp.ts,582,584,VariableDeclaration,ownerJid,false,getGroupMetadata
src/whatsapp.ts,585,585,VariableDeclaration,subject,false,getGroupMetadata
src/whatsapp.ts,586,586,VariableDeclaration,description,false,getGroupMetadata
src/whatsapp.ts,596,620,MethodDeclaration,groupParticipantsUpdate,false,WhatsAppConnection
src/whatsapp.ts,603,603,VariableDeclaration,socket,false,groupParticipantsUpdate
src/whatsapp.ts,605,605,VariableDeclaration,normalizedJids,false,groupParticipantsUpdate
src/whatsapp.ts,609,609,VariableDeclaration,results,false,groupParticipantsUpdate
src/whatsapp.ts,616,616,VariableDeclaration,error,false,groupParticipantsUpdate
src/whatsapp.ts,620,630,MethodDeclaration,groupSettingUpdate,false,WhatsAppConnection
src/whatsapp.ts,622,622,VariableDeclaration,socket,false,groupSettingUpdate
src/whatsapp.ts,626,626,VariableDeclaration,error,false,groupSettingUpdate
src/whatsapp.ts,632,637,MethodDeclaration,getGroupInviteLink,false,WhatsAppConnection
src/whatsapp.ts,634,634,VariableDeclaration,socket,false,getGroupInviteLink
src/whatsapp.ts,635,635,VariableDeclaration,code,false,getGroupInviteLink
src/whatsapp.ts,639,648,MethodDeclaration,groupRevokeInvite,false,WhatsAppConnection
src/whatsapp.ts,641,641,VariableDeclaration,socket,false,groupRevokeInvite
src/whatsapp.ts,644,644,VariableDeclaration,error,false,groupRevokeInvite
src/whatsapp.ts,650,679,MethodDeclaration,resolveGroupName,false,WhatsAppConnection
src/whatsapp.ts,653,653,VariableDeclaration,cached,false,resolveGroupName
src/whatsapp.ts,657,657,VariableDeclaration,sharedName,false,resolveGroupName
src/whatsapp.ts,664,664,VariableDeclaration,socket,false,resolveGroupName
src/whatsapp.ts,668,668,VariableDeclaration,metadata,false,resolveGroupName
src/whatsapp.ts,669,669,VariableDeclaration,name,false,resolveGroupName
src/whatsapp.ts,675,675,VariableDeclaration,error,false,resolveGroupName
src/whatsapp.ts,681,692,MethodDeclaration,start,false,WhatsAppConnection
src/whatsapp.ts,694,714,MethodDeclaration,close,false,WhatsAppConnection
src/whatsapp.ts,703,703,VariableDeclaration,socket,false,close
src/whatsapp.ts,708,708,VariableDeclaration,error,false,close
src/whatsapp.ts,716,759,MethodDeclaration,startSocket,false,WhatsAppConnection
src/whatsapp.ts,721,721,VariableDeclaration,generation,false,startSocket
src/whatsapp.ts,722,722,VariableDeclaration,childLogger,false,startSocket
src/whatsapp.ts,725,725,VariableDeclaration,creds,false,startSocket
src/whatsapp.ts,726,726,VariableDeclaration,integrity,false,startSocket
src/whatsapp.ts,734,734,VariableDeclaration,keys,false,startSocket
src/whatsapp.ts,735,744,VariableDeclaration,socket,false,startSocket
src/whatsapp.ts,748,748,VariableDeclaration,error,false,startSocket
src/whatsapp.ts,761,794,MethodDeclaration,attachEventProcessor,false,WhatsAppConnection
src/whatsapp.ts,771,771,VariableDeclaration,connectionUpdate,false,attachEventProcessor
src/whatsapp.ts,779,779,VariableDeclaration,credsUpdate,false,attachEventProcessor
src/whatsapp.ts,785,785,VariableDeclaration,messageUpsert,false,attachEventProcessor
src/whatsapp.ts,791,791,VariableDeclaration,participantUpdate,false,attachEventProcessor
src/whatsapp.ts,796,864,MethodDeclaration,handleConnectionUpdate,false,WhatsAppConnection
src/whatsapp.ts,802,802,VariableDeclaration,"{ connection, lastDisconnect, qr }",false,handleConnectionUpdate
src/whatsapp.ts,812,816,VariableDeclaration,code,false,handleConnectionUpdate
src/whatsapp.ts,818,818,VariableDeclaration,error,false,handleConnectionUpdate
src/whatsapp.ts,840,840,VariableDeclaration,statusCode,false,handleConnectionUpdate
src/whatsapp.ts,866,878,MethodDeclaration,handleMessages,false,WhatsAppConnection
src/whatsapp.ts,880,938,MethodDeclaration,emitMessages,false,WhatsAppConnection
src/whatsapp.ts,881,928,VariableDeclaration,normalized,false,emitMessages
src/whatsapp.ts,882,882,VariableDeclaration,remoteJid,false,emitMessages
src/whatsapp.ts,883,883,VariableDeclaration,id,false,emitMessages
src/whatsapp.ts,885,885,VariableDeclaration,dedupKey,false,emitMessages
src/whatsapp.ts,890,890,VariableDeclaration,receivedAt,false,emitMessages
src/whatsapp.ts,891,891,VariableDeclaration,timestamp,false,emitMessages
src/whatsapp.ts,892,892,VariableDeclaration,contextInfo,false,emitMessages
src/whatsapp.ts,893,893,VariableDeclaration,rawSenderJid,false,emitMessages
src/whatsapp.ts,894,894,VariableDeclaration,senderJid,false,emitMessages
src/whatsapp.ts,895,897,VariableDeclaration,mentionedJids,false,emitMessages
src/whatsapp.ts,898,898,VariableDeclaration,text,false,emitMessages
src/whatsapp.ts,899,899,VariableDeclaration,buttonId,false,emitMessages
src/whatsapp.ts,900,900,VariableDeclaration,quotedText,false,emitMessages
src/whatsapp.ts,901,901,VariableDeclaration,quotedMessageId,false,emitMessages
src/whatsapp.ts,902,902,VariableDeclaration,media,false,emitMessages
src/whatsapp.ts,903,903,VariableDeclaration,quotedMedia,false,emitMessages
src/whatsapp.ts,904,904,VariableDeclaration,rawQuotedSenderJid,false,emitMessages
src/whatsapp.ts,905,907,VariableDeclaration,quotedSenderJid,false,emitMessages
src/whatsapp.ts,908,910,VariableDeclaration,groupName,false,emitMessages
src/whatsapp.ts,930,930,VariableDeclaration,message,false,emitMessages
src/whatsapp.ts,931,931,VariableDeclaration,results,false,emitMessages
src/whatsapp.ts,932,932,VariableDeclaration,result,false,emitMessages
src/whatsapp.ts,940,963,MethodDeclaration,emitGroupParticipantUpdate,false,WhatsAppConnection
src/whatsapp.ts,943,945,VariableDeclaration,participantJids,false,emitGroupParticipantUpdate
src/whatsapp.ts,948,948,VariableDeclaration,groupName,false,emitGroupParticipantUpdate
src/whatsapp.ts,949,955,VariableDeclaration,event,false,emitGroupParticipantUpdate
src/whatsapp.ts,957,957,VariableDeclaration,results,false,emitGroupParticipantUpdate
src/whatsapp.ts,958,958,VariableDeclaration,result,false,emitGroupParticipantUpdate
src/whatsapp.ts,965,970,MethodDeclaration,emitConnectionState,false,WhatsAppConnection
src/whatsapp.ts,966,966,VariableDeclaration,results,false,emitConnectionState
src/whatsapp.ts,967,967,VariableDeclaration,result,false,emitConnectionState
src/whatsapp.ts,972,989,MethodDeclaration,scheduleReconnect,false,WhatsAppConnection
src/whatsapp.ts,976,979,VariableDeclaration,exponential,false,scheduleReconnect
src/whatsapp.ts,980,980,VariableDeclaration,jitter,false,scheduleReconnect
src/whatsapp.ts,981,981,VariableDeclaration,delay,false,scheduleReconnect
src/whatsapp.ts,991,997,MethodDeclaration,startWatchdog,false,WhatsAppConnection
src/whatsapp.ts,999,1003,MethodDeclaration,stopWatchdog,false,WhatsAppConnection
src/whatsapp.ts,1005,1018,MethodDeclaration,watchdogTick,false,WhatsAppConnection
src/whatsapp.ts,1006,1006,VariableDeclaration,socket,false,watchdogTick
src/whatsapp.ts,1014,1014,VariableDeclaration,error,false,watchdogTick
src/whatsapp.ts,1020,1041,MethodDeclaration,isDuplicate,false,WhatsAppConnection
src/whatsapp.ts,1021,1021,VariableDeclaration,now,false,isDuplicate
src/whatsapp.ts,1024,1024,VariableDeclaration,"[oldKey, seenAt]",false,isDuplicate
src/whatsapp.ts,1031,1031,VariableDeclaration,remembered,false,isDuplicate
src/whatsapp.ts,1043,1049,MethodDeclaration,rememberLocally,false,WhatsAppConnection
src/whatsapp.ts,1046,1046,VariableDeclaration,oldest,false,rememberLocally
tests/active-command-surface.test.js,5,5,VariableDeclaration,entrypoint,false,
tests/afk.test.js,17,17,VariableDeclaration,logger,false,
tests/afk.test.js,18,18,VariableDeclaration,config,false,
tests/afk.test.js,20,43,ClassDeclaration,FakeCore,false,
tests/afk.test.js,28,28,MethodDeclaration,onMessage,false,FakeCore
tests/afk.test.js,29,29,MethodDeclaration,onGroupParticipantUpdate,false,FakeCore
tests/afk.test.js,30,30,MethodDeclaration,onConnectionState,false,FakeCore
tests/afk.test.js,31,31,MethodDeclaration,sendText,false,FakeCore
tests/afk.test.js,32,35,MethodDeclaration,start,false,FakeCore
tests/afk.test.js,36,39,MethodDeclaration,close,false,FakeCore
tests/afk.test.js,40,42,MethodDeclaration,emitMessage,false,FakeCore
tests/afk.test.js,45,56,FunctionDeclaration,message,false,
tests/afk.test.js,59,59,VariableDeclaration,directory,false,
tests/afk.test.js,62,62,VariableDeclaration,core,false,
tests/afk.test.js,63,67,VariableDeclaration,app,false,
tests/afk.test.js,68,68,VariableDeclaration,afk,false,
tests/afk.test.js,69,69,VariableDeclaration,groupConfiguration,false,
tests/afk.test.js,76,76,VariableDeclaration,groupJid,false,
tests/afk.test.js,77,77,VariableDeclaration,aliceJid,false,
tests/afk.test.js,78,78,VariableDeclaration,bobJid,false,
tests/afk.test.js,135,135,VariableDeclaration,directory,false,
tests/afk.test.js,138,138,VariableDeclaration,databasePath,false,
tests/afk.test.js,139,143,VariableDeclaration,afk,false,
tests/afk.test.js,145,145,VariableDeclaration,aliceJid,false,
tests/afk.test.js,146,146,VariableDeclaration,bobJid,false,
tests/afk.test.js,147,147,VariableDeclaration,groupJid,false,
tests/afk.test.js,148,148,VariableDeclaration,base,false,
tests/afk.test.js,150,150,VariableDeclaration,started,false,
tests/afk.test.js,155,155,VariableDeclaration,connection,false,
tests/afk.test.js,160,160,VariableDeclaration,first,false,
tests/afk.test.js,161,161,VariableDeclaration,second,false,
tests/afk.test.js,162,168,VariableDeclaration,third,false,
tests/afk.test.js,176,176,VariableDeclaration,connection2,false,
tests/afk.test.js,177,177,VariableDeclaration,stored,false,
tests/afk.test.js,186,186,VariableDeclaration,directory,false,
tests/afk.test.js,189,189,VariableDeclaration,databasePath,false,
tests/afk.test.js,190,190,VariableDeclaration,legacy,false,
tests/afk.test.js,205,207,VariableDeclaration,afk,false,
tests/afk.test.js,214,214,VariableDeclaration,directory,false,
tests/afk.test.js,217,217,VariableDeclaration,databasePath,false,
tests/afk.test.js,218,218,VariableDeclaration,legacy,false,
tests/afk.test.js,237,239,VariableDeclaration,afk,false,
tests/afk.test.js,242,242,VariableDeclaration,mentions,false,
tests/afk.test.js,244,244,VariableDeclaration,serialized,false,
tests/ai-tools.test.js,9,9,VariableDeclaration,logger,false,
tests/ai-tools.test.js,10,10,VariableDeclaration,config,false,
tests/ai-tools.test.js,12,24,FunctionDeclaration,createHarness,false,
tests/ai-tools.test.js,13,13,VariableDeclaration,whatsapp,false,createHarness
tests/ai-tools.test.js,14,14,VariableDeclaration,events,false,createHarness
tests/ai-tools.test.js,15,15,VariableDeclaration,commands,false,createHarness
tests/ai-tools.test.js,15,15,MethodDeclaration,get,false,createHarness
tests/ai-tools.test.js,16,16,VariableDeclaration,prompts,false,createHarness
tests/ai-tools.test.js,22,22,MethodDeclaration,get,false,createHarness
tests/ai-tools.test.js,26,28,FunctionDeclaration,message,false,
tests/ai-tools.test.js,31,31,VariableDeclaration,harness,false,
tests/ai-tools.test.js,45,45,VariableDeclaration,harness,false,
tests/ai-tools.test.js,54,54,VariableDeclaration,harness,false,
tests/architecture-fitness.test.js,7,7,VariableDeclaration,repository,false,
tests/architecture-fitness.test.js,8,8,VariableDeclaration,read,false,
tests/architecture-fitness.test.js,11,11,VariableDeclaration,pluginManager,false,
tests/architecture-fitness.test.js,12,12,VariableDeclaration,serviceRegistry,false,
tests/architecture-fitness.test.js,13,13,VariableDeclaration,application,false,
tests/architecture-fitness.test.js,25,25,VariableDeclaration,guardrails,false,
tests/architecture-fitness.test.js,26,26,VariableDeclaration,service,false,
tests/architecture-fitness.test.js,27,27,VariableDeclaration,suggestion,false,
tests/architecture-fitness.test.js,36,36,VariableDeclaration,workflow,false,
tests/architecture-fitness.test.js,49,49,VariableDeclaration,workflow,false,
tests/architecture-fitness.test.js,50,50,VariableDeclaration,packageJson,false,
tests/architecture-fitness.test.js,51,51,VariableDeclaration,releaseManifest,false,
tests/architecture-fitness.test.js,52,52,VariableDeclaration,generator,false,
tests/architecture-fitness.test.js,71,73,VariableDeclaration,tracked,false,
tests/architecture-fitness.test.js,74,74,VariableDeclaration,forbidden,false,
tests/character-guide-service.test.js,6,6,VariableDeclaration,logger,false,
tests/character-guide-service.test.js,7,11,VariableDeclaration,env,false,
tests/character-guide-service.test.js,12,12,VariableDeclaration,groupGuide,false,
tests/character-guide-service.test.js,13,13,VariableDeclaration,groupIc,false,
tests/character-guide-service.test.js,14,14,VariableDeclaration,owner,false,
tests/character-guide-service.test.js,15,15,VariableDeclaration,reference,false,
tests/character-guide-service.test.js,16,16,VariableDeclaration,sessionId,false,
tests/character-guide-service.test.js,17,17,VariableDeclaration,characterId,false,
tests/character-guide-service.test.js,18,18,VariableDeclaration,deliveryId,false,
tests/character-guide-service.test.js,20,31,VariableDeclaration,payload,false,
tests/character-guide-service.test.js,33,60,FunctionDeclaration,createService,false,
tests/character-guide-service.test.js,34,34,VariableDeclaration,calls,false,createService
tests/character-guide-service.test.js,35,56,VariableDeclaration,client,false,createService
tests/character-guide-service.test.js,36,55,MethodDeclaration,rpc,false,createService
tests/character-guide-service.test.js,57,57,VariableDeclaration,service,false,createService
tests/character-guide-service.test.js,63,63,VariableDeclaration,"{ service, calls }",false,
tests/character-guide-service.test.js,64,64,VariableDeclaration,started,false,
tests/character-guide-service.test.js,67,67,VariableDeclaration,active,false,
tests/character-guide-service.test.js,68,68,VariableDeclaration,pending,false,
tests/character-guide-service.test.js,73,73,VariableDeclaration,scopedCalls,false,
tests/character-guide-service.test.js,80,80,VariableDeclaration,constructed,false,
tests/character-guide-service.test.js,81,84,VariableDeclaration,service,false,
tests/character-guide.test.js,8,8,VariableDeclaration,logger,false,
tests/character-guide.test.js,9,9,VariableDeclaration,groupJid,false,
tests/character-guide.test.js,10,10,VariableDeclaration,ownerJid,false,
tests/character-guide.test.js,11,11,VariableDeclaration,botJid,false,
tests/character-guide.test.js,12,12,VariableDeclaration,sessionId,false,
tests/character-guide.test.js,13,13,VariableDeclaration,characterId,false,
tests/character-guide.test.js,14,14,VariableDeclaration,referenceKey,false,
tests/character-guide.test.js,16,23,VariableDeclaration,body,false,
tests/character-guide.test.js,25,83,FunctionDeclaration,createHarness,false,
tests/character-guide.test.js,26,26,VariableDeclaration,sent,false,createHarness
tests/character-guide.test.js,27,27,VariableDeclaration,quickReplies,false,createHarness
tests/character-guide.test.js,28,28,VariableDeclaration,commands,false,createHarness
tests/character-guide.test.js,29,29,VariableDeclaration,registrationExists,false,createHarness
tests/character-guide.test.js,30,49,VariableDeclaration,service,false,createHarness
tests/character-guide.test.js,35,35,MethodDeclaration,createCardReference,false,createHarness
tests/character-guide.test.js,36,36,MethodDeclaration,getActive,false,createHarness
tests/character-guide.test.js,37,37,MethodDeclaration,getActiveForOwner,false,createHarness
tests/character-guide.test.js,38,38,MethodDeclaration,getRegistration,false,createHarness
tests/character-guide.test.js,39,43,MethodDeclaration,startRegistration,false,createHarness
tests/character-guide.test.js,44,44,MethodDeclaration,save,false,createHarness
tests/character-guide.test.js,45,45,MethodDeclaration,cancelRegistration,false,createHarness
tests/character-guide.test.js,46,46,MethodDeclaration,pendingDeliveryForOwner,false,createHarness
tests/character-guide.test.js,47,47,MethodDeclaration,markDelivery,false,createHarness
tests/character-guide.test.js,48,48,MethodDeclaration,retire,false,createHarness
tests/character-guide.test.js,50,54,VariableDeclaration,groupContext,false,createHarness
tests/character-guide.test.js,53,53,MethodDeclaration,get,false,createHarness
tests/character-guide.test.js,55,55,VariableDeclaration,events,false,createHarness
tests/character-guide.test.js,56,75,VariableDeclaration,context,false,createHarness
tests/character-guide.test.js,60,64,MethodDeclaration,get,false,createHarness
tests/character-guide.test.js,65,65,MethodDeclaration,has,false,createHarness
tests/character-guide.test.js,68,71,MethodDeclaration,register,false,createHarness
tests/character-guide.test.js,76,81,VariableDeclaration,whatsapp,false,createHarness
tests/character-guide.test.js,78,78,MethodDeclaration,sendText,false,createHarness
tests/character-guide.test.js,79,79,MethodDeclaration,sendNativeQuickReplies,false,createHarness
tests/character-guide.test.js,80,80,MethodDeclaration,getGroupMetadata,false,createHarness
tests/character-guide.test.js,82,82,MethodDeclaration,setRegistration,false,createHarness
tests/character-guide.test.js,85,106,FunctionDeclaration,commandContext,false,
tests/character-guide.test.js,86,94,VariableDeclaration,message,false,commandContext
tests/character-guide.test.js,104,104,MethodDeclaration,reply,false,commandContext
tests/character-guide.test.js,109,109,VariableDeclaration,harness,false,
tests/character-guide.test.js,122,122,VariableDeclaration,harness,false,
tests/character-guide.test.js,133,133,VariableDeclaration,harness,false,
tests/character-guide.test.js,150,150,VariableDeclaration,harness,false,
tests/character-sheet-parser.test.js,8,24,VariableDeclaration,validSheet,false,
tests/character-sheet-parser.test.js,27,27,VariableDeclaration,result,false,
tests/character-sheet-parser.test.js,48,48,VariableDeclaration,result,false,
tests/character-sheet-parser.test.js,56,56,VariableDeclaration,result,false,
tests/ci-packaging-drift.test.js,16,16,VariableDeclaration,root,false,
tests/ci-packaging-drift.test.js,17,17,VariableDeclaration,ci,false,
tests/ci-packaging-drift.test.js,18,18,VariableDeclaration,lock,false,
tests/ci-packaging-drift.test.js,22,22,VariableDeclaration,referenced,false,
tests/ci-packaging-drift.test.js,23,23,VariableDeclaration,match,false,
tests/ci-packaging-drift.test.js,26,26,VariableDeclaration,match,false,
tests/ci-packaging-drift.test.js,32,32,VariableDeclaration,sentinel,false,
tests/ci-packaging-drift.test.js,39,39,VariableDeclaration,missing,false,
tests/ci-packaging-drift.test.js,40,40,VariableDeclaration,pkg,false,
tests/ci-packaging-drift.test.js,44,44,VariableDeclaration,prefix,false,
tests/ci-packaging-drift.test.js,45,45,VariableDeclaration,hasChild,false,
tests/ci-packaging-drift.test.js,47,47,VariableDeclaration,exact,false,
tests/ci-packaging-drift.test.js,57,57,VariableDeclaration,missing,false,
tests/ci-packaging-drift.test.js,58,58,VariableDeclaration,pkg,false,
tests/ci-packaging-drift.test.js,65,65,VariableDeclaration,manifestScript,false,
tests/ci-packaging-drift.test.js,68,68,VariableDeclaration,anchor,false,
tests/ci-packaging-drift.test.js,70,70,VariableDeclaration,open,false,
tests/ci-packaging-drift.test.js,71,71,VariableDeclaration,close,false,
tests/ci-packaging-drift.test.js,72,72,VariableDeclaration,zipList,false,
tests/ci-packaging-drift.test.js,73,73,VariableDeclaration,pkg,false,
tests/ci-packaging-drift.test.js,75,75,VariableDeclaration,manifestHasIt,false,
tests/codebase-config.test.js,6,6,VariableDeclaration,config,false,
tests/codebase-config.test.js,10,10,VariableDeclaration,exposed,false,
tests/codebase-config.test.js,25,25,VariableDeclaration,config,false,
tests/codebase-config.test.js,32,32,VariableDeclaration,exposed,false,
tests/codebase-config.test.js,39,42,VariableDeclaration,config,false,
tests/codebase-export.test.js,9,9,VariableDeclaration,logger,false,
tests/codebase-export.test.js,11,36,ClassDeclaration,FakeCore,false,
tests/codebase-export.test.js,20,20,MethodDeclaration,onMessage,false,FakeCore
tests/codebase-export.test.js,21,21,MethodDeclaration,onGroupParticipantUpdate,false,FakeCore
tests/codebase-export.test.js,22,22,MethodDeclaration,onConnectionState,false,FakeCore
tests/codebase-export.test.js,23,23,MethodDeclaration,sendText,false,FakeCore
tests/codebase-export.test.js,24,24,MethodDeclaration,sendMedia,false,FakeCore
tests/codebase-export.test.js,25,28,MethodDeclaration,start,false,FakeCore
tests/codebase-export.test.js,29,32,MethodDeclaration,close,false,FakeCore
tests/codebase-export.test.js,33,35,MethodDeclaration,emitMessage,false,FakeCore
tests/codebase-export.test.js,38,47,FunctionDeclaration,withArchive,false,
tests/codebase-export.test.js,39,39,VariableDeclaration,directory,false,withArchive
tests/codebase-export.test.js,40,40,VariableDeclaration,archivePath,false,withArchive
tests/codebase-export.test.js,49,51,FunctionDeclaration,message,false,
tests/codebase-export.test.js,55,55,VariableDeclaration,core,false,
tests/codebase-export.test.js,56,61,VariableDeclaration,app,false,
tests/codebase-export.test.js,79,79,VariableDeclaration,core,false,
tests/codebase-export.test.js,80,85,VariableDeclaration,app,false,
tests/codebase-export.test.js,98,98,VariableDeclaration,directory,false,
tests/codebase-export.test.js,99,99,VariableDeclaration,targetPath,false,
tests/codebase-export.test.js,100,100,VariableDeclaration,linkPath,false,
tests/codebase-export.test.js,104,104,VariableDeclaration,core,false,
tests/codebase-export.test.js,105,110,VariableDeclaration,app,false,
tests/codebase-export.test.js,125,125,VariableDeclaration,core,false,
tests/codebase-export.test.js,126,131,VariableDeclaration,app,false,
tests/codebase-generator.test.js,8,8,VariableDeclaration,repository,false,
tests/codebase-generator.test.js,9,9,VariableDeclaration,generator,false,
tests/codebase-generator.test.js,11,34,FunctionDeclaration,createFixture,false,
tests/codebase-generator.test.js,12,12,VariableDeclaration,root,false,createFixture
tests/codebase-generator.test.js,36,42,FunctionDeclaration,runGenerator,false,
tests/codebase-generator.test.js,45,45,VariableDeclaration,root,false,
tests/codebase-generator.test.js,48,48,VariableDeclaration,output,false,
tests/codebase-generator.test.js,49,49,VariableDeclaration,manifest,false,
tests/codebase-generator.test.js,50,50,VariableDeclaration,filesTable,false,
tests/codebase-generator.test.js,51,51,VariableDeclaration,commandsTable,false,
tests/codebase-generator.test.js,69,69,VariableDeclaration,root,false,
tests/codebase-generator.test.js,72,72,VariableDeclaration,first,false,
tests/codebase-generator.test.js,73,73,VariableDeclaration,firstManifest,false,
tests/codebase-generator.test.js,75,75,VariableDeclaration,second,false,
tests/codebase-generator.test.js,76,76,VariableDeclaration,secondManifest,false,
tests/codebase-generator.test.js,86,86,VariableDeclaration,root,false,
tests/codebase-generator.test.js,90,90,VariableDeclaration,snapshot,false,
tests/developer-mode.test.js,12,12,VariableDeclaration,logger,false,
tests/developer-mode.test.js,13,13,VariableDeclaration,ownerJid,false,
tests/developer-mode.test.js,14,14,VariableDeclaration,targetJid,false,
tests/developer-mode.test.js,16,34,ClassDeclaration,DeveloperCore,false,
tests/developer-mode.test.js,24,24,MethodDeclaration,onMessage,false,DeveloperCore
tests/developer-mode.test.js,25,25,MethodDeclaration,onGroupParticipantUpdate,false,DeveloperCore
tests/developer-mode.test.js,26,26,MethodDeclaration,onConnectionState,false,DeveloperCore
tests/developer-mode.test.js,27,27,MethodDeclaration,sendText,false,DeveloperCore
tests/developer-mode.test.js,28,28,MethodDeclaration,getGroupMetadata,false,DeveloperCore
tests/developer-mode.test.js,29,29,MethodDeclaration,getGroupInviteLink,false,DeveloperCore
tests/developer-mode.test.js,30,30,MethodDeclaration,clearRuntimeCaches,false,DeveloperCore
tests/developer-mode.test.js,31,31,MethodDeclaration,start,false,DeveloperCore
tests/developer-mode.test.js,32,32,MethodDeclaration,close,false,DeveloperCore
tests/developer-mode.test.js,33,33,MethodDeclaration,emitMessage,false,DeveloperCore
tests/developer-mode.test.js,36,38,FunctionDeclaration,privateMessage,false,
tests/developer-mode.test.js,40,42,FunctionDeclaration,groupMessage,false,
tests/developer-mode.test.js,44,46,FunctionDeclaration,tempDatabase,false,
tests/developer-mode.test.js,48,50,FunctionDeclaration,waitForCommandCooldown,false,
tests/developer-mode.test.js,53,53,VariableDeclaration,databasePath,false,
tests/developer-mode.test.js,54,54,VariableDeclaration,now,false,
tests/developer-mode.test.js,55,55,VariableDeclaration,service,false,
tests/developer-mode.test.js,58,58,VariableDeclaration,activation,false,
tests/developer-mode.test.js,68,68,VariableDeclaration,second,false,
tests/developer-mode.test.js,72,72,VariableDeclaration,third,false,
tests/developer-mode.test.js,88,88,VariableDeclaration,databasePath,false,
tests/developer-mode.test.js,89,89,VariableDeclaration,service,false,
tests/developer-mode.test.js,92,92,VariableDeclaration,activation,false,
tests/developer-mode.test.js,114,114,VariableDeclaration,databasePath,false,
tests/developer-mode.test.js,115,115,VariableDeclaration,core,false,
tests/developer-mode.test.js,116,116,VariableDeclaration,service,false,
tests/developer-mode.test.js,117,122,VariableDeclaration,app,false,
tests/developer-mode.test.js,130,130,VariableDeclaration,activationId,false,
tests/developer-mode.test.js,140,140,VariableDeclaration,boundaryAudit,false,
tests/economy-cache.test.js,11,23,FunctionDeclaration,loggerFor,false,
tests/economy-cache.test.js,13,15,MethodDeclaration,info,false,loggerFor
tests/economy-cache.test.js,16,18,MethodDeclaration,warn,false,loggerFor
tests/economy-cache.test.js,19,21,MethodDeclaration,debug,false,loggerFor
tests/economy-cache.test.js,25,35,FunctionDeclaration,servicesFor,false,
tests/economy-cache.test.js,27,29,MethodDeclaration,has,false,servicesFor
tests/economy-cache.test.js,30,33,MethodDeclaration,get,false,servicesFor
tests/economy-cache.test.js,37,52,FunctionDeclaration,contextFor,false,
tests/economy-cache.test.js,42,44,MethodDeclaration,has,false,contextFor
tests/economy-cache.test.js,45,49,MethodDeclaration,get,false,contextFor
tests/economy-cache.test.js,54,104,FunctionDeclaration,createFixture,false,
tests/economy-cache.test.js,55,55,VariableDeclaration,calls,false,createFixture
tests/economy-cache.test.js,56,56,VariableDeclaration,cache,false,createFixture
tests/economy-cache.test.js,57,73,VariableDeclaration,redis,false,createFixture
tests/economy-cache.test.js,59,62,MethodDeclaration,cacheGet,false,createFixture
tests/economy-cache.test.js,63,67,MethodDeclaration,cacheSet,false,createFixture
tests/economy-cache.test.js,68,72,MethodDeclaration,cacheDelete,false,createFixture
tests/economy-cache.test.js,74,91,VariableDeclaration,rpcClient,false,createFixture
tests/economy-cache.test.js,75,90,MethodDeclaration,rpc,false,createFixture
tests/economy-cache.test.js,92,101,VariableDeclaration,service,false,createFixture
tests/economy-cache.test.js,107,107,VariableDeclaration,GROUP_JID,false,
tests/economy-cache.test.js,108,108,VariableDeclaration,SUBJECT_JID,false,
tests/economy-cache.test.js,112,112,VariableDeclaration,fixture,false,
tests/economy-cache.test.js,114,114,VariableDeclaration,first,false,
tests/economy-cache.test.js,121,121,VariableDeclaration,second,false,
tests/economy-cache.test.js,128,128,VariableDeclaration,fixture,false,
tests/economy-cache.test.js,131,131,VariableDeclaration,rpcCall,false,
tests/economy-cache.test.js,141,141,VariableDeclaration,fixture,false,
tests/economy-cache.test.js,142,142,VariableDeclaration,result,false,
tests/economy-cache.test.js,151,160,VariableDeclaration,fixture,false,
tests/economy-cache.test.js,169,169,VariableDeclaration,fixture,false,
tests/economy-cache.test.js,178,178,VariableDeclaration,fixture,false,
tests/economy-cache.test.js,179,179,VariableDeclaration,commands,false,
tests/economy-cache.test.js,185,188,MethodDeclaration,register,false,
tests/economy-cache.test.js,193,193,VariableDeclaration,vela,false,
tests/economy-cache.test.js,195,195,VariableDeclaration,replies,false,
tests/economy-cache.test.js,226,237,VariableDeclaration,fixture,false,
tests/economy-cache.test.js,238,238,VariableDeclaration,commands,false,
tests/economy-cache.test.js,244,247,MethodDeclaration,register,false,
tests/economy-cache.test.js,252,252,VariableDeclaration,vela,false,
tests/economy-cache.test.js,253,253,VariableDeclaration,replies,false,
tests/economy-cache.test.js,275,275,VariableDeclaration,calls,false,
tests/economy-cache.test.js,276,290,VariableDeclaration,redis,false,
tests/economy-cache.test.js,278,281,MethodDeclaration,cacheGet,false,
tests/economy-cache.test.js,282,285,MethodDeclaration,cacheSet,false,
tests/economy-cache.test.js,286,289,MethodDeclaration,cacheDelete,false,
tests/economy-cache.test.js,291,311,VariableDeclaration,rpcClient,false,
tests/economy-cache.test.js,292,310,MethodDeclaration,rpc,false,
tests/economy-cache.test.js,312,320,VariableDeclaration,service,false,
tests/economy-cache.test.js,323,323,VariableDeclaration,result,false,
tests/economy-cache.test.js,329,329,VariableDeclaration,disabledService,false,
tests/economy-cache.test.js,331,331,VariableDeclaration,commands,false,
tests/economy-cache.test.js,337,340,MethodDeclaration,register,false,
tests/economy-cache.test.js,348,348,VariableDeclaration,fixture,false,
tests/economy-cache.test.js,349,355,VariableDeclaration,result,false,
tests/economy-cache.test.js,358,358,VariableDeclaration,rpcCall,false,
tests/economy-cache.test.js,367,367,VariableDeclaration,fixture,false,
tests/economy-cache.test.js,381,381,VariableDeclaration,key,false,
tests/economy-cache.test.js,387,387,VariableDeclaration,fixture,false,
tests/economy-cache.test.js,388,388,VariableDeclaration,commands,false,
tests/economy-cache.test.js,394,397,MethodDeclaration,register,false,
tests/economy-cache.test.js,405,405,VariableDeclaration,replies,false,
tests/economy-cache.test.js,424,424,VariableDeclaration,fixture,false,
tests/economy-cache.test.js,425,425,VariableDeclaration,commands,false,
tests/economy-cache.test.js,431,434,MethodDeclaration,register,false,
tests/economy-cache.test.js,439,439,VariableDeclaration,replies,false,
tests/economy-cache.test.js,457,457,VariableDeclaration,fixture,false,
tests/economy-cache.test.js,458,458,VariableDeclaration,commands,false,
tests/economy-cache.test.js,464,467,MethodDeclaration,register,false,
tests/economy-cache.test.js,472,472,VariableDeclaration,replies,false,
tests/economy-cache.test.js,492,492,VariableDeclaration,rpcCall,false,
tests/economy-cache.test.js,499,499,VariableDeclaration,fixture,false,
tests/economy-cache.test.js,500,500,VariableDeclaration,commands,false,
tests/economy-cache.test.js,506,509,MethodDeclaration,register,false,
tests/economy-cache.test.js,514,514,VariableDeclaration,replies,false,
tests/framework.test.js,12,12,VariableDeclaration,logger,false,
tests/framework.test.js,13,13,VariableDeclaration,config,false,
tests/framework.test.js,17,17,VariableDeclaration,bus,false,
tests/framework.test.js,18,18,VariableDeclaration,healthyListenerCalled,false,
tests/framework.test.js,19,19,VariableDeclaration,errorEventCalled,false,
tests/framework.test.js,35,35,VariableDeclaration,registry,false,
tests/framework.test.js,36,36,VariableDeclaration,events,false,
tests/framework.test.js,39,39,MethodDeclaration,initialize,false,
tests/framework.test.js,40,40,MethodDeclaration,shutdown,false,
tests/framework.test.js,45,45,MethodDeclaration,initialize,false,
tests/framework.test.js,46,46,MethodDeclaration,shutdown,false,
tests/framework.test.js,55,55,VariableDeclaration,whatsapp,false,
tests/framework.test.js,56,56,VariableDeclaration,events,false,
tests/framework.test.js,57,57,VariableDeclaration,services,false,
tests/framework.test.js,58,58,VariableDeclaration,registry,false,
tests/framework.test.js,71,71,VariableDeclaration,message,false,
tests/framework.test.js,82,82,VariableDeclaration,whatsapp,false,
tests/framework.test.js,83,83,VariableDeclaration,events,false,
tests/framework.test.js,84,84,VariableDeclaration,services,false,
tests/framework.test.js,85,85,VariableDeclaration,registry,false,
tests/framework.test.js,103,103,VariableDeclaration,whatsapp,false,
tests/framework.test.js,104,104,VariableDeclaration,events,false,
tests/framework.test.js,105,105,VariableDeclaration,services,false,
tests/framework.test.js,106,106,VariableDeclaration,registry,false,
tests/framework.test.js,120,120,VariableDeclaration,attempts,false,
tests/framework.test.js,121,127,VariableDeclaration,whatsapp,false,
tests/framework.test.js,122,126,MethodDeclaration,sendText,false,
tests/framework.test.js,128,128,VariableDeclaration,events,false,
tests/framework.test.js,129,129,VariableDeclaration,services,false,
tests/framework.test.js,130,130,VariableDeclaration,registry,false,
tests/framework.test.js,142,142,VariableDeclaration,whatsapp,false,
tests/framework.test.js,143,143,VariableDeclaration,events,false,
tests/framework.test.js,144,144,VariableDeclaration,services,false,
tests/framework.test.js,145,145,VariableDeclaration,registry,false,
tests/framework.test.js,152,152,VariableDeclaration,whatsapp,false,
tests/framework.test.js,153,153,VariableDeclaration,events,false,
tests/framework.test.js,154,154,VariableDeclaration,services,false,
tests/framework.test.js,155,155,VariableDeclaration,registry,false,
tests/framework.test.js,164,164,VariableDeclaration,whatsapp,false,
tests/framework.test.js,165,165,VariableDeclaration,events,false,
tests/framework.test.js,166,166,VariableDeclaration,services,false,
tests/framework.test.js,167,167,VariableDeclaration,registry,false,
tests/framework.test.js,168,168,VariableDeclaration,executions,false,
tests/framework.test.js,174,181,VariableDeclaration,dispatched,false,
tests/framework.test.js,189,189,VariableDeclaration,whatsapp,false,
tests/framework.test.js,190,190,VariableDeclaration,events,false,
tests/framework.test.js,191,191,VariableDeclaration,services,false,
tests/framework.test.js,192,192,VariableDeclaration,commands,false,
tests/framework.test.js,193,193,VariableDeclaration,manager,false,
tests/framework.test.js,194,194,VariableDeclaration,messageEvents,false,
tests/framework.test.js,198,201,MethodDeclaration,load,false,
tests/framework.test.js,228,228,VariableDeclaration,whatsapp,false,
tests/framework.test.js,229,229,VariableDeclaration,events,false,
tests/framework.test.js,230,230,VariableDeclaration,services,false,
tests/framework.test.js,231,231,VariableDeclaration,commands,false,
tests/framework.test.js,232,232,VariableDeclaration,manager,false,
tests/framework.test.js,233,233,VariableDeclaration,unloaded,false,
tests/framework.test.js,237,241,MethodDeclaration,load,false,
tests/framework.test.js,242,242,MethodDeclaration,unload,false,
tests/framework.test.js,254,254,VariableDeclaration,whatsapp,false,
tests/framework.test.js,255,255,VariableDeclaration,events,false,
tests/framework.test.js,256,256,VariableDeclaration,services,false,
tests/framework.test.js,257,257,VariableDeclaration,registry,false,
tests/framework.test.js,273,273,VariableDeclaration,missing,false,
tests/framework.test.js,274,274,MethodDeclaration,initialize,false,
tests/framework.test.js,277,277,VariableDeclaration,circular,false,
tests/framework.test.js,278,278,MethodDeclaration,initialize,false,
tests/framework.test.js,279,279,MethodDeclaration,initialize,false,
tests/framework.test.js,284,284,VariableDeclaration,whatsapp,false,
tests/framework.test.js,285,285,VariableDeclaration,events,false,
tests/framework.test.js,286,286,VariableDeclaration,services,false,
tests/framework.test.js,287,287,VariableDeclaration,commands,false,
tests/framework.test.js,288,288,VariableDeclaration,manager,false,
tests/framework.test.js,292,294,MethodDeclaration,load,false,
tests/framework.test.js,295,297,MethodDeclaration,ready,false,
tests/framework.test.js,309,318,VariableDeclaration,valid,false,
tests/framework.test.js,319,319,VariableDeclaration,jid,false,
tests/framework.test.js,323,348,VariableDeclaration,invalid,false,
tests/framework.test.js,349,349,VariableDeclaration,jid,false,
tests/group-configuration.test.js,12,12,VariableDeclaration,logger,false,
tests/group-configuration.test.js,13,13,VariableDeclaration,groupA,false,
tests/group-configuration.test.js,14,14,VariableDeclaration,groupB,false,
tests/group-configuration.test.js,15,15,VariableDeclaration,adminJid,false,
tests/group-configuration.test.js,16,16,VariableDeclaration,memberJid,false,
tests/group-configuration.test.js,18,45,ClassDeclaration,GroupConfigurationCore,false,
tests/group-configuration.test.js,36,36,MethodDeclaration,onMessage,false,GroupConfigurationCore
tests/group-configuration.test.js,37,37,MethodDeclaration,onGroupParticipantUpdate,false,GroupConfigurationCore
tests/group-configuration.test.js,38,38,MethodDeclaration,onConnectionState,false,GroupConfigurationCore
tests/group-configuration.test.js,39,39,MethodDeclaration,sendText,false,GroupConfigurationCore
tests/group-configuration.test.js,40,40,MethodDeclaration,getGroupMetadata,false,GroupConfigurationCore
tests/group-configuration.test.js,41,41,MethodDeclaration,getGroupInviteLink,false,GroupConfigurationCore
tests/group-configuration.test.js,42,42,MethodDeclaration,start,false,GroupConfigurationCore
tests/group-configuration.test.js,43,43,MethodDeclaration,close,false,GroupConfigurationCore
tests/group-configuration.test.js,44,44,MethodDeclaration,emitMessage,false,GroupConfigurationCore
tests/group-configuration.test.js,47,49,FunctionDeclaration,message,false,
tests/group-configuration.test.js,51,66,FunctionDeclaration,createApp,false,
tests/group-configuration.test.js,52,62,VariableDeclaration,app,false,createApp
tests/group-configuration.test.js,69,69,VariableDeclaration,directory,false,
tests/group-configuration.test.js,70,70,VariableDeclaration,databasePath,false,
tests/group-configuration.test.js,71,71,VariableDeclaration,core,false,
tests/group-configuration.test.js,74,74,VariableDeclaration,app,false,
tests/group-configuration.test.js,101,101,VariableDeclaration,restartedApp,false,
tests/group-configuration.test.js,118,118,VariableDeclaration,directory,false,
tests/group-configuration.test.js,119,119,VariableDeclaration,core,false,
tests/group-configuration.test.js,120,120,VariableDeclaration,app,false,
tests/group-configuration.test.js,133,133,VariableDeclaration,directory,false,
tests/group-configuration.test.js,134,134,VariableDeclaration,core,false,
tests/group-configuration.test.js,135,135,VariableDeclaration,app,false,
tests/group-configuration.test.js,160,160,VariableDeclaration,directory,false,
tests/group-configuration.test.js,161,161,VariableDeclaration,databasePath,false,
tests/group-configuration.test.js,162,162,VariableDeclaration,core,false,
tests/group-configuration.test.js,163,163,VariableDeclaration,app,false,
tests/group-configuration.test.js,204,204,VariableDeclaration,directory,false,
tests/group-configuration.test.js,205,205,VariableDeclaration,core,false,
tests/group-configuration.test.js,206,206,VariableDeclaration,app,false,
tests/group-configuration.test.js,209,209,VariableDeclaration,name,false,
tests/group-context-service.test.js,6,6,VariableDeclaration,logger,false,
tests/group-context-service.test.js,7,7,VariableDeclaration,groupJid,false,
tests/group-context-service.test.js,8,8,VariableDeclaration,actorJid,false,
tests/group-context-service.test.js,9,9,VariableDeclaration,targetJid,false,
tests/group-context-service.test.js,11,30,FunctionDeclaration,createService,false,
tests/group-context-service.test.js,12,12,VariableDeclaration,calls,false,createService
tests/group-context-service.test.js,13,22,VariableDeclaration,client,false,createService
tests/group-context-service.test.js,14,21,MethodDeclaration,rpc,false,createService
tests/group-context-service.test.js,23,27,VariableDeclaration,service,false,createService
tests/group-context-service.test.js,33,33,VariableDeclaration,"{ service, calls }",false,
tests/group-context-service.test.js,34,34,VariableDeclaration,result,false,
tests/group-context-service.test.js,35,35,VariableDeclaration,current,false,
tests/group-context-service.test.js,36,36,VariableDeclaration,allowed,false,
tests/group-context-service.test.js,37,37,VariableDeclaration,entries,false,
tests/group-context-service.test.js,54,54,VariableDeclaration,service,false,
tests/group-context-service.test.js,56,56,VariableDeclaration,current,false,
tests/group-context.test.js,7,7,VariableDeclaration,logger,false,
tests/group-context.test.js,8,8,VariableDeclaration,groupJid,false,
tests/group-context.test.js,9,9,VariableDeclaration,memberJid,false,
tests/group-context.test.js,11,75,FunctionDeclaration,createHarness,false,
tests/group-context.test.js,12,12,VariableDeclaration,sent,false,createHarness
tests/group-context.test.js,13,13,VariableDeclaration,contextReads,false,createHarness
tests/group-context.test.js,14,14,VariableDeclaration,commands,false,createHarness
tests/group-context.test.js,15,22,VariableDeclaration,contextRecord,false,createHarness
tests/group-context.test.js,23,39,VariableDeclaration,service,false,createHarness
tests/group-context.test.js,28,31,MethodDeclaration,get,false,createHarness
tests/group-context.test.js,32,32,MethodDeclaration,isOocAllowed,false,createHarness
tests/group-context.test.js,33,33,MethodDeclaration,memberKeyForJid,false,createHarness
tests/group-context.test.js,34,34,MethodDeclaration,listAllowlist,false,createHarness
tests/group-context.test.js,35,35,MethodDeclaration,set,false,createHarness
tests/group-context.test.js,36,36,MethodDeclaration,addAllowlist,false,createHarness
tests/group-context.test.js,37,37,MethodDeclaration,clearAllowlist,false,createHarness
tests/group-context.test.js,38,38,MethodDeclaration,removeAllowlist,false,createHarness
tests/group-context.test.js,40,66,VariableDeclaration,context,false,createHarness
tests/group-context.test.js,50,53,MethodDeclaration,get,false,createHarness
tests/group-context.test.js,54,54,MethodDeclaration,has,false,createHarness
tests/group-context.test.js,57,61,MethodDeclaration,register,false,createHarness
tests/group-context.test.js,59,59,VariableDeclaration,alias,false,register
tests/group-context.test.js,62,62,MethodDeclaration,get,false,createHarness
tests/group-context.test.js,64,64,MethodDeclaration,on,false,createHarness
tests/group-context.test.js,67,73,VariableDeclaration,whatsapp,false,createHarness
tests/group-context.test.js,69,69,MethodDeclaration,sendText,false,createHarness
tests/group-context.test.js,70,72,MethodDeclaration,getGroupMetadata,false,createHarness
tests/group-context.test.js,74,74,GetAccessor,contextReads,false,createHarness
tests/group-context.test.js,77,86,FunctionDeclaration,message,false,
tests/group-context.test.js,88,92,FunctionDeclaration,loadHarness,false,
tests/group-context.test.js,89,89,VariableDeclaration,harness,false,loadHarness
tests/group-context.test.js,95,95,VariableDeclaration,harness,false,
tests/group-context.test.js,96,96,VariableDeclaration,result,false,
tests/group-context.test.js,102,102,VariableDeclaration,harness,false,
tests/group-context.test.js,111,111,VariableDeclaration,denied,false,
tests/group-context.test.js,114,114,VariableDeclaration,allowed,false,
tests/group-context.test.js,120,120,VariableDeclaration,harness,false,
tests/group-context.test.js,126,126,VariableDeclaration,harness,false,
tests/group-context.test.js,127,127,VariableDeclaration,definition,false,
tests/group-context.test.js,128,138,VariableDeclaration,commandContext,false,
tests/group-context.test.js,137,137,MethodDeclaration,reply,false,
tests/group-safety-redis.test.js,10,10,VariableDeclaration,logger,false,
tests/group-safety-redis.test.js,11,11,VariableDeclaration,groupJid,false,
tests/group-safety-redis.test.js,12,12,VariableDeclaration,actorJid,false,
tests/group-safety-redis.test.js,14,45,FunctionDeclaration,createFixture,false,
tests/group-safety-redis.test.js,15,15,VariableDeclaration,root,false,createFixture
tests/group-safety-redis.test.js,16,16,VariableDeclaration,databasePath,false,createFixture
tests/group-safety-redis.test.js,17,17,VariableDeclaration,dedupeCalls,false,createFixture
tests/group-safety-redis.test.js,18,18,VariableDeclaration,rateCalls,false,createFixture
tests/group-safety-redis.test.js,19,30,VariableDeclaration,redis,false,createFixture
tests/group-safety-redis.test.js,22,25,MethodDeclaration,rememberOnce,false,createFixture
tests/group-safety-redis.test.js,26,29,MethodDeclaration,consumeFixedWindow,false,createFixture
tests/group-safety-redis.test.js,31,31,VariableDeclaration,guardrails,false,createFixture
tests/group-safety-redis.test.js,32,39,VariableDeclaration,services,false,createFixture
tests/group-safety-redis.test.js,33,37,MethodDeclaration,get,false,createFixture
tests/group-safety-redis.test.js,38,38,MethodDeclaration,has,false,createFixture
tests/group-safety-redis.test.js,40,40,VariableDeclaration,context,false,createFixture
tests/group-safety-redis.test.js,42,42,VariableDeclaration,safety,false,createFixture
tests/group-safety-redis.test.js,44,44,GetAccessor,dedupeCalls,false,createFixture
tests/group-safety-redis.test.js,44,44,GetAccessor,rateCalls,false,createFixture
tests/group-safety-redis.test.js,48,48,VariableDeclaration,fixture,false,
tests/group-setup-plugin.test.js,9,30,FunctionDeclaration,createHarness,false,
tests/group-setup-plugin.test.js,10,10,VariableDeclaration,sent,false,createHarness
tests/group-setup-plugin.test.js,11,11,VariableDeclaration,listeners,false,createHarness
tests/group-setup-plugin.test.js,12,12,VariableDeclaration,commands,false,createHarness
tests/group-setup-plugin.test.js,13,19,VariableDeclaration,whatsapp,false,createHarness
tests/group-setup-plugin.test.js,15,15,MethodDeclaration,sendText,false,createHarness
tests/group-setup-plugin.test.js,16,18,MethodDeclaration,getGroupMetadata,false,createHarness
tests/group-setup-plugin.test.js,20,20,VariableDeclaration,configuration,false,createHarness
tests/group-setup-plugin.test.js,20,20,MethodDeclaration,applySetup,false,createHarness
tests/group-setup-plugin.test.js,21,21,VariableDeclaration,plugin,false,createHarness
tests/group-setup-plugin.test.js,22,28,VariableDeclaration,context,false,createHarness
tests/group-setup-plugin.test.js,25,25,MethodDeclaration,on,false,createHarness
tests/group-setup-plugin.test.js,26,26,MethodDeclaration,register,false,createHarness
tests/group-setup-plugin.test.js,27,27,MethodDeclaration,get,false,createHarness
tests/group-setup-plugin.test.js,33,33,VariableDeclaration,directory,false,
tests/group-setup-plugin.test.js,34,34,VariableDeclaration,databasePath,false,
tests/group-setup-plugin.test.js,36,36,VariableDeclaration,first,false,
tests/group-setup-plugin.test.js,38,38,VariableDeclaration,command,false,
tests/group-setup-plugin.test.js,39,39,VariableDeclaration,replies,false,
tests/group-setup-plugin.test.js,50,50,VariableDeclaration,second,false,
tests/group-setup-plugin.test.js,52,52,VariableDeclaration,resumedCommand,false,
tests/group-setup-plugin.test.js,53,53,VariableDeclaration,resumed,false,
tests/group-setup-plugin.test.js,67,67,VariableDeclaration,directory,false,
tests/group-setup-plugin.test.js,68,68,VariableDeclaration,databasePath,false,
tests/group-setup-plugin.test.js,70,70,VariableDeclaration,harness,false,
tests/group-setup-plugin.test.js,73,73,VariableDeclaration,command,false,
tests/group.test.js,12,12,VariableDeclaration,logger,false,
tests/group.test.js,14,41,ClassDeclaration,FakeGroupCore,false,
tests/group.test.js,33,33,MethodDeclaration,onMessage,false,FakeGroupCore
tests/group.test.js,34,34,MethodDeclaration,onGroupParticipantUpdate,false,FakeGroupCore
tests/group.test.js,35,35,MethodDeclaration,onConnectionState,false,FakeGroupCore
tests/group.test.js,36,36,MethodDeclaration,sendText,false,FakeGroupCore
tests/group.test.js,37,37,MethodDeclaration,getGroupMetadata,false,FakeGroupCore
tests/group.test.js,38,38,MethodDeclaration,start,false,FakeGroupCore
tests/group.test.js,39,39,MethodDeclaration,close,false,FakeGroupCore
tests/group.test.js,40,40,MethodDeclaration,emitMessage,false,FakeGroupCore
tests/group.test.js,44,44,VariableDeclaration,core,false,
tests/group.test.js,45,45,VariableDeclaration,directory,false,
tests/group.test.js,46,46,VariableDeclaration,app,false,
tests/group.test.js,121,121,VariableDeclaration,core,false,
tests/group.test.js,129,129,VariableDeclaration,directory,false,
tests/group.test.js,130,130,VariableDeclaration,configuration,false,
tests/group.test.js,131,140,VariableDeclaration,app,false,
tests/group.test.js,172,172,VariableDeclaration,core,false,
tests/group.test.js,173,173,VariableDeclaration,directory,false,
tests/group.test.js,174,174,VariableDeclaration,configuration,false,
tests/group.test.js,175,185,VariableDeclaration,app,false,
tests/helpers/fake-whatsapp.js,1,15,FunctionDeclaration,createFakeWhatsapp,true,
tests/helpers/fake-whatsapp.js,2,13,VariableDeclaration,whatsapp,false,createFakeWhatsapp
tests/helpers/fake-whatsapp.js,6,6,MethodDeclaration,onMessage,false,createFakeWhatsapp
tests/helpers/fake-whatsapp.js,7,7,MethodDeclaration,onGroupParticipantUpdate,false,createFakeWhatsapp
tests/helpers/fake-whatsapp.js,8,8,MethodDeclaration,onConnectionState,false,createFakeWhatsapp
tests/helpers/fake-whatsapp.js,9,9,MethodDeclaration,sendText,false,createFakeWhatsapp
tests/helpers/fake-whatsapp.js,10,10,MethodDeclaration,start,false,createFakeWhatsapp
tests/helpers/fake-whatsapp.js,11,11,MethodDeclaration,close,false,createFakeWhatsapp
tests/integration.test.js,10,10,VariableDeclaration,logger,false,
tests/integration.test.js,11,11,VariableDeclaration,config,false,
tests/integration.test.js,13,44,ClassDeclaration,FakeCore,false,
tests/integration.test.js,18,18,MethodDeclaration,clearRuntimeCaches,false,FakeCore
tests/integration.test.js,19,25,MethodDeclaration,listParticipatingGroups,false,FakeCore
tests/integration.test.js,29,29,MethodDeclaration,onMessage,false,FakeCore
tests/integration.test.js,30,30,MethodDeclaration,onGroupParticipantUpdate,false,FakeCore
tests/integration.test.js,31,31,MethodDeclaration,onConnectionState,false,FakeCore
tests/integration.test.js,32,32,MethodDeclaration,sendText,false,FakeCore
tests/integration.test.js,33,36,MethodDeclaration,start,false,FakeCore
tests/integration.test.js,37,40,MethodDeclaration,close,false,FakeCore
tests/integration.test.js,41,43,MethodDeclaration,emitMessage,false,FakeCore
tests/integration.test.js,47,47,VariableDeclaration,core,false,
tests/integration.test.js,48,48,VariableDeclaration,app,false,
tests/integration.test.js,49,49,VariableDeclaration,lifecycle,false,
tests/integration.test.js,52,52,MethodDeclaration,initialize,false,
tests/integration.test.js,53,53,MethodDeclaration,shutdown,false,
tests/integration.test.js,57,63,MethodDeclaration,load,false,
tests/integration.test.js,64,64,MethodDeclaration,initialize,false,
tests/integration.test.js,65,65,MethodDeclaration,ready,false,
tests/integration.test.js,66,66,MethodDeclaration,unload,false,
tests/integration.test.js,80,80,VariableDeclaration,core,false,
tests/integration.test.js,81,81,VariableDeclaration,app,false,
tests/integration.test.js,82,82,VariableDeclaration,frameworkErrors,false,
tests/integration.test.js,86,89,MethodDeclaration,load,false,
tests/integration.test.js,105,105,VariableDeclaration,core,false,
tests/integration.test.js,106,114,VariableDeclaration,app,false,
tests/integration.test.js,148,148,VariableDeclaration,core,false,
tests/integration.test.js,149,149,VariableDeclaration,ownerJid,false,
tests/integration.test.js,150,155,VariableDeclaration,app,false,
tests/integration.test.js,209,209,VariableDeclaration,core,false,
tests/integration.test.js,210,210,VariableDeclaration,app,false,
tests/integration.test.js,221,221,VariableDeclaration,core,false,
tests/integration.test.js,222,222,VariableDeclaration,app,false,
tests/integration.test.js,233,233,VariableDeclaration,core,false,
tests/integration.test.js,234,234,VariableDeclaration,app,false,
tests/integration.test.js,235,235,VariableDeclaration,readyOrder,false,
tests/integration.test.js,240,240,MethodDeclaration,ready,false,
tests/integration.test.js,244,244,MethodDeclaration,ready,false,
tests/integration.test.js,253,253,VariableDeclaration,core,false,
tests/integration.test.js,254,258,VariableDeclaration,app,false,
tests/integration.test.js,282,282,VariableDeclaration,commands,false,
tests/integration.test.js,283,283,VariableDeclaration,logs,false,
tests/integration.test.js,285,285,MethodDeclaration,register,false,
tests/integration.test.js,287,287,VariableDeclaration,owner,false,
tests/integration.test.js,288,288,VariableDeclaration,replies,false,
tests/integration.test.js,297,297,MethodDeclaration,debug,false,
tests/logger-privacy.test.js,5,5,VariableDeclaration,RAW_ACCOUNT,false,
tests/logger-privacy.test.js,6,6,VariableDeclaration,RAW_JID,false,
tests/logger-privacy.test.js,7,7,VariableDeclaration,RAW_TOKEN,false,
tests/logger-privacy.test.js,8,8,VariableDeclaration,RAW_ERROR,false,
tests/logger-privacy.test.js,10,23,FunctionDeclaration,runLoggerProbe,false,
tests/logger-privacy.test.js,11,18,VariableDeclaration,source,false,runLoggerProbe
tests/logger-privacy.test.js,26,26,VariableDeclaration,result,false,
tests/maintenance.test.js,7,7,VariableDeclaration,logger,false,
tests/maintenance.test.js,9,25,FunctionDeclaration,baseEnv,false,
tests/maintenance.test.js,28,28,VariableDeclaration,disabled,false,
tests/maintenance.test.js,32,32,VariableDeclaration,enabledByDefault,false,
tests/maintenance.test.js,37,37,VariableDeclaration,config,false,
tests/maintenance.test.js,38,38,VariableDeclaration,connection,false,
tests/maintenance.test.js,39,39,VariableDeclaration,states,false,
tests/maintenance.test.js,54,54,VariableDeclaration,config,false,
tests/maintenance.test.js,55,55,VariableDeclaration,savedMessages,false,
tests/maintenance.test.js,56,56,VariableDeclaration,sent,false,
tests/maintenance.test.js,57,59,VariableDeclaration,connection,false,
tests/maintenance.test.js,58,58,MethodDeclaration,saveMessages,false,
tests/maintenance.test.js,60,65,VariableDeclaration,socket,false,
tests/maintenance.test.js,61,64,MethodDeclaration,sendMessage,false,
tests/media-plugin.test.js,9,9,VariableDeclaration,logger,false,
tests/media-plugin.test.js,10,10,VariableDeclaration,config,false,
tests/media-plugin.test.js,12,41,FunctionDeclaration,createHarness,false,
tests/media-plugin.test.js,13,13,VariableDeclaration,sent,false,createHarness
tests/media-plugin.test.js,14,14,VariableDeclaration,downloads,false,createHarness
tests/media-plugin.test.js,15,30,VariableDeclaration,whatsapp,false,createHarness
tests/media-plugin.test.js,19,19,MethodDeclaration,onMessage,false,createHarness
tests/media-plugin.test.js,20,20,MethodDeclaration,onGroupParticipantUpdate,false,createHarness
tests/media-plugin.test.js,21,21,MethodDeclaration,onConnectionState,false,createHarness
tests/media-plugin.test.js,22,22,MethodDeclaration,sendText,false,createHarness
tests/media-plugin.test.js,23,26,MethodDeclaration,downloadMedia,false,createHarness
tests/media-plugin.test.js,27,27,MethodDeclaration,sendMedia,false,createHarness
tests/media-plugin.test.js,28,28,MethodDeclaration,start,false,createHarness
tests/media-plugin.test.js,29,29,MethodDeclaration,close,false,createHarness
tests/media-plugin.test.js,31,31,VariableDeclaration,events,false,createHarness
tests/media-plugin.test.js,32,32,VariableDeclaration,commands,false,createHarness
tests/media-plugin.test.js,32,32,MethodDeclaration,get,false,createHarness
tests/media-plugin.test.js,33,33,MethodDeclaration,transform,false,createHarness
tests/media-plugin.test.js,38,38,MethodDeclaration,get,false,createHarness
tests/media-plugin.test.js,43,53,FunctionDeclaration,message,false,
tests/media-plugin.test.js,56,56,VariableDeclaration,harness,false,
tests/media-plugin.test.js,70,70,VariableDeclaration,harness,false,
tests/media-plugin.test.js,82,82,VariableDeclaration,harness,false,
tests/media-plugin.test.js,95,95,VariableDeclaration,harness,false,
tests/media-plugin.test.js,107,107,VariableDeclaration,harness,false,
tests/media-plugin.test.js,118,118,VariableDeclaration,calls,false,
tests/media-plugin.test.js,119,122,VariableDeclaration,transformer,false,
tests/media-plugin.test.js,137,137,VariableDeclaration,harness,false,
tests/media-plugin.test.js,148,148,VariableDeclaration,harness,false,
tests/media-plugin.test.js,160,163,VariableDeclaration,harness,false,
tests/media-plugin.test.js,162,162,MethodDeclaration,transform,false,
tests/media-plugin.test.js,174,177,VariableDeclaration,harness,false,
tests/media-plugin.test.js,176,176,MethodDeclaration,transform,false,
tests/menu.test.js,9,9,VariableDeclaration,logger,false,
tests/menu.test.js,10,10,VariableDeclaration,config,false,
tests/menu.test.js,12,32,FunctionDeclaration,fakeWhatsapp,false,
tests/menu.test.js,13,24,VariableDeclaration,transport,false,fakeWhatsapp
tests/menu.test.js,18,18,MethodDeclaration,onMessage,false,fakeWhatsapp
tests/menu.test.js,19,19,MethodDeclaration,onGroupParticipantUpdate,false,fakeWhatsapp
tests/menu.test.js,20,20,MethodDeclaration,onConnectionState,false,fakeWhatsapp
tests/menu.test.js,21,21,MethodDeclaration,sendText,false,fakeWhatsapp
tests/menu.test.js,22,22,MethodDeclaration,start,false,fakeWhatsapp
tests/menu.test.js,23,23,MethodDeclaration,close,false,fakeWhatsapp
tests/menu.test.js,34,36,FunctionDeclaration,message,false,
tests/menu.test.js,38,45,FunctionDeclaration,createRegistry,false,
tests/menu.test.js,39,39,VariableDeclaration,events,false,createRegistry
tests/menu.test.js,40,40,VariableDeclaration,services,false,createRegistry
tests/menu.test.js,41,41,VariableDeclaration,effectiveConfig,false,createRegistry
tests/menu.test.js,42,42,VariableDeclaration,registry,false,createRegistry
tests/menu.test.js,47,49,FunctionDeclaration,registerCommand,false,
tests/menu.test.js,52,52,VariableDeclaration,whatsapp,false,
tests/menu.test.js,53,53,VariableDeclaration,{ registry },false,
tests/menu.test.js,72,72,VariableDeclaration,unavailableWhatsapp,false,
tests/menu.test.js,73,73,VariableDeclaration,{ registry: unavailableRegistry },false,
tests/menu.test.js,80,80,VariableDeclaration,failedWhatsapp,false,
tests/menu.test.js,81,81,VariableDeclaration,{ registry: failedRegistry },false,
tests/menu.test.js,90,90,VariableDeclaration,whatsapp,false,
tests/menu.test.js,91,91,VariableDeclaration,{ registry },false,
tests/menu.test.js,116,116,VariableDeclaration,memberWhatsapp,false,
tests/menu.test.js,117,117,VariableDeclaration,{ registry: memberRegistry },false,
tests/menu.test.js,124,124,VariableDeclaration,ownerWhatsapp,false,
tests/menu.test.js,125,125,VariableDeclaration,{ registry: ownerRegistry },false,
tests/menu.test.js,136,136,VariableDeclaration,whatsapp,false,
tests/menu.test.js,137,139,VariableDeclaration,{ registry },false,
tests/observability-contract.test.js,6,12,VariableDeclaration,logger,false,
tests/observability-contract.test.js,7,7,MethodDeclaration,child,false,
tests/observability-contract.test.js,8,8,MethodDeclaration,info,false,
tests/observability-contract.test.js,9,9,MethodDeclaration,warn,false,
tests/observability-contract.test.js,10,10,MethodDeclaration,error,false,
tests/observability-contract.test.js,11,11,MethodDeclaration,debug,false,
tests/observability-contract.test.js,14,14,VariableDeclaration,actorJid,false,
tests/observability-contract.test.js,15,15,VariableDeclaration,resourceJid,false,
tests/observability-contract.test.js,17,21,FunctionDeclaration,assertScalarMetadata,false,
tests/observability-contract.test.js,18,18,VariableDeclaration,value,false,assertScalarMetadata
tests/observability-contract.test.js,24,24,VariableDeclaration,service,false,
tests/observability-contract.test.js,38,38,VariableDeclaration,record,false,
tests/observability-contract.test.js,39,39,VariableDeclaration,serialized,false,
tests/observability-contract.test.js,67,67,VariableDeclaration,service,false,
tests/observability-contract.test.js,70,70,VariableDeclaration,owner,false,
tests/observability-contract.test.js,71,71,VariableDeclaration,target,false,
tests/observability-contract.test.js,72,72,VariableDeclaration,activation,false,
tests/observability-contract.test.js,77,77,VariableDeclaration,audit,false,
tests/observability-contract.test.js,78,78,VariableDeclaration,serialized,false,
tests/permissions.test.js,9,9,VariableDeclaration,logger,false,
tests/permissions.test.js,11,38,ClassDeclaration,PermissionCore,false,
tests/permissions.test.js,29,29,MethodDeclaration,onMessage,false,PermissionCore
tests/permissions.test.js,30,30,MethodDeclaration,onGroupParticipantUpdate,false,PermissionCore
tests/permissions.test.js,31,31,MethodDeclaration,onConnectionState,false,PermissionCore
tests/permissions.test.js,32,32,MethodDeclaration,sendText,false,PermissionCore
tests/permissions.test.js,33,33,MethodDeclaration,getGroupMetadata,false,PermissionCore
tests/permissions.test.js,34,34,MethodDeclaration,getGroupInviteLink,false,PermissionCore
tests/permissions.test.js,35,35,MethodDeclaration,start,false,PermissionCore
tests/permissions.test.js,36,36,MethodDeclaration,close,false,PermissionCore
tests/permissions.test.js,37,37,MethodDeclaration,emitMessage,false,PermissionCore
tests/permissions.test.js,40,47,FunctionDeclaration,appFor,false,
tests/permissions.test.js,49,51,FunctionDeclaration,message,false,
tests/permissions.test.js,54,54,VariableDeclaration,core,false,
tests/permissions.test.js,55,55,VariableDeclaration,app,false,
tests/permissions.test.js,83,83,VariableDeclaration,core,false,
tests/permissions.test.js,84,84,VariableDeclaration,ownerJid,false,
tests/permissions.test.js,85,85,VariableDeclaration,app,false,
tests/permissions.test.js,103,103,VariableDeclaration,core,false,
tests/permissions.test.js,104,104,VariableDeclaration,ownerJid,false,
tests/permissions.test.js,105,105,VariableDeclaration,app,false,
tests/permissions.test.js,142,142,VariableDeclaration,config,false,
tests/permissions.test.js,152,152,VariableDeclaration,core,false,
tests/permissions.test.js,153,153,VariableDeclaration,ownerJid,false,
tests/permissions.test.js,154,154,VariableDeclaration,app,false,
tests/platform-buttons.test.js,5,12,VariableDeclaration,menu,false,
tests/platform-buttons.test.js,15,15,VariableDeclaration,adapter,false,
tests/platform-buttons.test.js,16,16,VariableDeclaration,native,false,
tests/platform-buttons.test.js,20,20,VariableDeclaration,fallback,false,
tests/platform-buttons.test.js,24,29,VariableDeclaration,tooMany,false,
tests/platform-buttons.test.js,34,34,VariableDeclaration,clock,false,
tests/platform-buttons.test.js,35,35,VariableDeclaration,adapter,false,
tests/platform-buttons.test.js,36,36,VariableDeclaration,currentMenu,false,
tests/platform-buttons.test.js,37,37,VariableDeclaration,selected,false,
tests/platform-buttons.test.js,46,46,VariableDeclaration,now,false,
tests/platform-buttons.test.js,47,50,VariableDeclaration,adapter,false,
tests/platform-group-setup.test.js,10,12,FunctionDeclaration,input,false,
tests/platform-group-setup.test.js,15,15,VariableDeclaration,applied,false,
tests/platform-group-setup.test.js,16,16,VariableDeclaration,engine,false,
tests/platform-group-setup.test.js,18,18,VariableDeclaration,actorJid,false,
tests/platform-group-setup.test.js,39,39,VariableDeclaration,applyCount,false,
tests/platform-group-setup.test.js,40,40,VariableDeclaration,engine,false,
tests/platform-group-setup.test.js,42,42,VariableDeclaration,actorJid,false,
tests/platform-group-setup.test.js,44,44,VariableDeclaration,"[index, value]",false,
tests/platform-group-setup.test.js,52,52,VariableDeclaration,engine,false,
tests/platform-group-setup.test.js,54,54,VariableDeclaration,actorJid,false,
tests/platform-group-setup.test.js,56,56,VariableDeclaration,"[index, value]",false,
tests/platform-group-setup.test.js,59,59,VariableDeclaration,result,false,
tests/platform-mission.test.js,6,22,VariableDeclaration,definition,false,
tests/platform-mission.test.js,24,54,FunctionDeclaration,exerciseEngine,false,
tests/platform-mission.test.js,25,25,VariableDeclaration,now,false,exerciseEngine
tests/platform-mission.test.js,26,26,VariableDeclaration,engine,false,exerciseEngine
tests/platform-mission.test.js,28,28,VariableDeclaration,started,false,exerciseEngine
tests/platform-mission.test.js,31,31,VariableDeclaration,moved,false,exerciseEngine
tests/platform-mission.test.js,38,38,VariableDeclaration,completed,false,exerciseEngine
tests/platform-mission.test.js,44,44,VariableDeclaration,failed,false,exerciseEngine
tests/platform-mission.test.js,46,46,VariableDeclaration,failure,false,exerciseEngine
tests/platform-mission.test.js,61,61,VariableDeclaration,db,false,
tests/platform-mission.test.js,63,63,VariableDeclaration,store,false,
tests/platform-mission.test.js,69,69,VariableDeclaration,engine,false,
tests/platform-sessions.test.js,6,15,VariableDeclaration,input,false,
tests/platform-sessions.test.js,17,39,FunctionDeclaration,exerciseStore,false,
tests/platform-sessions.test.js,18,18,VariableDeclaration,store,false,exerciseStore
tests/platform-sessions.test.js,19,19,VariableDeclaration,created,false,exerciseStore
tests/platform-sessions.test.js,24,24,VariableDeclaration,completed,false,exerciseStore
tests/platform-sessions.test.js,46,46,VariableDeclaration,db,false,
tests/platform-sessions.test.js,48,48,VariableDeclaration,store,false,
tests/platform-sessions.test.js,55,55,VariableDeclaration,store,false,
tests/plugin-readiness.test.js,32,32,VariableDeclaration,logger,false,
tests/plugin-readiness.test.js,36,51,VariableDeclaration,SERVICE_NAMES,false,
tests/plugin-readiness.test.js,56,70,FunctionDeclaration,stubService,false,
tests/plugin-readiness.test.js,57,57,VariableDeclaration,target,false,stubService
tests/plugin-readiness.test.js,58,68,VariableDeclaration,proxy,false,stubService
tests/plugin-readiness.test.js,59,64,MethodDeclaration,get,false,stubService
tests/plugin-readiness.test.js,65,67,MethodDeclaration,apply,false,stubService
tests/plugin-readiness.test.js,77,80,VariableDeclaration,PENDING_PLUGIN_FAILURES,false,
tests/plugin-readiness.test.js,81,81,VariableDeclaration,PENDING_PLUGINS,false,
tests/plugin-readiness.test.js,83,103,FunctionDeclaration,fakeWhatsapp,false,
tests/plugin-readiness.test.js,84,84,VariableDeclaration,noop,false,fakeWhatsapp
tests/plugin-readiness.test.js,92,92,MethodDeclaration,sendText,false,fakeWhatsapp
tests/plugin-readiness.test.js,93,93,MethodDeclaration,sendNativeQuickReplies,false,fakeWhatsapp
tests/plugin-readiness.test.js,94,96,MethodDeclaration,getGroupMetadata,false,fakeWhatsapp
tests/plugin-readiness.test.js,97,99,MethodDeclaration,getGroupInviteLink,false,fakeWhatsapp
tests/plugin-readiness.test.js,100,100,MethodDeclaration,start,false,fakeWhatsapp
tests/plugin-readiness.test.js,101,101,MethodDeclaration,close,false,fakeWhatsapp
tests/plugin-readiness.test.js,106,106,VariableDeclaration,root,false,
tests/plugin-readiness.test.js,107,107,VariableDeclaration,whatsapp,false,
tests/plugin-readiness.test.js,108,122,VariableDeclaration,framework,false,
tests/plugin-readiness.test.js,124,124,VariableDeclaration,name,false,
tests/plugin-readiness.test.js,126,126,VariableDeclaration,failures,false,
tests/plugin-readiness.test.js,132,132,MethodDeclaration,captureError,false,
tests/plugin-readiness.test.js,132,132,MethodDeclaration,captureMessage,false,
tests/plugin-readiness.test.js,165,165,VariableDeclaration,notReady,false,
tests/r0s-guardrails.test.js,15,21,VariableDeclaration,logger,false,
tests/r0s-guardrails.test.js,16,16,MethodDeclaration,child,false,
tests/r0s-guardrails.test.js,17,17,MethodDeclaration,info,false,
tests/r0s-guardrails.test.js,18,18,MethodDeclaration,warn,false,
tests/r0s-guardrails.test.js,19,19,MethodDeclaration,error,false,
tests/r0s-guardrails.test.js,20,20,MethodDeclaration,debug,false,
tests/r0s-guardrails.test.js,23,27,FunctionDeclaration,serviceFor,false,
tests/r0s-guardrails.test.js,24,24,VariableDeclaration,service,false,serviceFor
tests/r0s-guardrails.test.js,30,30,VariableDeclaration,registry,false,
tests/r0s-guardrails.test.js,38,38,VariableDeclaration,registry,false,
tests/r0s-guardrails.test.js,47,47,VariableDeclaration,now,false,
tests/r0s-guardrails.test.js,48,48,VariableDeclaration,limiter,false,
tests/r0s-guardrails.test.js,58,58,VariableDeclaration,now,false,
tests/r0s-guardrails.test.js,59,59,VariableDeclaration,circuit,false,
tests/r0s-guardrails.test.js,72,72,VariableDeclaration,service,false,
tests/r0s-guardrails.test.js,74,74,VariableDeclaration,record,false,
tests/r0s-guardrails.test.js,83,83,VariableDeclaration,directory,false,
tests/r0s-guardrails.test.js,84,84,VariableDeclaration,databasePath,false,
tests/r0s-guardrails.test.js,85,85,VariableDeclaration,first,false,
tests/r0s-guardrails.test.js,86,86,VariableDeclaration,flag,false,
tests/r0s-guardrails.test.js,91,91,VariableDeclaration,second,false,
tests/r0s-guardrails.test.js,99,99,VariableDeclaration,service,false,
tests/r0s-guardrails.test.js,110,110,VariableDeclaration,directory,false,
tests/r0s-guardrails.test.js,111,111,VariableDeclaration,databasePath,false,
tests/r0s-guardrails.test.js,112,112,VariableDeclaration,service,false,
tests/r0s-guardrails.test.js,114,114,VariableDeclaration,blocker,false,
tests/r0s-guardrails.test.js,124,124,VariableDeclaration,service,false,
tests/r0s-guardrails.test.js,127,127,VariableDeclaration,decision,false,
tests/r1-group-safety.test.js,13,13,VariableDeclaration,logger,false,
tests/r1-group-safety.test.js,14,14,VariableDeclaration,groupA,false,
tests/r1-group-safety.test.js,15,15,VariableDeclaration,groupB,false,
tests/r1-group-safety.test.js,16,16,VariableDeclaration,adminJid,false,
tests/r1-group-safety.test.js,17,17,VariableDeclaration,memberJid,false,
tests/r1-group-safety.test.js,18,18,VariableDeclaration,otherMemberJid,false,
tests/r1-group-safety.test.js,19,19,VariableDeclaration,botJid,false,
tests/r1-group-safety.test.js,21,23,FunctionDeclaration,tempDatabase,false,
tests/r1-group-safety.test.js,25,30,FunctionDeclaration,cleanupDatabase,false,
tests/r1-group-safety.test.js,32,38,FunctionDeclaration,serviceContext,false,
tests/r1-group-safety.test.js,40,49,FunctionDeclaration,createServiceFixture,false,
tests/r1-group-safety.test.js,41,41,VariableDeclaration,databasePath,false,createServiceFixture
tests/r1-group-safety.test.js,42,42,VariableDeclaration,now,false,createServiceFixture
tests/r1-group-safety.test.js,43,43,VariableDeclaration,guardrails,false,createServiceFixture
tests/r1-group-safety.test.js,44,44,VariableDeclaration,services,false,createServiceFixture
tests/r1-group-safety.test.js,44,44,MethodDeclaration,get,false,createServiceFixture
tests/r1-group-safety.test.js,46,46,VariableDeclaration,safety,false,createServiceFixture
tests/r1-group-safety.test.js,48,48,MethodDeclaration,advance,false,createServiceFixture
tests/r1-group-safety.test.js,52,52,VariableDeclaration,fixture,false,
tests/r1-group-safety.test.js,62,62,VariableDeclaration,warning,false,
tests/r1-group-safety.test.js,81,81,VariableDeclaration,fixture,false,
tests/r1-group-safety.test.js,83,83,VariableDeclaration,first,false,
tests/r1-group-safety.test.js,84,84,VariableDeclaration,duplicate,false,
tests/r1-group-safety.test.js,91,91,VariableDeclaration,claimed,false,
tests/r1-group-safety.test.js,94,94,VariableDeclaration,resolved,false,
tests/r1-group-safety.test.js,97,97,VariableDeclaration,deniedAppeal,false,
tests/r1-group-safety.test.js,99,99,VariableDeclaration,appeal,false,
tests/r1-group-safety.test.js,102,102,VariableDeclaration,duplicateAppeal,false,
tests/r1-group-safety.test.js,112,141,ClassDeclaration,SafetyCore,false,
tests/r1-group-safety.test.js,132,132,MethodDeclaration,onMessage,false,SafetyCore
tests/r1-group-safety.test.js,133,133,MethodDeclaration,onGroupParticipantUpdate,false,SafetyCore
tests/r1-group-safety.test.js,134,134,MethodDeclaration,onConnectionState,false,SafetyCore
tests/r1-group-safety.test.js,135,135,MethodDeclaration,sendText,false,SafetyCore
tests/r1-group-safety.test.js,136,136,MethodDeclaration,getGroupMetadata,false,SafetyCore
tests/r1-group-safety.test.js,137,137,MethodDeclaration,getGroupInviteLink,false,SafetyCore
tests/r1-group-safety.test.js,138,138,MethodDeclaration,start,false,SafetyCore
tests/r1-group-safety.test.js,139,139,MethodDeclaration,close,false,SafetyCore
tests/r1-group-safety.test.js,140,140,MethodDeclaration,emitMessage,false,SafetyCore
tests/r1-group-safety.test.js,143,145,FunctionDeclaration,groupMessage,false,
tests/r1-group-safety.test.js,148,148,VariableDeclaration,databasePath,false,
tests/r1-group-safety.test.js,149,149,VariableDeclaration,core,false,
tests/r1-group-safety.test.js,150,150,VariableDeclaration,guardrails,false,
tests/r1-group-safety.test.js,151,151,VariableDeclaration,safety,false,
tests/r1-group-safety.test.js,152,152,VariableDeclaration,app,false,
tests/r2-group-moderation.test.js,10,10,VariableDeclaration,logger,false,
tests/r2-group-moderation.test.js,11,11,VariableDeclaration,groupA,false,
tests/r2-group-moderation.test.js,12,12,VariableDeclaration,groupB,false,
tests/r2-group-moderation.test.js,13,13,VariableDeclaration,adminJid,false,
tests/r2-group-moderation.test.js,14,14,VariableDeclaration,memberJid,false,
tests/r2-group-moderation.test.js,15,15,VariableDeclaration,otherMemberJid,false,
tests/r2-group-moderation.test.js,16,16,VariableDeclaration,botJid,false,
tests/r2-group-moderation.test.js,18,20,FunctionDeclaration,tempDatabase,false,
tests/r2-group-moderation.test.js,22,27,FunctionDeclaration,cleanupDatabase,false,
tests/r2-group-moderation.test.js,29,35,FunctionDeclaration,serviceContext,false,
tests/r2-group-moderation.test.js,37,48,FunctionDeclaration,metadata,false,
tests/r2-group-moderation.test.js,50,65,FunctionDeclaration,createFixture,false,
tests/r2-group-moderation.test.js,51,51,VariableDeclaration,databasePath,false,createFixture
tests/r2-group-moderation.test.js,52,52,VariableDeclaration,now,false,createFixture
tests/r2-group-moderation.test.js,53,53,VariableDeclaration,guardrails,false,createFixture
tests/r2-group-moderation.test.js,54,54,VariableDeclaration,services,false,createFixture
tests/r2-group-moderation.test.js,54,54,MethodDeclaration,get,false,createFixture
tests/r2-group-moderation.test.js,56,56,VariableDeclaration,moderation,false,createFixture
tests/r2-group-moderation.test.js,62,62,MethodDeclaration,advance,false,createFixture
tests/r2-group-moderation.test.js,67,86,FunctionDeclaration,createWhatsapp,false,
tests/r2-group-moderation.test.js,68,68,VariableDeclaration,calls,false,createWhatsapp
tests/r2-group-moderation.test.js,69,72,VariableDeclaration,port,false,createWhatsapp
tests/r2-group-moderation.test.js,71,71,MethodDeclaration,getGroupMetadata,false,createWhatsapp
tests/r2-group-moderation.test.js,88,98,FunctionDeclaration,participantRequest,false,
tests/r2-group-moderation.test.js,100,109,FunctionDeclaration,settingRequest,false,
tests/r2-group-moderation.test.js,111,115,FunctionDeclaration,closeFixture,false,
tests/r2-group-moderation.test.js,118,118,VariableDeclaration,fixture,false,
tests/r2-group-moderation.test.js,120,120,VariableDeclaration,whatsapp,false,
tests/r2-group-moderation.test.js,121,121,VariableDeclaration,planned,false,
tests/r2-group-moderation.test.js,130,130,VariableDeclaration,fixture,false,
tests/r2-group-moderation.test.js,133,133,VariableDeclaration,whatsapp,false,
tests/r2-group-moderation.test.js,134,134,VariableDeclaration,planned,false,
tests/r2-group-moderation.test.js,136,136,VariableDeclaration,executed,false,
tests/r2-group-moderation.test.js,147,147,VariableDeclaration,fixture,false,
tests/r2-group-moderation.test.js,150,150,VariableDeclaration,whatsapp,false,
tests/r2-group-moderation.test.js,151,151,VariableDeclaration,first,false,
tests/r2-group-moderation.test.js,152,152,VariableDeclaration,duplicate,false,
tests/r2-group-moderation.test.js,157,157,VariableDeclaration,executed,false,
tests/r2-group-moderation.test.js,160,160,VariableDeclaration,replay,false,
tests/r2-group-moderation.test.js,169,169,VariableDeclaration,actorFixture,false,
tests/r2-group-moderation.test.js,172,172,VariableDeclaration,actorDenied,false,
tests/r2-group-moderation.test.js,178,178,VariableDeclaration,botFixture,false,
tests/r2-group-moderation.test.js,181,181,VariableDeclaration,botDenied,false,
tests/r2-group-moderation.test.js,189,189,VariableDeclaration,fixture,false,
tests/r2-group-moderation.test.js,192,192,VariableDeclaration,whatsapp,false,
tests/r2-group-moderation.test.js,196,196,VariableDeclaration,isolated,false,
tests/r2-group-moderation.test.js,205,205,VariableDeclaration,fixture,false,
tests/r2-group-moderation.test.js,208,208,VariableDeclaration,planned,false,
tests/r2-group-moderation.test.js,210,210,VariableDeclaration,executed,false,
tests/r2-group-moderation.test.js,219,219,VariableDeclaration,fixture,false,
tests/r2-group-moderation.test.js,222,222,VariableDeclaration,whatsapp,false,
tests/r2-group-moderation.test.js,223,223,VariableDeclaration,planned,false,
tests/r2-group-moderation.test.js,224,224,VariableDeclaration,executed,false,
tests/r2-group-moderation.test.js,234,234,VariableDeclaration,fixture,false,
tests/r2-group-moderation.test.js,237,237,VariableDeclaration,whatsapp,false,
tests/r2-group-moderation.test.js,238,238,VariableDeclaration,planned,false,
tests/r2-group-moderation.test.js,240,240,VariableDeclaration,operation,false,
tests/r2-group-moderation.test.js,242,242,VariableDeclaration,audit,false,
tests/r2-group-moderation.test.js,243,243,VariableDeclaration,serialized,false,
tests/r2-group-moderation.test.js,254,254,VariableDeclaration,fixture,false,
tests/r2-group-moderation.test.js,257,257,VariableDeclaration,release,false,
tests/r2-group-moderation.test.js,258,258,VariableDeclaration,gate,false,
tests/r2-group-moderation.test.js,259,262,VariableDeclaration,whatsapp,false,
tests/r2-group-moderation.test.js,263,263,VariableDeclaration,planned,false,
tests/r2-group-moderation.test.js,264,264,VariableDeclaration,firstExecution,false,
tests/r2-group-moderation.test.js,266,266,VariableDeclaration,concurrent,false,
tests/r2-group-moderation.test.js,270,270,VariableDeclaration,first,false,
tests/r2-group-moderation.test.js,279,279,VariableDeclaration,fixture,false,
tests/r2-group-moderation.test.js,282,282,VariableDeclaration,whatsapp,false,
tests/r2-group-moderation.test.js,283,283,VariableDeclaration,planned,false,
tests/r2-group-moderation.test.js,285,285,VariableDeclaration,executed,false,
tests/r2-group-moderation.test.js,295,295,VariableDeclaration,fixture,false,
tests/r2-group-moderation.test.js,298,298,VariableDeclaration,whatsapp,false,
tests/r2-group-moderation.test.js,299,299,VariableDeclaration,planned,false,
tests/r2-group-moderation.test.js,300,300,VariableDeclaration,executed,false,
tests/r4-knowledge.test.js,13,13,VariableDeclaration,logger,false,
tests/r4-knowledge.test.js,14,14,VariableDeclaration,groupA,false,
tests/r4-knowledge.test.js,15,15,VariableDeclaration,groupB,false,
tests/r4-knowledge.test.js,16,16,VariableDeclaration,adminJid,false,
tests/r4-knowledge.test.js,17,17,VariableDeclaration,memberJid,false,
tests/r4-knowledge.test.js,18,18,VariableDeclaration,otherMemberJid,false,
tests/r4-knowledge.test.js,19,19,VariableDeclaration,botJid,false,
tests/r4-knowledge.test.js,21,23,FunctionDeclaration,tempDatabase,false,
tests/r4-knowledge.test.js,25,30,FunctionDeclaration,cleanupDatabase,false,
tests/r4-knowledge.test.js,32,34,FunctionDeclaration,serviceContext,false,
tests/r4-knowledge.test.js,36,45,FunctionDeclaration,createFixture,false,
tests/r4-knowledge.test.js,37,37,VariableDeclaration,databasePath,false,createFixture
tests/r4-knowledge.test.js,38,38,VariableDeclaration,now,false,createFixture
tests/r4-knowledge.test.js,39,39,VariableDeclaration,guardrails,false,createFixture
tests/r4-knowledge.test.js,40,40,VariableDeclaration,services,false,createFixture
tests/r4-knowledge.test.js,40,40,MethodDeclaration,get,false,createFixture
tests/r4-knowledge.test.js,42,42,VariableDeclaration,knowledge,false,createFixture
tests/r4-knowledge.test.js,44,44,MethodDeclaration,advance,false,createFixture
tests/r4-knowledge.test.js,47,51,FunctionDeclaration,closeFixture,false,
tests/r4-knowledge.test.js,54,54,VariableDeclaration,fixture,false,
tests/r4-knowledge.test.js,64,64,VariableDeclaration,fixture,false,
tests/r4-knowledge.test.js,67,67,VariableDeclaration,record,false,
tests/r4-knowledge.test.js,79,79,VariableDeclaration,fixture,false,
tests/r4-knowledge.test.js,82,82,VariableDeclaration,privateRecord,false,
tests/r4-knowledge.test.js,83,83,VariableDeclaration,groupRecord,false,
tests/r4-knowledge.test.js,94,94,VariableDeclaration,fixture,false,
tests/r4-knowledge.test.js,98,98,VariableDeclaration,privateRecord,false,
tests/r4-knowledge.test.js,99,99,VariableDeclaration,visibleRecord,false,
tests/r4-knowledge.test.js,110,110,VariableDeclaration,fixture,false,
tests/r4-knowledge.test.js,113,113,VariableDeclaration,record,false,
tests/r4-knowledge.test.js,124,124,VariableDeclaration,fixture,false,
tests/r4-knowledge.test.js,127,127,VariableDeclaration,record,false,
tests/r4-knowledge.test.js,137,137,VariableDeclaration,fixture,false,
tests/r4-knowledge.test.js,140,140,VariableDeclaration,record,false,
tests/r4-knowledge.test.js,149,149,VariableDeclaration,fixture,false,
tests/r4-knowledge.test.js,153,153,VariableDeclaration,auditText,false,
tests/r4-knowledge.test.js,164,164,VariableDeclaration,fixture,false,
tests/r4-knowledge.test.js,174,202,ClassDeclaration,KnowledgeCore,false,
tests/r4-knowledge.test.js,193,193,MethodDeclaration,onMessage,false,KnowledgeCore
tests/r4-knowledge.test.js,194,194,MethodDeclaration,onGroupParticipantUpdate,false,KnowledgeCore
tests/r4-knowledge.test.js,195,195,MethodDeclaration,onConnectionState,false,KnowledgeCore
tests/r4-knowledge.test.js,196,196,MethodDeclaration,sendText,false,KnowledgeCore
tests/r4-knowledge.test.js,197,197,MethodDeclaration,getGroupMetadata,false,KnowledgeCore
tests/r4-knowledge.test.js,198,198,MethodDeclaration,getGroupInviteLink,false,KnowledgeCore
tests/r4-knowledge.test.js,199,199,MethodDeclaration,start,false,KnowledgeCore
tests/r4-knowledge.test.js,200,200,MethodDeclaration,close,false,KnowledgeCore
tests/r4-knowledge.test.js,201,201,MethodDeclaration,emitMessage,false,KnowledgeCore
tests/r4-knowledge.test.js,204,206,FunctionDeclaration,groupMessage,false,
tests/r4-knowledge.test.js,209,209,VariableDeclaration,databasePath,false,
tests/r4-knowledge.test.js,210,210,VariableDeclaration,core,false,
tests/r4-knowledge.test.js,211,211,VariableDeclaration,guardrails,false,
tests/r4-knowledge.test.js,212,212,VariableDeclaration,knowledge,false,
tests/r4-knowledge.test.js,213,213,VariableDeclaration,app,false,
tests/r4-knowledge.test.js,229,229,VariableDeclaration,id,false,
tests/r6-scene.test.js,13,13,VariableDeclaration,logger,false,
tests/r6-scene.test.js,14,14,VariableDeclaration,groupA,false,
tests/r6-scene.test.js,15,15,VariableDeclaration,groupB,false,
tests/r6-scene.test.js,16,16,VariableDeclaration,adminJid,false,
tests/r6-scene.test.js,17,17,VariableDeclaration,userA,false,
tests/r6-scene.test.js,18,18,VariableDeclaration,userB,false,
tests/r6-scene.test.js,19,19,VariableDeclaration,botJid,false,
tests/r6-scene.test.js,20,20,VariableDeclaration,initialNow,false,
tests/r6-scene.test.js,22,24,FunctionDeclaration,tempDatabase,false,
tests/r6-scene.test.js,26,31,FunctionDeclaration,cleanupDatabase,false,
tests/r6-scene.test.js,33,35,FunctionDeclaration,serviceContext,false,
tests/r6-scene.test.js,37,54,FunctionDeclaration,createFixture,false,
tests/r6-scene.test.js,38,38,VariableDeclaration,databasePath,false,createFixture
tests/r6-scene.test.js,39,39,VariableDeclaration,now,false,createFixture
tests/r6-scene.test.js,40,40,VariableDeclaration,guardrails,false,createFixture
tests/r6-scene.test.js,41,41,VariableDeclaration,scenes,false,createFixture
tests/r6-scene.test.js,42,49,VariableDeclaration,services,false,createFixture
tests/r6-scene.test.js,43,47,MethodDeclaration,get,false,createFixture
tests/r6-scene.test.js,48,48,MethodDeclaration,has,false,createFixture
tests/r6-scene.test.js,53,53,MethodDeclaration,advance,false,createFixture
tests/r6-scene.test.js,56,60,FunctionDeclaration,closeFixture,false,
tests/r6-scene.test.js,63,63,VariableDeclaration,fixture,false,
tests/r6-scene.test.js,68,68,VariableDeclaration,scene,false,
tests/r6-scene.test.js,75,77,FunctionDeclaration,scenesOff,false,
tests/r6-scene.test.js,80,80,VariableDeclaration,fixture,false,
tests/r6-scene.test.js,83,83,VariableDeclaration,first,false,
tests/r6-scene.test.js,84,84,VariableDeclaration,second,false,
tests/r6-scene.test.js,96,96,VariableDeclaration,fixture,false,
tests/r6-scene.test.js,98,98,VariableDeclaration,publicScene,false,
tests/r6-scene.test.js,99,99,VariableDeclaration,privateScene,false,
tests/r6-scene.test.js,102,102,VariableDeclaration,participant,false,
tests/r6-scene.test.js,111,111,VariableDeclaration,fixture,false,
tests/r6-scene.test.js,113,113,VariableDeclaration,record,false,
tests/r6-scene.test.js,127,127,VariableDeclaration,fixture,false,
tests/r6-scene.test.js,129,129,VariableDeclaration,record,false,
tests/r6-scene.test.js,132,132,VariableDeclaration,participant,false,
tests/r6-scene.test.js,141,141,VariableDeclaration,fixture,false,
tests/r6-scene.test.js,143,143,VariableDeclaration,record,false,
tests/r6-scene.test.js,145,145,VariableDeclaration,paused,false,
tests/r6-scene.test.js,149,149,VariableDeclaration,resumed,false,
tests/r6-scene.test.js,151,151,VariableDeclaration,closed,false,
tests/r6-scene.test.js,160,160,VariableDeclaration,fixture,false,
tests/r6-scene.test.js,162,162,VariableDeclaration,record,false,
tests/r6-scene.test.js,163,163,VariableDeclaration,consent,false,
tests/r6-scene.test.js,168,168,VariableDeclaration,withdrawn,false,
tests/r6-scene.test.js,177,177,VariableDeclaration,fixture,false,
tests/r6-scene.test.js,179,179,VariableDeclaration,record,false,
tests/r6-scene.test.js,191,191,VariableDeclaration,fixture,false,
tests/r6-scene.test.js,193,193,VariableDeclaration,record,false,
tests/r6-scene.test.js,196,196,VariableDeclaration,auditText,false,
tests/r6-scene.test.js,208,208,VariableDeclaration,fixture,false,
tests/r6-scene.test.js,210,210,VariableDeclaration,record,false,
tests/r6-scene.test.js,214,214,VariableDeclaration,restored,false,
tests/r6-scene.test.js,222,250,ClassDeclaration,SceneCore,false,
tests/r6-scene.test.js,241,241,MethodDeclaration,onMessage,false,SceneCore
tests/r6-scene.test.js,242,242,MethodDeclaration,onGroupParticipantUpdate,false,SceneCore
tests/r6-scene.test.js,243,243,MethodDeclaration,onConnectionState,false,SceneCore
tests/r6-scene.test.js,244,244,MethodDeclaration,sendText,false,SceneCore
tests/r6-scene.test.js,245,245,MethodDeclaration,getGroupMetadata,false,SceneCore
tests/r6-scene.test.js,246,246,MethodDeclaration,getGroupInviteLink,false,SceneCore
tests/r6-scene.test.js,247,247,MethodDeclaration,start,false,SceneCore
tests/r6-scene.test.js,248,248,MethodDeclaration,close,false,SceneCore
tests/r6-scene.test.js,249,249,MethodDeclaration,emitMessage,false,SceneCore
tests/r6-scene.test.js,252,254,FunctionDeclaration,groupMessage,false,
tests/r6-scene.test.js,257,257,VariableDeclaration,databasePath,false,
tests/r6-scene.test.js,258,258,VariableDeclaration,core,false,
tests/r6-scene.test.js,259,259,VariableDeclaration,guardrails,false,
tests/r6-scene.test.js,260,260,VariableDeclaration,scenes,false,
tests/r6-scene.test.js,261,268,VariableDeclaration,services,false,
tests/r6-scene.test.js,262,266,MethodDeclaration,get,false,
tests/r6-scene.test.js,267,267,MethodDeclaration,has,false,
tests/r6-scene.test.js,269,269,VariableDeclaration,app,false,
tests/r6-scene.test.js,283,283,VariableDeclaration,sceneId,false,
tests/r8-group-governance.test.js,13,13,VariableDeclaration,logger,false,
tests/r8-group-governance.test.js,14,14,VariableDeclaration,groupA,false,
tests/r8-group-governance.test.js,15,15,VariableDeclaration,groupB,false,
tests/r8-group-governance.test.js,16,16,VariableDeclaration,adminJid,false,
tests/r8-group-governance.test.js,17,17,VariableDeclaration,userA,false,
tests/r8-group-governance.test.js,18,18,VariableDeclaration,userB,false,
tests/r8-group-governance.test.js,19,19,VariableDeclaration,botJid,false,
tests/r8-group-governance.test.js,20,20,VariableDeclaration,initialNow,false,
tests/r8-group-governance.test.js,22,24,FunctionDeclaration,tempDatabase,false,
tests/r8-group-governance.test.js,26,31,FunctionDeclaration,cleanupDatabase,false,
tests/r8-group-governance.test.js,33,35,FunctionDeclaration,serviceContext,false,
tests/r8-group-governance.test.js,37,70,ClassDeclaration,GovernanceCore,false,
tests/r8-group-governance.test.js,59,59,MethodDeclaration,onMessage,false,GovernanceCore
tests/r8-group-governance.test.js,60,60,MethodDeclaration,onGroupParticipantUpdate,false,GovernanceCore
tests/r8-group-governance.test.js,61,61,MethodDeclaration,onConnectionState,false,GovernanceCore
tests/r8-group-governance.test.js,62,62,MethodDeclaration,sendText,false,GovernanceCore
tests/r8-group-governance.test.js,63,63,MethodDeclaration,getGroupMetadata,false,GovernanceCore
tests/r8-group-governance.test.js,64,64,MethodDeclaration,getGroupInviteLink,false,GovernanceCore
tests/r8-group-governance.test.js,65,65,MethodDeclaration,groupRevokeInvite,false,GovernanceCore
tests/r8-group-governance.test.js,66,66,MethodDeclaration,groupParticipantsUpdate,false,GovernanceCore
tests/r8-group-governance.test.js,67,67,MethodDeclaration,start,false,GovernanceCore
tests/r8-group-governance.test.js,68,68,MethodDeclaration,close,false,GovernanceCore
tests/r8-group-governance.test.js,69,69,MethodDeclaration,emitMessage,false,GovernanceCore
tests/r8-group-governance.test.js,72,90,FunctionDeclaration,createFixture,false,
tests/r8-group-governance.test.js,73,73,VariableDeclaration,databasePath,false,createFixture
tests/r8-group-governance.test.js,74,74,VariableDeclaration,now,false,createFixture
tests/r8-group-governance.test.js,75,75,VariableDeclaration,guardrails,false,createFixture
tests/r8-group-governance.test.js,76,76,VariableDeclaration,governance,false,createFixture
tests/r8-group-governance.test.js,77,84,VariableDeclaration,services,false,createFixture
tests/r8-group-governance.test.js,78,82,MethodDeclaration,get,false,createFixture
tests/r8-group-governance.test.js,83,83,MethodDeclaration,has,false,createFixture
tests/r8-group-governance.test.js,88,88,VariableDeclaration,whatsapp,false,createFixture
tests/r8-group-governance.test.js,89,89,MethodDeclaration,advance,false,createFixture
tests/r8-group-governance.test.js,92,96,FunctionDeclaration,closeFixture,false,
tests/r8-group-governance.test.js,99,99,VariableDeclaration,fixture,false,
tests/r8-group-governance.test.js,111,111,VariableDeclaration,fixture,false,
tests/r8-group-governance.test.js,113,113,VariableDeclaration,draft,false,
tests/r8-group-governance.test.js,115,115,VariableDeclaration,proposed,false,
tests/r8-group-governance.test.js,117,117,VariableDeclaration,approved,false,
tests/r8-group-governance.test.js,128,128,VariableDeclaration,fixture,false,
tests/r8-group-governance.test.js,130,130,VariableDeclaration,draft,false,
tests/r8-group-governance.test.js,132,132,VariableDeclaration,auditText,false,
tests/r8-group-governance.test.js,145,145,VariableDeclaration,fixture,false,
tests/r8-group-governance.test.js,147,147,VariableDeclaration,handoff,false,
tests/r8-group-governance.test.js,149,149,VariableDeclaration,claimed,false,
tests/r8-group-governance.test.js,151,151,VariableDeclaration,expiring,false,
tests/r8-group-governance.test.js,160,160,VariableDeclaration,fixture,false,
tests/r8-group-governance.test.js,162,162,VariableDeclaration,request,false,
tests/r8-group-governance.test.js,163,163,VariableDeclaration,result,false,
tests/r8-group-governance.test.js,167,167,VariableDeclaration,duplicate,false,
tests/r8-group-governance.test.js,176,176,VariableDeclaration,fixture,false,
tests/r8-group-governance.test.js,178,178,VariableDeclaration,request,false,
tests/r8-group-governance.test.js,179,179,VariableDeclaration,stale,false,
tests/r8-group-governance.test.js,182,182,VariableDeclaration,denied,false,
tests/r8-group-governance.test.js,191,191,VariableDeclaration,fixture,false,
tests/r8-group-governance.test.js,193,193,VariableDeclaration,request,false,
tests/r8-group-governance.test.js,194,194,VariableDeclaration,result,false,
tests/r8-group-governance.test.js,204,204,VariableDeclaration,fixture,false,
tests/r8-group-governance.test.js,208,208,VariableDeclaration,preview,false,
tests/r8-group-governance.test.js,209,209,VariableDeclaration,result,false,
tests/r8-group-governance.test.js,212,212,VariableDeclaration,replay,false,
tests/r8-group-governance.test.js,214,214,VariableDeclaration,auditText,false,
tests/r8-group-governance.test.js,222,222,VariableDeclaration,fixture,false,
tests/r8-group-governance.test.js,224,224,VariableDeclaration,preview,false,
tests/r8-group-governance.test.js,226,226,VariableDeclaration,result,false,
tests/r8-group-governance.test.js,234,234,VariableDeclaration,fixture,false,
tests/r8-group-governance.test.js,236,236,VariableDeclaration,draft,false,
tests/r8-group-governance.test.js,237,237,VariableDeclaration,handoff,false,
tests/r8-group-governance.test.js,238,238,VariableDeclaration,request,false,
tests/r8-group-governance.test.js,251,251,VariableDeclaration,databasePath,false,
tests/r8-group-governance.test.js,252,252,VariableDeclaration,core,false,
tests/r8-group-governance.test.js,253,253,VariableDeclaration,guardrails,false,
tests/r8-group-governance.test.js,254,254,VariableDeclaration,governance,false,
tests/r8-group-governance.test.js,255,262,VariableDeclaration,services,false,
tests/r8-group-governance.test.js,256,260,MethodDeclaration,get,false,
tests/r8-group-governance.test.js,261,261,MethodDeclaration,has,false,
tests/r8-group-governance.test.js,263,263,VariableDeclaration,app,false,
tests/recovery-rehearsal.test.js,10,16,VariableDeclaration,logger,false,
tests/recovery-rehearsal.test.js,11,11,MethodDeclaration,child,false,
tests/recovery-rehearsal.test.js,12,12,MethodDeclaration,info,false,
tests/recovery-rehearsal.test.js,13,13,MethodDeclaration,warn,false,
tests/recovery-rehearsal.test.js,14,14,MethodDeclaration,error,false,
tests/recovery-rehearsal.test.js,15,15,MethodDeclaration,debug,false,
tests/recovery-rehearsal.test.js,18,31,VariableDeclaration,missionRecord,false,
tests/recovery-rehearsal.test.js,34,34,VariableDeclaration,directory,false,
tests/recovery-rehearsal.test.js,35,35,VariableDeclaration,databasePath,false,
tests/recovery-rehearsal.test.js,36,36,VariableDeclaration,backupPath,false,
tests/recovery-rehearsal.test.js,37,37,VariableDeclaration,primaryDb,false,
tests/recovery-rehearsal.test.js,38,38,VariableDeclaration,missionStore,false,
tests/recovery-rehearsal.test.js,39,39,VariableDeclaration,guardrails,false,
tests/recovery-rehearsal.test.js,58,58,VariableDeclaration,restoredDb,false,
tests/recovery-rehearsal.test.js,59,59,VariableDeclaration,restoredStore,false,
tests/recovery-rehearsal.test.js,61,66,VariableDeclaration,tableCounts,false,
tests/recovery-rehearsal.test.js,72,72,VariableDeclaration,restoredGuardrails,false,
tests/redis-services.test.js,6,6,VariableDeclaration,config,false,
tests/redis-services.test.js,9,9,VariableDeclaration,service,false,
tests/redis-services.test.js,13,13,MethodDeclaration,info,false,
tests/redis-services.test.js,13,13,MethodDeclaration,error,false,
tests/redis-services.test.js,13,13,MethodDeclaration,debug,false,
tests/redis-services.test.js,19,19,VariableDeclaration,service,false,
tests/redis-services.test.js,22,22,VariableDeclaration,val,false,
tests/redis-services.test.js,25,25,VariableDeclaration,saved,false,
tests/redis-services.test.js,30,30,VariableDeclaration,dedupe,false,
tests/redis-services.test.js,34,72,ClassDeclaration,FakeRedisClient,false,
tests/redis-services.test.js,39,39,MethodDeclaration,ping,false,FakeRedisClient
tests/redis-services.test.js,40,47,MethodDeclaration,get,false,FakeRedisClient
tests/redis-services.test.js,41,41,VariableDeclaration,expiresAt,false,get
tests/redis-services.test.js,48,58,MethodDeclaration,set,false,FakeRedisClient
tests/redis-services.test.js,49,49,VariableDeclaration,nx,false,set
tests/redis-services.test.js,51,51,VariableDeclaration,ttl,false,set
tests/redis-services.test.js,52,52,VariableDeclaration,exIndex,false,set
tests/redis-services.test.js,59,59,MethodDeclaration,del,false,FakeRedisClient
tests/redis-services.test.js,60,71,MethodDeclaration,eval,false,FakeRedisClient
tests/redis-services.test.js,74,81,FunctionDeclaration,loggerCapturing,false,
tests/redis-services.test.js,76,76,MethodDeclaration,info,false,loggerCapturing
tests/redis-services.test.js,77,77,MethodDeclaration,warn,false,loggerCapturing
tests/redis-services.test.js,78,78,MethodDeclaration,debug,false,loggerCapturing
tests/redis-services.test.js,79,79,MethodDeclaration,error,false,loggerCapturing
tests/redis-services.test.js,84,84,VariableDeclaration,client,false,
tests/redis-services.test.js,85,88,VariableDeclaration,service,false,
tests/redis-services.test.js,91,91,VariableDeclaration,first,false,
tests/redis-services.test.js,97,97,VariableDeclaration,second,false,
tests/redis-services.test.js,104,104,VariableDeclaration,third,false,
tests/redis-services.test.js,115,115,VariableDeclaration,client,false,
tests/redis-services.test.js,116,116,VariableDeclaration,sets,false,
tests/redis-services.test.js,117,123,VariableDeclaration,instrumented,false,
tests/redis-services.test.js,119,122,MethodDeclaration,set,false,
tests/redis-services.test.js,124,127,VariableDeclaration,service,false,
tests/redis-services.test.js,130,130,VariableDeclaration,lease,false,
tests/redis-services.test.js,141,141,VariableDeclaration,events,false,
tests/redis-services.test.js,142,149,VariableDeclaration,failing,false,
tests/redis-services.test.js,150,153,VariableDeclaration,service,false,
tests/redis-services.test.js,154,154,VariableDeclaration,logger,false,
tests/redis-services.test.js,174,174,VariableDeclaration,warns,false,
tests/redis-services.test.js,176,176,VariableDeclaration,operations,false,
tests/redis-services.test.js,177,177,VariableDeclaration,expected,false,
tests/redis-services.test.js,180,180,VariableDeclaration,serialized,false,
tests/redis-services.test.js,184,184,VariableDeclaration,warn,false,
tests/release-manifest.test.js,9,9,VariableDeclaration,root,false,
tests/release-manifest.test.js,11,31,FunctionDeclaration,runGenerator,false,
tests/release-manifest.test.js,12,28,VariableDeclaration,output,false,runGenerator
tests/release-manifest.test.js,22,22,VariableDeclaration,hermetic,false,runGenerator
tests/release-manifest.test.js,33,35,FunctionDeclaration,sha256,false,
tests/release-manifest.test.js,40,46,FunctionDeclaration,withArtifactDirectory,false,
tests/release-manifest.test.js,41,41,VariableDeclaration,directory,false,withArtifactDirectory
tests/release-manifest.test.js,48,58,FunctionDeclaration,prepareArtifactFiles,false,
tests/release-manifest.test.js,61,61,VariableDeclaration,directory,false,
tests/release-manifest.test.js,62,62,VariableDeclaration,manifest,false,
tests/release-manifest.test.js,75,75,VariableDeclaration,paths,false,
tests/release-manifest.test.js,85,85,VariableDeclaration,entry,false,
tests/release-manifest.test.js,100,102,VariableDeclaration,outOfAllowlist,false,
tests/release-manifest.test.js,108,110,VariableDeclaration,forbiddenCredential,false,
tests/release-manifest.test.js,116,119,VariableDeclaration,sessionDatabase,false,
tests/release-manifest.test.js,127,127,VariableDeclaration,directory,false,
tests/release-manifest.test.js,129,129,VariableDeclaration,first,false,
tests/runtime-acceptance.test.js,7,7,VariableDeclaration,logger,false,
tests/runtime-acceptance.test.js,9,75,FunctionDeclaration,createFakeWhatsapp,false,
tests/runtime-acceptance.test.js,10,10,VariableDeclaration,messageListeners,false,createFakeWhatsapp
tests/runtime-acceptance.test.js,11,11,VariableDeclaration,groupParticipantListeners,false,createFakeWhatsapp
tests/runtime-acceptance.test.js,12,12,VariableDeclaration,connectionListeners,false,createFakeWhatsapp
tests/runtime-acceptance.test.js,13,13,VariableDeclaration,sentTexts,false,createFakeWhatsapp
tests/runtime-acceptance.test.js,14,14,VariableDeclaration,sentQuickReplies,false,createFakeWhatsapp
tests/runtime-acceptance.test.js,15,15,VariableDeclaration,sentLocations,false,createFakeWhatsapp
tests/runtime-acceptance.test.js,16,24,VariableDeclaration,metadata,false,createFakeWhatsapp
tests/runtime-acceptance.test.js,33,39,MethodDeclaration,onMessage,false,createFakeWhatsapp
tests/runtime-acceptance.test.js,36,36,VariableDeclaration,index,false,onMessage
tests/runtime-acceptance.test.js,40,46,MethodDeclaration,onGroupParticipantUpdate,false,createFakeWhatsapp
tests/runtime-acceptance.test.js,43,43,VariableDeclaration,index,false,onGroupParticipantUpdate
tests/runtime-acceptance.test.js,47,53,MethodDeclaration,onConnectionState,false,createFakeWhatsapp
tests/runtime-acceptance.test.js,50,50,VariableDeclaration,index,false,onConnectionState
tests/runtime-acceptance.test.js,54,56,MethodDeclaration,sendText,false,createFakeWhatsapp
tests/runtime-acceptance.test.js,57,59,MethodDeclaration,sendNativeQuickReplies,false,createFakeWhatsapp
tests/runtime-acceptance.test.js,60,62,MethodDeclaration,sendLocation,false,createFakeWhatsapp
tests/runtime-acceptance.test.js,63,65,MethodDeclaration,getGroupMetadata,false,createFakeWhatsapp
tests/runtime-acceptance.test.js,66,66,MethodDeclaration,start,false,createFakeWhatsapp
tests/runtime-acceptance.test.js,67,67,MethodDeclaration,close,false,createFakeWhatsapp
tests/runtime-acceptance.test.js,68,70,MethodDeclaration,emitMessage,false,createFakeWhatsapp
tests/runtime-acceptance.test.js,69,69,VariableDeclaration,listener,false,emitMessage
tests/runtime-acceptance.test.js,71,73,MethodDeclaration,emitConnectionState,false,createFakeWhatsapp
tests/runtime-acceptance.test.js,72,72,VariableDeclaration,listener,false,emitConnectionState
tests/runtime-acceptance.test.js,77,86,FunctionDeclaration,message,false,
tests/runtime-acceptance.test.js,88,101,FunctionDeclaration,createFramework,false,
tests/runtime-acceptance.test.js,104,104,VariableDeclaration,whatsapp,false,
tests/runtime-acceptance.test.js,105,105,VariableDeclaration,framework,false,
tests/runtime-acceptance.test.js,106,106,VariableDeclaration,executions,false,
tests/runtime-acceptance.test.js,110,120,MethodDeclaration,load,false,
tests/runtime-acceptance.test.js,135,135,VariableDeclaration,whatsapp,false,
tests/runtime-acceptance.test.js,136,136,VariableDeclaration,framework,false,
tests/runtime-acceptance.test.js,137,137,VariableDeclaration,executions,false,
tests/runtime-acceptance.test.js,141,147,MethodDeclaration,load,false,
tests/runtime-acceptance.test.js,161,161,VariableDeclaration,whatsapp,false,
tests/runtime-acceptance.test.js,162,164,VariableDeclaration,framework,false,
tests/runtime-acceptance.test.js,165,165,VariableDeclaration,executions,false,
tests/runtime-acceptance.test.js,169,175,MethodDeclaration,load,false,
tests/runtime-acceptance.test.js,190,190,VariableDeclaration,whatsapp,false,
tests/runtime-acceptance.test.js,191,191,VariableDeclaration,framework,false,
tests/runtime-acceptance.test.js,194,201,MethodDeclaration,load,false,
tests/runtime-acceptance.test.js,225,225,VariableDeclaration,whatsapp,false,
tests/runtime-acceptance.test.js,226,226,VariableDeclaration,framework,false,
tests/runtime-acceptance.test.js,229,234,MethodDeclaration,load,false,
tests/runtime-acceptance.test.js,247,247,VariableDeclaration,whatsapp,false,
tests/runtime-acceptance.test.js,248,248,VariableDeclaration,framework,false,
tests/runtime-acceptance.test.js,249,249,VariableDeclaration,received,false,
tests/runtime-acceptance.test.js,250,250,VariableDeclaration,executions,false,
tests/runtime-acceptance.test.js,254,261,MethodDeclaration,load,false,
tests/sentry.test.js,7,7,VariableDeclaration,config,false,
tests/sentry.test.js,8,8,VariableDeclaration,reporter,false,
tests/sentry.test.js,17,17,VariableDeclaration,exposed,false,
tests/sentry.test.js,50,56,VariableDeclaration,config,false,
tests/sentry.test.js,64,64,VariableDeclaration,listeners,false,
tests/sentry.test.js,65,65,VariableDeclaration,errors,false,
tests/sentry.test.js,66,66,VariableDeclaration,messages,false,
tests/sentry.test.js,67,72,VariableDeclaration,reporter,false,
tests/sentry.test.js,73,73,VariableDeclaration,{ createSentryPlugin },false,
tests/sentry.test.js,74,74,VariableDeclaration,plugin,false,
tests/storage.test.js,10,10,VariableDeclaration,logger,false,
tests/storage.test.js,12,30,FunctionDeclaration,createStorage,false,
tests/storage.test.js,13,13,VariableDeclaration,directory,false,createStorage
tests/storage.test.js,14,14,VariableDeclaration,databasePath,false,createStorage
tests/storage.test.js,15,28,VariableDeclaration,config,false,createStorage
tests/storage.test.js,32,38,FunctionDeclaration,message,false,
tests/storage.test.js,41,41,VariableDeclaration,"{ storage, directory }",false,
tests/storage.test.js,49,49,VariableDeclaration,stats,false,
tests/storage.test.js,65,65,VariableDeclaration,"{ storage, directory }",false,
tests/storage.test.js,68,68,VariableDeclaration,prune,false,
tests/stub-feature-disable.test.js,22,22,VariableDeclaration,logger,false,
tests/stub-feature-disable.test.js,23,23,VariableDeclaration,groupJid,false,
tests/stub-feature-disable.test.js,24,24,VariableDeclaration,memberJid,false,
tests/stub-feature-disable.test.js,25,25,VariableDeclaration,botJid,false,
tests/stub-feature-disable.test.js,27,31,VariableDeclaration,REFUSAL,false,
tests/stub-feature-disable.test.js,33,42,FunctionDeclaration,whatsappStub,false,
tests/stub-feature-disable.test.js,34,34,VariableDeclaration,sent,false,whatsappStub
tests/stub-feature-disable.test.js,38,38,MethodDeclaration,sendText,false,whatsappStub
tests/stub-feature-disable.test.js,39,39,MethodDeclaration,sendNativeQuickReplies,false,whatsappStub
tests/stub-feature-disable.test.js,40,40,MethodDeclaration,getGroupMetadata,false,whatsappStub
tests/stub-feature-disable.test.js,44,46,FunctionDeclaration,emptyServices,false,
tests/stub-feature-disable.test.js,48,53,FunctionDeclaration,stubEconomyService,false,
tests/stub-feature-disable.test.js,50,50,VariableDeclaration,service,false,stubEconomyService
tests/stub-feature-disable.test.js,55,59,FunctionDeclaration,stubGroupContextService,false,
tests/stub-feature-disable.test.js,56,56,VariableDeclaration,service,false,stubGroupContextService
tests/stub-feature-disable.test.js,61,65,FunctionDeclaration,stubCharacterGuideService,false,
tests/stub-feature-disable.test.js,62,62,VariableDeclaration,service,false,stubCharacterGuideService
tests/stub-feature-disable.test.js,67,92,FunctionDeclaration,loadPlugin,false,
tests/stub-feature-disable.test.js,68,68,VariableDeclaration,commands,false,loadPlugin
tests/stub-feature-disable.test.js,69,73,VariableDeclaration,register,false,loadPlugin
tests/stub-feature-disable.test.js,71,71,VariableDeclaration,alias,false,loadPlugin
tests/stub-feature-disable.test.js,74,74,VariableDeclaration,events,false,loadPlugin
tests/stub-feature-disable.test.js,75,75,VariableDeclaration,messageGates,false,loadPlugin
tests/stub-feature-disable.test.js,76,89,VariableDeclaration,context,false,loadPlugin
tests/stub-feature-disable.test.js,96,111,FunctionDeclaration,runCommand,false,
tests/stub-feature-disable.test.js,97,97,VariableDeclaration,replies,false,runCommand
tests/stub-feature-disable.test.js,98,108,VariableDeclaration,commandContext,false,runCommand
tests/stub-feature-disable.test.js,113,117,FunctionDeclaration,assertAllHidden,false,
tests/stub-feature-disable.test.js,114,114,VariableDeclaration,unique,false,assertAllHidden
tests/stub-feature-disable.test.js,120,120,VariableDeclaration,economyStub,false,
tests/stub-feature-disable.test.js,123,126,VariableDeclaration,economyLive,false,
tests/stub-feature-disable.test.js,130,130,VariableDeclaration,groupContextStub,false,
tests/stub-feature-disable.test.js,133,136,VariableDeclaration,groupContextLive,false,
tests/stub-feature-disable.test.js,140,140,VariableDeclaration,characterStub,false,
tests/stub-feature-disable.test.js,143,146,VariableDeclaration,characterLive,false,
tests/stub-feature-disable.test.js,152,152,VariableDeclaration,{ commands },false,
tests/stub-feature-disable.test.js,153,153,VariableDeclaration,name,false,
tests/stub-feature-disable.test.js,158,158,VariableDeclaration,name,false,
tests/stub-feature-disable.test.js,159,159,VariableDeclaration,replies,false,
tests/stub-feature-disable.test.js,165,165,VariableDeclaration,disabled,false,
tests/stub-feature-disable.test.js,167,167,VariableDeclaration,{ commands },false,
tests/stub-feature-disable.test.js,172,176,VariableDeclaration,"{ commands, messageGates }",false,
tests/stub-feature-disable.test.js,177,177,VariableDeclaration,name,false,
tests/stub-feature-disable.test.js,186,186,VariableDeclaration,name,false,
tests/stub-feature-disable.test.js,187,187,VariableDeclaration,replies,false,
tests/stub-feature-disable.test.js,193,193,VariableDeclaration,disabled,false,
tests/stub-feature-disable.test.js,195,195,VariableDeclaration,"{ commands, messageGates }",false,
tests/stub-feature-disable.test.js,201,201,VariableDeclaration,whatsapp,false,
tests/stub-feature-disable.test.js,202,206,VariableDeclaration,"{ commands, events }",false,
tests/stub-feature-disable.test.js,207,207,VariableDeclaration,name,false,
tests/stub-feature-disable.test.js,221,221,VariableDeclaration,name,false,
tests/stub-feature-disable.test.js,222,222,VariableDeclaration,replies,false,
tests/stub-feature-disable.test.js,234,234,VariableDeclaration,disabled,false,
tests/stub-feature-disable.test.js,236,240,VariableDeclaration,{ commands },false,
tests/stub-feature-disable.test.js,245,245,VariableDeclaration,whatsapp,false,
tests/stub-feature-disable.test.js,246,246,VariableDeclaration,events,false,
tests/stub-feature-disable.test.js,247,247,VariableDeclaration,services,false,
tests/stub-feature-disable.test.js,248,248,VariableDeclaration,registry,false,
tests/stub-feature-disable.test.js,252,252,VariableDeclaration,economy,false,
tests/stub-feature-disable.test.js,262,262,VariableDeclaration,mainBody,false,
tests/stub-feature-disable.test.js,264,264,VariableDeclaration,hidden,false,
tests/stub-feature-disable.test.js,272,272,VariableDeclaration,categoryBody,false,
tests/stub-feature-disable.test.js,274,274,VariableDeclaration,hidden,false,
tests/suggestion-relay.test.js,12,12,VariableDeclaration,logger,false,
tests/suggestion-relay.test.js,14,14,VariableDeclaration,groupJid,false,
tests/suggestion-relay.test.js,15,15,VariableDeclaration,otherGroupJid,false,
tests/suggestion-relay.test.js,16,16,VariableDeclaration,adminJid,false,
tests/suggestion-relay.test.js,17,17,VariableDeclaration,memberJid,false,
tests/suggestion-relay.test.js,18,18,VariableDeclaration,otherMemberJid,false,
tests/suggestion-relay.test.js,20,30,FunctionDeclaration,fakeWhatsappFor,false,
tests/suggestion-relay.test.js,24,28,MethodDeclaration,getGroupMetadata,false,fakeWhatsappFor
tests/suggestion-relay.test.js,25,25,VariableDeclaration,participants,false,getGroupMetadata
tests/suggestion-relay.test.js,32,34,FunctionDeclaration,serviceContext,false,
tests/suggestion-relay.test.js,39,72,FunctionDeclaration,createFixture,false,
tests/suggestion-relay.test.js,40,40,VariableDeclaration,databasePath,false,createFixture
tests/suggestion-relay.test.js,41,41,VariableDeclaration,now,false,createFixture
tests/suggestion-relay.test.js,42,42,VariableDeclaration,clock,false,createFixture
tests/suggestion-relay.test.js,43,43,VariableDeclaration,guardrails,false,createFixture
tests/suggestion-relay.test.js,44,44,VariableDeclaration,scenes,false,createFixture
tests/suggestion-relay.test.js,45,45,VariableDeclaration,knowledge,false,createFixture
tests/suggestion-relay.test.js,46,46,VariableDeclaration,suggestions,false,createFixture
tests/suggestion-relay.test.js,47,56,VariableDeclaration,services,false,createFixture
tests/suggestion-relay.test.js,48,54,MethodDeclaration,get,false,createFixture
tests/suggestion-relay.test.js,55,55,MethodDeclaration,has,false,createFixture
tests/suggestion-relay.test.js,57,57,VariableDeclaration,context,false,createFixture
tests/suggestion-relay.test.js,70,70,MethodDeclaration,advance,false,createFixture
tests/suggestion-relay.test.js,74,80,FunctionDeclaration,closeFixture,false,
tests/suggestion-relay.test.js,85,94,FunctionDeclaration,primeGroup,false,
tests/suggestion-relay.test.js,88,88,VariableDeclaration,scene,false,primeGroup
tests/suggestion-relay.test.js,92,92,VariableDeclaration,source,false,primeGroup
tests/suggestion-relay.test.js,96,106,FunctionDeclaration,requestInput,false,
tests/suggestion-relay.test.js,109,109,VariableDeclaration,fixture,false,
tests/suggestion-relay.test.js,111,111,VariableDeclaration,"{ scene, source }",false,
tests/suggestion-relay.test.js,114,116,VariableDeclaration,denied,false,
tests/suggestion-relay.test.js,121,121,VariableDeclaration,nonAdmin,false,
tests/suggestion-relay.test.js,125,125,VariableDeclaration,enabled,false,
tests/suggestion-relay.test.js,134,134,VariableDeclaration,providerTexts,false,
tests/suggestion-relay.test.js,135,140,VariableDeclaration,fixture,false,
tests/suggestion-relay.test.js,142,142,VariableDeclaration,"{ scene, source }",false,
tests/suggestion-relay.test.js,145,147,VariableDeclaration,result,false,
tests/suggestion-relay.test.js,156,156,VariableDeclaration,serializedProviderInput,false,
tests/suggestion-relay.test.js,162,162,VariableDeclaration,record,false,
tests/suggestion-relay.test.js,174,174,VariableDeclaration,withContent,false,
tests/suggestion-relay.test.js,176,176,VariableDeclaration,withoutContent,false,
tests/suggestion-relay.test.js,184,186,FunctionDeclaration,sourceCreatorJid,false,
tests/suggestion-relay.test.js,189,189,VariableDeclaration,providerCalls,false,
tests/suggestion-relay.test.js,190,195,VariableDeclaration,fixture,false,
tests/suggestion-relay.test.js,197,197,VariableDeclaration,"{ scene, source }",false,
tests/suggestion-relay.test.js,200,202,VariableDeclaration,first,false,
tests/suggestion-relay.test.js,207,209,VariableDeclaration,replay,false,
tests/suggestion-relay.test.js,216,223,VariableDeclaration,other,false,
tests/suggestion-relay.test.js,231,231,VariableDeclaration,providerCalls,false,
tests/suggestion-relay.test.js,232,237,VariableDeclaration,fixture,false,
tests/suggestion-relay.test.js,239,239,VariableDeclaration,"{ scene, source }",false,
tests/suggestion-relay.test.js,242,244,VariableDeclaration,unknownScene,false,
tests/suggestion-relay.test.js,248,250,VariableDeclaration,ghostSource,false,
tests/suggestion-relay.test.js,254,256,VariableDeclaration,ghostScene,false,
tests/suggestion-relay.test.js,261,261,VariableDeclaration,privateSource,false,
tests/suggestion-relay.test.js,262,264,VariableDeclaration,invisible,false,
tests/suggestion-relay.test.js,274,274,VariableDeclaration,providerCalls,false,
tests/suggestion-relay.test.js,275,281,VariableDeclaration,fixture,false,
tests/suggestion-relay.test.js,283,283,VariableDeclaration,"{ scene, source }",false,
tests/suggestion-relay.test.js,286,288,VariableDeclaration,attempt,false,
tests/suggestion-relay.test.js,291,291,VariableDeclaration,correlationId,false,
tests/suggestion-relay.test.js,292,292,VariableDeclaration,outcome,false,
tests/suggestion-relay.test.js,302,302,VariableDeclaration,openedAudit,false,
tests/suggestion-relay.test.js,307,307,VariableDeclaration,blocked,false,
tests/suggestion-relay.test.js,315,315,VariableDeclaration,recovered,false,
tests/suggestion-relay.test.js,319,319,VariableDeclaration,closedAudit,false,
tests/suggestion-relay.test.js,327,329,VariableDeclaration,fixture,false,
tests/suggestion-relay.test.js,331,331,VariableDeclaration,"{ scene, source }",false,
tests/suggestion-relay.test.js,334,336,VariableDeclaration,ok,false,
tests/suggestion-relay.test.js,342,344,VariableDeclaration,denied,false,
tests/suggestion-relay.test.js,353,357,VariableDeclaration,fixture,false,
tests/suggestion-relay.test.js,359,359,VariableDeclaration,"{ scene, source }",false,
tests/suggestion-relay.test.js,362,364,VariableDeclaration,completed,false,
tests/suggestion-relay.test.js,366,366,VariableDeclaration,recordId,false,
tests/suggestion-relay.test.js,370,372,VariableDeclaration,replay,false,
tests/suggestion-relay.test.js,385,385,VariableDeclaration,redacted,false,
tests/suggestion-relay.test.js,395,395,VariableDeclaration,fixture,false,
tests/suggestion-relay.test.js,397,397,VariableDeclaration,"{ scene, source }",false,
tests/suggestion-relay.test.js,400,400,VariableDeclaration,base,false,
tests/suggestion-relay.test.js,430,430,VariableDeclaration,before,false,
tests/suggestion-relay.test.js,438,438,VariableDeclaration,providerCalls,false,
tests/suggestion-relay.test.js,439,444,VariableDeclaration,fixture,false,
tests/suggestion-relay.test.js,446,446,VariableDeclaration,"{ scene, source }",false,
tests/suggestion-relay.test.js,449,451,VariableDeclaration,attempt,false,
tests/suggestion-relay.test.js,453,453,VariableDeclaration,outcomes,false,
tests/suggestion-relay.test.js,454,454,VariableDeclaration,index,false,
tests/suggestion-relay.test.js,455,455,VariableDeclaration,outcome,false,
tests/suggestion-relay.test.js,464,471,VariableDeclaration,otherActor,false,
tests/suggestion-relay.test.js,482,484,VariableDeclaration,fixture,false,
tests/suggestion-relay.test.js,486,486,VariableDeclaration,"{ scene, source }",false,
tests/suggestion-relay.test.js,490,497,VariableDeclaration,other,false,
tests/suggestion-relay.test.js,506,506,VariableDeclaration,directory,false,
tests/user-friendly-aliases.test.js,11,11,VariableDeclaration,logger,false,
tests/user-friendly-aliases.test.js,12,12,VariableDeclaration,config,false,
tests/user-friendly-aliases.test.js,14,25,FunctionDeclaration,fakeWhatsapp,false,
tests/user-friendly-aliases.test.js,18,18,MethodDeclaration,onMessage,false,fakeWhatsapp
tests/user-friendly-aliases.test.js,19,19,MethodDeclaration,onGroupParticipantUpdate,false,fakeWhatsapp
tests/user-friendly-aliases.test.js,20,20,MethodDeclaration,onConnectionState,false,fakeWhatsapp
tests/user-friendly-aliases.test.js,21,21,MethodDeclaration,sendText,false,fakeWhatsapp
tests/user-friendly-aliases.test.js,22,22,MethodDeclaration,start,false,fakeWhatsapp
tests/user-friendly-aliases.test.js,23,23,MethodDeclaration,close,false,fakeWhatsapp
tests/user-friendly-aliases.test.js,27,37,FunctionDeclaration,collectCommands,false,
tests/user-friendly-aliases.test.js,28,28,VariableDeclaration,commands,false,collectCommands
tests/user-friendly-aliases.test.js,32,32,MethodDeclaration,on,false,collectCommands
tests/user-friendly-aliases.test.js,33,33,MethodDeclaration,register,false,collectCommands
tests/user-friendly-aliases.test.js,34,34,MethodDeclaration,get,false,collectCommands
tests/user-friendly-aliases.test.js,39,42,FunctionDeclaration,assertAlias,false,
tests/user-friendly-aliases.test.js,45,45,VariableDeclaration,whatsapp,false,
tests/user-friendly-aliases.test.js,46,46,VariableDeclaration,knowledge,false,
tests/user-friendly-aliases.test.js,47,47,VariableDeclaration,scene,false,
tests/user-friendly-aliases.test.js,48,48,VariableDeclaration,moderation,false,
tests/user-friendly-aliases.test.js,49,49,VariableDeclaration,safety,false,
tests/user-friendly-aliases.test.js,50,50,VariableDeclaration,governance,false,
tests/user-friendly-aliases.test.js,51,51,VariableDeclaration,ai,false,
tests/utility-fun.test.js,7,7,VariableDeclaration,logger,false,
tests/utility-fun.test.js,8,8,VariableDeclaration,config,false,
tests/utility-fun.test.js,10,27,ClassDeclaration,FakeCore,false,
tests/utility-fun.test.js,18,18,MethodDeclaration,onMessage,false,FakeCore
tests/utility-fun.test.js,19,19,MethodDeclaration,onGroupParticipantUpdate,false,FakeCore
tests/utility-fun.test.js,20,20,MethodDeclaration,onConnectionState,false,FakeCore
tests/utility-fun.test.js,21,21,MethodDeclaration,sendText,false,FakeCore
tests/utility-fun.test.js,22,22,MethodDeclaration,start,false,FakeCore
tests/utility-fun.test.js,23,23,MethodDeclaration,close,false,FakeCore
tests/utility-fun.test.js,24,26,MethodDeclaration,emitMessage,false,FakeCore
tests/utility-fun.test.js,29,40,FunctionDeclaration,message,false,
tests/utility-fun.test.js,46,46,VariableDeclaration,senderSequence,false,
tests/utility-fun.test.js,47,50,FunctionDeclaration,nextSender,false,
tests/utility-fun.test.js,52,63,FunctionDeclaration,createHarness,false,
tests/utility-fun.test.js,53,53,VariableDeclaration,core,false,createHarness
tests/utility-fun.test.js,54,54,VariableDeclaration,app,false,createHarness
tests/utility-fun.test.js,57,61,VariableDeclaration,send,false,createHarness
tests/utility-fun.test.js,58,58,VariableDeclaration,before,false,createHarness
tests/utility-fun.test.js,66,66,VariableDeclaration,harness,false,
tests/utility-fun.test.js,68,68,VariableDeclaration,names,false,
tests/utility-fun.test.js,69,69,VariableDeclaration,name,false,
tests/utility-fun.test.js,83,83,VariableDeclaration,harness,false,
tests/utility-fun.test.js,85,85,VariableDeclaration,[first],false,
tests/utility-fun.test.js,88,88,VariableDeclaration,seen,false,
tests/utility-fun.test.js,89,89,VariableDeclaration,index,false,
tests/utility-fun.test.js,90,90,VariableDeclaration,[reply],false,
tests/utility-fun.test.js,95,95,VariableDeclaration,[missingMax],false,
tests/utility-fun.test.js,99,99,VariableDeclaration,[inverted],false,
tests/utility-fun.test.js,102,102,VariableDeclaration,[nonInteger],false,
tests/utility-fun.test.js,105,105,VariableDeclaration,[outOfBounds],false,
tests/utility-fun.test.js,113,113,VariableDeclaration,harness,false,
tests/utility-fun.test.js,115,115,VariableDeclaration,seen,false,
tests/utility-fun.test.js,116,116,VariableDeclaration,index,false,
tests/utility-fun.test.js,117,117,VariableDeclaration,[reply],false,
tests/utility-fun.test.js,122,122,VariableDeclaration,[oneOption],false,
tests/utility-fun.test.js,125,125,VariableDeclaration,many,false,
tests/utility-fun.test.js,126,126,VariableDeclaration,[tooMany],false,
tests/utility-fun.test.js,129,129,VariableDeclaration,[longOption],false,
tests/utility-fun.test.js,132,132,VariableDeclaration,[trimmed],false,
tests/utility-fun.test.js,140,140,VariableDeclaration,harness,false,
tests/utility-fun.test.js,142,142,VariableDeclaration,seen,false,
tests/utility-fun.test.js,143,143,VariableDeclaration,index,false,
tests/utility-fun.test.js,144,144,VariableDeclaration,[reply],false,
tests/utility-fun.test.js,155,155,VariableDeclaration,harness,false,
tests/utility-fun.test.js,157,157,VariableDeclaration,index,false,
tests/utility-fun.test.js,158,158,VariableDeclaration,[reply],false,
tests/utility-fun.test.js,159,159,VariableDeclaration,match,false,
tests/utility-fun.test.js,161,161,VariableDeclaration,dice,false,
tests/utility-fun.test.js,167,167,VariableDeclaration,[alias],false,
tests/utility-fun.test.js,170,170,VariableDeclaration,bad,false,
tests/utility-fun.test.js,171,171,VariableDeclaration,[reply],false,
tests/utility-fun.test.js,180,180,VariableDeclaration,harness,false,
tests/utility-fun.test.js,182,188,VariableDeclaration,truthPool,false,
tests/utility-fun.test.js,189,189,VariableDeclaration,seenTruth,false,
tests/utility-fun.test.js,190,190,VariableDeclaration,index,false,
tests/utility-fun.test.js,191,191,VariableDeclaration,[reply],false,
tests/utility-fun.test.js,196,196,VariableDeclaration,[aliasTruth],false,
tests/utility-fun.test.js,199,205,VariableDeclaration,darePool,false,
tests/utility-fun.test.js,206,206,VariableDeclaration,seenDare,false,
tests/utility-fun.test.js,207,207,VariableDeclaration,index,false,
tests/utility-fun.test.js,208,208,VariableDeclaration,[reply],false,
tests/utility-fun.test.js,213,213,VariableDeclaration,[aliasDare],false,
tests/utility-fun.test.js,221,221,VariableDeclaration,harness,false,
tests/utility-fun.test.js,223,232,VariableDeclaration,answers,false,
tests/utility-fun.test.js,233,233,VariableDeclaration,seen,false,
tests/utility-fun.test.js,234,234,VariableDeclaration,index,false,
tests/utility-fun.test.js,235,235,VariableDeclaration,[reply],false,
tests/utility-fun.test.js,236,236,VariableDeclaration,match,false,
tests/utility-fun.test.js,242,242,VariableDeclaration,[empty],false,
tests/utility-fun.test.js,251,251,VariableDeclaration,harness,false,
tests/utility-fun.test.js,253,253,VariableDeclaration,[help],false,
tests/utility-fun.test.js,260,260,VariableDeclaration,[explicit],false,
tests/utility-fun.test.js,268,268,VariableDeclaration,harness,false,
tests/utility-fun.test.js,270,270,VariableDeclaration,groupJid,false,
tests/utility-fun.test.js,272,272,VariableDeclaration,[privateAttempt],false,
tests/utility-fun.test.js,275,275,VariableDeclaration,[noTarget],false,
tests/utility-fun.test.js,278,278,VariableDeclaration,self,false,
tests/utility-fun.test.js,279,279,VariableDeclaration,[selfChallenge],false,
tests/utility-fun.test.js,287,287,VariableDeclaration,harness,false,
tests/utility-fun.test.js,289,289,VariableDeclaration,groupJid,false,
tests/utility-fun.test.js,290,290,VariableDeclaration,alice,false,
tests/utility-fun.test.js,291,291,VariableDeclaration,bob,false,
tests/utility-fun.test.js,293,293,VariableDeclaration,announcements,false,
tests/utility-fun.test.js,314,314,VariableDeclaration,harness,false,
tests/utility-fun.test.js,316,316,VariableDeclaration,[groupChoice],false,
tests/utility-fun.test.js,319,319,VariableDeclaration,loner,false,
tests/utility-fun.test.js,320,320,VariableDeclaration,[pmNoChallenge],false,
tests/utility-fun.test.js,323,323,VariableDeclaration,[badChoice],false,
tests/utility-fun.test.js,331,331,VariableDeclaration,harness,false,
tests/utility-fun.test.js,333,333,VariableDeclaration,groupJid,false,
tests/utility-fun.test.js,334,334,VariableDeclaration,alice,false,
tests/utility-fun.test.js,335,335,VariableDeclaration,bob,false,
tests/utility-fun.test.js,338,338,VariableDeclaration,[accept],false,
tests/utility-fun.test.js,346,346,VariableDeclaration,[firstChoice],false,
tests/utility-fun.test.js,351,351,VariableDeclaration,resolution,false,
tests/utility-fun.test.js,355,355,VariableDeclaration,entry,false,
tests/utility-fun.test.js,368,368,VariableDeclaration,[stale],false,
tests/utility-fun.test.js,376,376,VariableDeclaration,harness,false,
tests/utility-fun.test.js,378,378,VariableDeclaration,groupJid,false,
tests/utility-fun.test.js,379,379,VariableDeclaration,alice,false,
tests/utility-fun.test.js,380,380,VariableDeclaration,bob,false,
tests/utility-fun.test.js,382,382,VariableDeclaration,[empty],false,
tests/utility-fun.test.js,387,387,VariableDeclaration,[status],false,
tests/utility-fun.test.js,399,399,VariableDeclaration,harness,false,
tests/utility-fun.test.js,401,401,VariableDeclaration,groupJid,false,
tests/utility-fun.test.js,402,402,VariableDeclaration,alice,false,
tests/utility-fun.test.js,403,403,VariableDeclaration,bob,false,
tests/utility-fun.test.js,405,405,VariableDeclaration,[nothing],false,
tests/utility-fun.test.js,409,409,VariableDeclaration,[cancelled],false,
tests/utility-fun.test.js,413,413,VariableDeclaration,[afterCancel],false,
tests/utility.test.js,9,9,VariableDeclaration,logger,false,
tests/utility.test.js,11,23,FunctionDeclaration,fakeWhatsapp,false,
tests/utility.test.js,16,16,MethodDeclaration,onMessage,false,fakeWhatsapp
tests/utility.test.js,17,17,MethodDeclaration,onGroupParticipantUpdate,false,fakeWhatsapp
tests/utility.test.js,18,18,MethodDeclaration,onConnectionState,false,fakeWhatsapp
tests/utility.test.js,19,19,MethodDeclaration,sendText,false,fakeWhatsapp
tests/utility.test.js,20,20,MethodDeclaration,start,false,fakeWhatsapp
tests/utility.test.js,21,21,MethodDeclaration,close,false,fakeWhatsapp
tests/utility.test.js,25,35,FunctionDeclaration,message,false,
tests/utility.test.js,37,44,FunctionDeclaration,createRegistry,false,
tests/utility.test.js,38,38,VariableDeclaration,events,false,createRegistry
tests/utility.test.js,39,39,VariableDeclaration,services,false,createRegistry
tests/utility.test.js,40,40,VariableDeclaration,config,false,createRegistry
tests/utility.test.js,41,41,VariableDeclaration,registry,false,createRegistry
tests/utility.test.js,47,47,VariableDeclaration,registry,false,
tests/utility.test.js,57,57,VariableDeclaration,whatsapp,false,
tests/utility.test.js,58,58,VariableDeclaration,registry,false,
tests/utility.test.js,76,76,VariableDeclaration,whatsapp,false,
tests/utility.test.js,77,77,VariableDeclaration,registry,false,
tests/utility.test.js,89,89,VariableDeclaration,whatsapp,false,
tests/utility.test.js,90,90,VariableDeclaration,registry,false,
tests/utility.test.js,100,100,VariableDeclaration,whatsapp,false,
tests/utility.test.js,101,101,VariableDeclaration,registry,false,
tests/utility.test.js,115,115,VariableDeclaration,whatsapp,false,
tests/utility.test.js,116,116,VariableDeclaration,registry,false,
tests/utility.test.js,139,139,VariableDeclaration,challenger,false,
tests/utility.test.js,140,140,VariableDeclaration,challenged,false,
tests/utility.test.js,147,147,VariableDeclaration,challengeMessages,false,
tests/welcome-leave-context.test.js,15,15,VariableDeclaration,logger,false,
tests/welcome-leave-context.test.js,16,16,VariableDeclaration,groupJid,false,
tests/welcome-leave-context.test.js,18,35,ClassDeclaration,ContextCore,false,
tests/welcome-leave-context.test.js,27,27,MethodDeclaration,onMessage,false,ContextCore
tests/welcome-leave-context.test.js,28,28,MethodDeclaration,onGroupParticipantUpdate,false,ContextCore
tests/welcome-leave-context.test.js,29,29,MethodDeclaration,onConnectionState,false,ContextCore
tests/welcome-leave-context.test.js,30,30,MethodDeclaration,sendText,false,ContextCore
tests/welcome-leave-context.test.js,31,31,MethodDeclaration,getGroupMetadata,false,ContextCore
tests/welcome-leave-context.test.js,32,32,MethodDeclaration,start,false,ContextCore
tests/welcome-leave-context.test.js,33,33,MethodDeclaration,close,false,ContextCore
tests/welcome-leave-context.test.js,34,34,MethodDeclaration,emitParticipants,false,ContextCore
tests/welcome-leave-context.test.js,34,34,VariableDeclaration,listener,false,emitParticipants
tests/welcome-leave-context.test.js,37,68,FunctionDeclaration,createApp,false,
tests/welcome-leave-context.test.js,38,59,VariableDeclaration,groupContext,false,createApp
tests/welcome-leave-context.test.js,45,57,MethodDeclaration,rpc,false,createApp
tests/welcome-leave-context.test.js,60,60,VariableDeclaration,app,false,createApp
tests/welcome-leave-context.test.js,70,78,FunctionDeclaration,participantEvent,false,
tests/welcome-leave-context.test.js,81,81,VariableDeclaration,directory,false,
tests/welcome-leave-context.test.js,82,82,VariableDeclaration,core,false,
tests/welcome-leave-context.test.js,83,83,VariableDeclaration,app,false,
tests/whatsapp-interaction.test.js,5,5,VariableDeclaration,message,false,
tests/whatsapp-interaction.test.js,17,17,VariableDeclaration,connection,false,
tests/whatsapp-interaction.test.js,18,18,VariableDeclaration,messages,false,
tests/whatsapp-interaction.test.js,52,52,VariableDeclaration,logger,false,
tests/whatsapp-interaction.test.js,52,52,MethodDeclaration,debug,false,
tests/whatsapp-interaction.test.js,53,53,VariableDeclaration,connection,false,
tests/whatsapp-interaction.test.js,54,54,VariableDeclaration,calls,false,
tests/whatsapp-interaction.test.js,55,55,VariableDeclaration,sent,false,
tests/whatsapp-interaction.test.js,80,80,VariableDeclaration,connection,false,
tests/whatsapp-interaction.test.js,80,80,MethodDeclaration,debug,false,
tests/whatsapp-interaction.test.js,91,91,VariableDeclaration,logs,false,
tests/whatsapp-interaction.test.js,92,94,VariableDeclaration,connection,false,
tests/whatsapp-interaction.test.js,93,93,MethodDeclaration,debug,false,
tests/whatsapp-interaction.test.js,111,111,VariableDeclaration,connection,false,
tests/whatsapp-interaction.test.js,112,112,VariableDeclaration,messages,false,
tests/whatsapp-media.test.js,5,7,FunctionDeclaration,logger,false,
tests/whatsapp-media.test.js,6,6,MethodDeclaration,debug,false,logger
tests/whatsapp-media.test.js,6,6,MethodDeclaration,warn,false,logger
tests/whatsapp-media.test.js,10,10,VariableDeclaration,connection,false,
tests/whatsapp-media.test.js,11,11,VariableDeclaration,received,false,
tests/whatsapp-media.test.js,56,56,VariableDeclaration,content,false,
tests/whatsapp-media.test.js,57,57,VariableDeclaration,connection,false,
tests/whatsapp-media.test.js,70,70,VariableDeclaration,sent,false,
tests/whatsapp-media.test.js,71,71,VariableDeclaration,connection,false,
tests/whatsapp-native.test.js,6,12,FunctionDeclaration,createConnection,false,
tests/whatsapp-native.test.js,7,7,VariableDeclaration,storage,false,createConnection
tests/whatsapp-native.test.js,8,8,VariableDeclaration,logger,false,createConnection
tests/whatsapp-native.test.js,9,9,VariableDeclaration,connection,false,createConnection
tests/whatsapp-native.test.js,14,24,FunctionDeclaration,createSocket,false,
tests/whatsapp-native.test.js,15,15,VariableDeclaration,calls,false,createSocket
tests/whatsapp-native.test.js,19,22,MethodDeclaration,relayMessage,false,createSocket
tests/whatsapp-native.test.js,27,27,VariableDeclaration,connection,false,
tests/whatsapp-native.test.js,28,28,VariableDeclaration,socket,false,
tests/whatsapp-native.test.js,38,38,VariableDeclaration,[call],false,
tests/whatsapp-native.test.js,50,50,VariableDeclaration,connection,false,
tests/whatsapp-native.test.js,51,51,VariableDeclaration,socket,false,
tests/whatsapp-native.test.js,61,61,VariableDeclaration,[call],false,
tests/xkiro-ai.test.js,17,17,VariableDeclaration,logger,false,
tests/xkiro-ai.test.js,19,42,ClassDeclaration,FakeCore,false,
tests/xkiro-ai.test.js,27,27,MethodDeclaration,onMessage,false,FakeCore
tests/xkiro-ai.test.js,28,28,MethodDeclaration,onGroupParticipantUpdate,false,FakeCore
tests/xkiro-ai.test.js,29,29,MethodDeclaration,onConnectionState,false,FakeCore
tests/xkiro-ai.test.js,30,30,MethodDeclaration,sendText,false,FakeCore
tests/xkiro-ai.test.js,31,34,MethodDeclaration,start,false,FakeCore
tests/xkiro-ai.test.js,35,38,MethodDeclaration,close,false,FakeCore
tests/xkiro-ai.test.js,39,41,MethodDeclaration,emitMessage,false,FakeCore
tests/xkiro-ai.test.js,44,46,FunctionDeclaration,request,false,
tests/xkiro-ai.test.js,49,49,VariableDeclaration,calls,false,
tests/xkiro-ai.test.js,50,56,VariableDeclaration,handler,false,
tests/xkiro-ai.test.js,63,63,VariableDeclaration,calls,false,
tests/xkiro-ai.test.js,64,72,VariableDeclaration,handler,false,
tests/xkiro-ai.test.js,79,79,VariableDeclaration,calls,false,
tests/xkiro-ai.test.js,80,86,VariableDeclaration,handler,false,
tests/xkiro-ai.test.js,93,93,VariableDeclaration,logs,false,
tests/xkiro-ai.test.js,94,94,VariableDeclaration,secretError,false,
tests/xkiro-ai.test.js,95,100,VariableDeclaration,handler,false,
tests/xkiro-ai.test.js,98,98,MethodDeclaration,warn,false,
tests/xkiro-ai.test.js,112,112,VariableDeclaration,missingKeyHandler,false,
tests/xkiro-ai.test.js,115,115,VariableDeclaration,handler,false,
tests/xkiro-ai.test.js,121,121,VariableDeclaration,handler,false,
tests/xkiro-ai.test.js,122,122,VariableDeclaration,output,false,
tests/xkiro-ai.test.js,141,141,VariableDeclaration,core,false,
tests/xkiro-ai.test.js,142,142,VariableDeclaration,app,false,
tests/xkiro-ai.test.js,143,143,VariableDeclaration,calls,false,
tests/xkiro-ai.test.js,159,159,VariableDeclaration,dotCore,false,
tests/xkiro-ai.test.js,160,160,VariableDeclaration,dotApp,false,
